"station_id","name","lat","lon","capacity","num_bikes_available","num_docks_available","land","stadt","anbieter","timestamp"
"4728239","Kurt-Schumacher-Ring (Campus Ost)",50.080828,8.21809,12,17,0,"DE","Wiesbaden","nextbike","2026-08-28 00:09:06"
"4775065","Bertramstraße (Campus)",50.07956,8.23052,NA,11,0,"DE","Wiesbaden","nextbike","2026-08-28 00:09:06"
"4775074","Dern’sches Gelände",50.080666,8.24349,NA,1,0,"DE","Wiesbaden","nextbike","2026-08-28 00:09:06"
"4775082","Dürerplatz",50.08564,8.225514,NA,2,0,"DE","Wiesbaden","nextbike","2026-08-28 00:09:06"
"4775087","Eltviller Straße",50.076546,8.226448,NA,0,0,"DE","Wiesbaden","nextbike","2026-08-28 00:09:06"
"4775102","Friedrich-Naumann-Straße (Studierendenwohnheim)",50.082972,8.21962,NA,1,0,"DE","Wiesbaden","nextbike","2026-08-28 00:09:06"
"4775108","Gneisenaustraße",50.079672,8.224286,NA,0,0,"DE","Wiesbaden","nextbike","2026-08-28 00:09:06"
"4775113","Herderstraße",50.074514,8.233523,NA,4,0,"DE","Wiesbaden","nextbike","2026-08-28 00:09:06"
"4775117","Kurt-Schumacher-Ring (Campus Mitte)",50.080501,8.216786,4,10,0,"DE","Wiesbaden","nextbike","2026-08-28 00:09:06"
"4775126","Platz der Deutschen Einheit",50.07978,8.2347,NA,2,0,"DE","Wiesbaden","nextbike","2026-08-28 00:09:06"
"4775132","Saalgasse ",50.08674,8.24166,NA,3,0,"DE","Wiesbaden","nextbike","2026-08-28 00:09:06"
"4775141","Sedanplatz",50.082866,8.228803,NA,3,0,"DE","Wiesbaden","nextbike","2026-08-28 00:09:06"
"4775153","Unter den Eichen (Campus) ",50.0957,8.21618,8,15,0,"DE","Wiesbaden","nextbike","2026-08-28 00:09:06"
"4775162","Webergasse",50.08464,8.2426,NA,1,0,"DE","Wiesbaden","nextbike","2026-08-28 00:09:06"
"4880650","Loreleiring",50.07763,8.22064,NA,0,0,"DE","Wiesbaden","nextbike","2026-08-28 00:09:06"
"5029668","Raiffeisenplatz",50.067305,8.273746,NA,1,0,"DE","Wiesbaden","nextbike","2026-08-28 00:09:06"
"5029742","Abraham-Lincoln-Park",50.06291,8.27154,NA,2,0,"DE","Wiesbaden","nextbike","2026-08-28 00:09:06"
"5301942","Frankfurter Straße",50.073805,8.255228,NA,4,0,"DE","Wiesbaden","nextbike","2026-08-28 00:09:06"
"53173847","Neroberg Talstation",50.094966,8.226126,NA,5,0,"DE","Wiesbaden","nextbike","2026-08-28 00:09:06"
"53279454","Nerotal",50.091216,8.236082,NA,2,0,"DE","Wiesbaden","nextbike","2026-08-28 00:09:06"
"53697507","Mainzer Straße",50.058507,8.255213,NA,6,0,"DE","Wiesbaden","nextbike","2026-08-28 00:09:06"
"53699259","Friedrich-Ebert-Allee",50.076204,8.24563,NA,1,0,"DE","Wiesbaden","nextbike","2026-08-28 00:09:06"
"53701912","Adolfsallee",50.076168,8.239901,NA,6,0,"DE","Wiesbaden","nextbike","2026-08-28 00:09:06"
"54069261","Albrecht-Dürer-Anlagen",50.089468,8.220322,NA,0,0,"DE","Wiesbaden","nextbike","2026-08-28 00:09:06"
"87795417","Coulinstraße",50.083286,8.236345,NA,4,0,"DE","Wiesbaden","nextbike","2026-08-28 00:09:06"
"87795984","Neugasse",50.081525,8.23976,NA,0,0,"DE","Wiesbaden","nextbike","2026-08-28 00:09:06"
"87796213","Luisenplatz",50.079147,8.240044,NA,9,0,"DE","Wiesbaden","nextbike","2026-08-28 00:09:06"
"87796369","Bahnhofstraße",50.072318,8.242933,NA,4,0,"DE","Wiesbaden","nextbike","2026-08-28 00:09:06"
"87796472","Hauptbahnhof",50.071337,8.242628,NA,16,0,"DE","Wiesbaden","nextbike","2026-08-28 00:09:06"
"87796596","Konrad-Adenauer-Straße/ Schiersteiner Straße",50.071167,8.226985,NA,2,0,"DE","Wiesbaden","nextbike","2026-08-28 00:09:06"
"87796717","Karlsbader Platz",50.074863,8.223887,NA,1,0,"DE","Wiesbaden","nextbike","2026-08-28 00:09:06"
"87796883","Frankfurter Straße/ Humboldtstraße",50.07816,8.249343,NA,2,0,"DE","Wiesbaden","nextbike","2026-08-28 00:09:06"
"87797085","Gustav-Stresemann-Ring",50.071756,8.252207,NA,2,0,"DE","Wiesbaden","nextbike","2026-08-28 00:09:06"
"126084480","SOKA Bau",50.069332,8.253932,NA,3,0,"DE","Wiesbaden","nextbike","2026-08-28 00:09:06"
"143097087","Alter Schlachthof",50.06673,8.247916,NA,5,0,"DE","Wiesbaden","nextbike","2026-08-28 00:09:06"
"608535280","Amtsgericht / Klinikum",48.182119,11.258064,NA,7,0,"DE","Muenchen","nextbike","2026-08-28 00:09:06"
"608535281","Buchenau Bahnhof",48.160556,11.2244,NA,3,0,"DE","Muenchen","nextbike","2026-08-28 00:09:06"
"608535282","Fürstenfeld",48.171345,11.247608,NA,1,0,"DE","Muenchen","nextbike","2026-08-28 00:09:06"
"608535283","Fürstenfeldbruck Bahnhof",48.172396,11.262272,NA,1,0,"DE","Muenchen","nextbike","2026-08-28 00:09:06"
"608535284","Hauptplatz",48.177894,11.255632,NA,2,0,"DE","Muenchen","nextbike","2026-08-28 00:09:06"
"608535285","Kapellenstraße",48.182509,11.253274,NA,6,0,"DE","Muenchen","nextbike","2026-08-28 00:09:06"
"608535286","Klosterstraße",48.174272,11.241322,NA,6,0,"DE","Muenchen","nextbike","2026-08-28 00:09:06"
"608535287","Landratsamt",48.176677,11.260783,NA,5,0,"DE","Muenchen","nextbike","2026-08-28 00:09:06"
"608535288","Pucher Meer (Parkplatz)",48.18776,11.233439,NA,4,0,"DE","Muenchen","nextbike","2026-08-28 00:09:06"
"608535289","Rudolf-Diesel-Ring",48.192993,11.250284,NA,7,0,"DE","Muenchen","nextbike","2026-08-28 00:09:06"
"608535290","St. Bernhard",48.172186,11.232778,NA,7,0,"DE","Muenchen","nextbike","2026-08-28 00:09:06"
"608535291","Theodor-Heuss-Straße",48.181375,11.242322,NA,2,0,"DE","Muenchen","nextbike","2026-08-28 00:09:06"
"608535292","Alfons-Baumann-Straße",48.122496,11.353216,NA,5,0,"DE","Muenchen","nextbike","2026-08-28 00:09:06"
"608535293","An den Gemeindewiesen",48.140383,11.359614,NA,4,0,"DE","Muenchen","nextbike","2026-08-28 00:09:06"
"608535294","Bertha-von-Suttner-Straße / Theodor-Heuss-Straße",48.115044,11.3555,NA,5,0,"DE","Muenchen","nextbike","2026-08-28 00:09:06"
"608535295","GEP",48.137313,11.373433,NA,7,0,"DE","Muenchen","nextbike","2026-08-28 00:09:06"
"608535296","Germering-Unterpfaffenhofen Bahnhof",48.128957,11.36373,NA,4,0,"DE","Muenchen","nextbike","2026-08-28 00:09:06"
"608535297","Gewerbegebiet Nord",48.139178,11.370889,NA,9,0,"DE","Muenchen","nextbike","2026-08-28 00:09:06"
"608535298","Hallenbad",48.133156,11.372576,NA,2,0,"DE","Muenchen","nextbike","2026-08-28 00:09:06"
"608535299","Harthaus Bahnhof",48.133642,11.386486,NA,3,0,"DE","Muenchen","nextbike","2026-08-28 00:09:06"
"608535300","St.-Jakob-Straße",48.130562,11.351484,NA,5,0,"DE","Muenchen","nextbike","2026-08-28 00:09:06"
"608535301","Königsberger Straße",48.136733,11.383645,NA,7,0,"DE","Muenchen","nextbike","2026-08-28 00:09:06"
"608535302","Oskar-von-Miller-Straße",48.131863,11.371173,NA,8,0,"DE","Muenchen","nextbike","2026-08-28 00:09:06"
"608535303","Otto-Wagner-Straße Nord",48.124643,11.366397,NA,7,0,"DE","Muenchen","nextbike","2026-08-28 00:09:06"
"608535304","Rathaus",48.134827,11.362811,NA,5,0,"DE","Muenchen","nextbike","2026-08-28 00:09:06"
"608535305","Streiflacher Straße",48.128287,11.373914,NA,7,0,"DE","Muenchen","nextbike","2026-08-28 00:09:06"
"608535306","Grafrath Bahnhof",48.132405,11.152776,NA,1,0,"DE","Muenchen","nextbike","2026-08-28 00:09:06"
"608535307","Am Sandberg",48.18344,11.387938,NA,5,0,"DE","Muenchen","nextbike","2026-08-28 00:09:06"
"608535308","Am Zillerhof",48.186275,11.38352,NA,6,0,"DE","Muenchen","nextbike","2026-08-28 00:09:06"
"608535309","Beislerstraße",48.179444,11.380757,NA,2,0,"DE","Muenchen","nextbike","2026-08-28 00:09:06"
"608535310","Gröbenzell Bahnhof Süd / Kirchenstraße",48.194822,11.372656,NA,14,0,"DE","Muenchen","nextbike","2026-08-28 00:09:06"
"608535311","Sportzentrum",48.193575,11.38457,NA,6,0,"DE","Muenchen","nextbike","2026-08-28 00:09:06"
"608535312","Babenrieder Straße",48.162529,11.167998,NA,6,0,"DE","Muenchen","nextbike","2026-08-28 00:09:06"
"608535313","Schöngeising Bahnhof Nord",48.147073,11.190071,NA,3,0,"DE","Muenchen","nextbike","2026-08-28 00:09:06"
"608535314","Am Strasserwinkel",48.215347,11.270064,NA,5,0,"DE","Muenchen","nextbike","2026-08-28 00:09:06"
"608535315","Ganghoferstraße",48.214342,11.287288,NA,3,0,"DE","Muenchen","nextbike","2026-08-28 00:09:06"
"608535316","Gernlinden Bahnhof",48.213157,11.298278,NA,9,0,"DE","Muenchen","nextbike","2026-08-28 00:09:06"
"608535317","Hans-Gruber-Platz",48.210856,11.2967,NA,5,0,"DE","Muenchen","nextbike","2026-08-28 00:09:06"
"608535318","Maisach Bahnhof",48.214565,11.256503,NA,10,0,"DE","Muenchen","nextbike","2026-08-28 00:09:06"
"608535319","Otto-Hahn-Straße",48.212351,11.244004,NA,2,0,"DE","Muenchen","nextbike","2026-08-28 00:09:06"
"608535320","Bürgerhaus",48.205971,11.151883,NA,5,0,"DE","Muenchen","nextbike","2026-08-28 00:09:06"
"608535321","Freizeitpark Mammendorf (Freibad)",48.202536,11.171189,NA,3,0,"DE","Muenchen","nextbike","2026-08-28 00:09:06"
"608535322","Mammendorf Bahnhof",48.216556,11.174148,NA,6,0,"DE","Muenchen","nextbike","2026-08-28 00:09:06"
"608535323","Pfarrkirche",48.207825,11.164622,NA,5,0,"DE","Muenchen","nextbike","2026-08-28 00:09:06"
"608535324","Auf der Insel",48.206662,11.327017,NA,1,0,"DE","Muenchen","nextbike","2026-08-28 00:09:06"
"608535325","Esting Bahnhof",48.212724,11.318829,NA,14,0,"DE","Muenchen","nextbike","2026-08-28 00:09:06"
"608535326","Ferdinandstraße",48.216143,11.346824,NA,8,0,"DE","Muenchen","nextbike","2026-08-28 00:09:06"
"608535327","Gewerbepark Süd",48.227101,11.334508,NA,6,0,"DE","Muenchen","nextbike","2026-08-28 00:09:06"
"608535328","Heimgartenstraße",48.196859,11.324711,NA,10,0,"DE","Muenchen","nextbike","2026-08-28 00:09:06"
"608535329","Kapellenweg",48.225455,11.343241,NA,1,0,"DE","Muenchen","nextbike","2026-08-28 00:09:06"
"608535330","Kriegerdenkmal",48.200154,11.309124,NA,4,0,"DE","Muenchen","nextbike","2026-08-28 00:09:06"
"608535331","Olching Bahnhof",48.209717,11.334807,NA,1,0,"DE","Muenchen","nextbike","2026-08-28 00:09:06"
"608535332","Alpenstraße",48.179304,11.36113,NA,7,0,"DE","Muenchen","nextbike","2026-08-28 00:09:06"
"608535333","Birkenstraße",48.174638,11.359112,NA,3,0,"DE","Muenchen","nextbike","2026-08-28 00:09:06"
"608535334","Boschstraße",48.170484,11.363384,NA,0,0,"DE","Muenchen","nextbike","2026-08-28 00:09:06"
"608535335","Edelweißstraße / PUC",48.169771,11.345956,NA,5,0,"DE","Muenchen","nextbike","2026-08-28 00:09:06"
"608535336","Friedenstraße",48.18263,11.371141,NA,13,0,"DE","Muenchen","nextbike","2026-08-28 00:09:06"
"608535337","Friedhof Schopflach",48.163649,11.335233,NA,5,0,"DE","Muenchen","nextbike","2026-08-28 00:09:06"
"608535338","Kriegerdenkmal",48.147102,11.347664,NA,4,0,"DE","Muenchen","nextbike","2026-08-28 00:09:06"
"608535339","Laurenzer Grundschule",48.152464,11.341765,NA,2,0,"DE","Muenchen","nextbike","2026-08-28 00:09:06"
"608535340","Lilienthalstraße",48.161214,11.342048,NA,2,0,"DE","Muenchen","nextbike","2026-08-28 00:09:06"
"608535341","Nordendstraße",48.176307,11.365722,NA,11,0,"DE","Muenchen","nextbike","2026-08-28 00:09:06"
"608535342","Puchheim Bahnhof Nord",48.172526,11.353002,NA,2,0,"DE","Muenchen","nextbike","2026-08-28 00:09:06"
"608535343","Puchheim Bahnhof Süd",48.171984,11.351683,NA,9,0,"DE","Muenchen","nextbike","2026-08-28 00:09:06"
"608535344","Sportzentrum",48.179592,11.354255,NA,9,0,"DE","Muenchen","nextbike","2026-08-28 00:09:06"
"608535345","Rathaus",48.13893,11.206623,NA,3,0,"DE","Muenchen","nextbike","2026-08-28 00:09:06"
"608535346","Schöngeising Bahnhof",48.146438,11.191714,NA,5,0,"DE","Muenchen","nextbike","2026-08-28 00:09:06"
"608535256","Eching Bahnhof",48.303429,11.618548,NA,5,0,"DE","Muenchen","nextbike","2026-08-28 00:09:06"
"608535257","Bürgersaal",48.281144,11.673717,4,11,0,"DE","Muenchen","nextbike","2026-08-28 00:09:06"
"608535258","Bergstrasse",48.323108,11.599879,NA,7,0,"DE","Muenchen","nextbike","2026-08-28 00:09:06"
"608535259","Rathaus",48.297144,11.622322,NA,4,0,"DE","Muenchen","nextbike","2026-08-28 00:09:06"
"608535260","Am Isardamm",48.277602,11.673041,NA,9,0,"DE","Muenchen","nextbike","2026-08-28 00:09:06"
"608535261","Hollerner See",48.283376,11.606952,NA,3,0,"DE","Muenchen","nextbike","2026-08-28 00:09:06"
"608535262","IKEA",48.303778,11.634774,NA,4,0,"DE","Muenchen","nextbike","2026-08-28 00:09:06"
"608535263","Hotel Olymp",48.298312,11.624925,NA,6,0,"DE","Muenchen","nextbike","2026-08-28 00:09:06"
"608535265","Rathaus",48.318164,11.745158,NA,6,0,"DE","Muenchen","nextbike","2026-08-28 00:09:06"
"608535266","Sportpark",48.322114,11.737419,NA,5,0,"DE","Muenchen","nextbike","2026-08-28 00:09:06"
"608535267","Nachbarschaftshilfe",48.310556,11.749206,NA,5,0,"DE","Muenchen","nextbike","2026-08-28 00:09:06"
"608535268","S-Bahn Hallbergmoos",48.308833,11.714621,NA,7,0,"DE","Muenchen","nextbike","2026-08-28 00:09:06"
"608535270","Altes Rathaus",48.327697,11.752451,NA,5,0,"DE","Muenchen","nextbike","2026-08-28 00:09:06"
"608535271","MABP Surftown",48.332461,11.731651,NA,3,0,"DE","Muenchen","nextbike","2026-08-28 00:09:06"
"608535272","Neufahrn Bahnhof",48.320835,11.660394,NA,4,0,"DE","Muenchen","nextbike","2026-08-28 00:09:06"
"608535273","Rathaus",48.317133,11.662304,NA,6,0,"DE","Muenchen","nextbike","2026-08-28 00:09:06"
"608535274","Mintraching, Spielplatz Feuerwehr",48.318879,11.68717,NA,5,0,"DE","Muenchen","nextbike","2026-08-28 00:09:06"
"608535276","Lena-Christ-Straße",48.309108,11.665278,NA,8,0,"DE","Muenchen","nextbike","2026-08-28 00:09:06"
"608535277","Sport- und Freizeitpark",48.322081,11.672788,NA,4,0,"DE","Muenchen","nextbike","2026-08-28 00:09:06"
"608535278","Zeppelinstraße",48.31436,11.650398,NA,2,0,"DE","Muenchen","nextbike","2026-08-28 00:09:06"
"608535279","Gewerbepark Römerweg",48.330098,11.692431,NA,6,0,"DE","Muenchen","nextbike","2026-08-28 00:09:06"
"608535378","Heidenheimer Straße",48.247327,11.612108,NA,0,0,"DE","Muenchen","nextbike","2026-08-28 00:09:06"
"608535379","Carl-von-Linde-Straße (Garching-Hochbrück)",48.251581,11.606968,NA,1,0,"DE","Muenchen","nextbike","2026-08-28 00:09:06"
"608535380","Dieselstraße (Garching-Hochbrück)",48.254889,11.617622,NA,2,0,"DE","Muenchen","nextbike","2026-08-28 00:09:06"
"608535381","Garchinger See (Garching)",48.261523,11.640456,NA,4,0,"DE","Muenchen","nextbike","2026-08-28 00:09:06"
"608535383","Jahnstraße (Garching-Hochbrück)",48.247635,11.608093,NA,4,0,"DE","Muenchen","nextbike","2026-08-28 00:09:06"
"608535384","Lilienthalstraße (Garching-Hochbrück)",48.252431,11.620245,NA,1,0,"DE","Muenchen","nextbike","2026-08-28 00:09:06"
"608535385","Maibaumplatz (Garching)",48.249634,11.653183,NA,11,0,"DE","Muenchen","nextbike","2026-08-28 00:09:06"
"608535386","Maier-Leibnitz-Straße (Garching)",48.24993,11.64571,NA,8,0,"DE","Muenchen","nextbike","2026-08-28 00:09:06"
"608535387","Parkring Ost (Garching)",48.251713,11.637284,NA,2,0,"DE","Muenchen","nextbike","2026-08-28 00:09:06"
"608535388","Parkring West (Garching)",48.252165,11.633886,NA,10,0,"DE","Muenchen","nextbike","2026-08-28 00:09:06"
"608535389","Professor-Angermair-Ring (Garching)",48.245103,11.655635,NA,11,0,"DE","Muenchen","nextbike","2026-08-28 00:09:06"
"608535390","Siemens/SAP (Garching Forschungszentrum)",48.264493,11.661396,NA,1,0,"DE","Muenchen","nextbike","2026-08-28 00:09:06"
"608535391","U-Bahnhof (Garching Forschungszentrum)",48.264969,11.671454,NA,1,0,"DE","Muenchen","nextbike","2026-08-28 00:09:06"
"608535392","Campus West (Garching Forschungszentrum)",48.263358,11.665104,NA,9,0,"DE","Muenchen","nextbike","2026-08-28 00:09:06"
"608535393","Lichtenbergstraße (Garching Forschungszentrum)",48.268109,11.669114,NA,15,0,"DE","Muenchen","nextbike","2026-08-28 00:09:06"
"608535394","U-Bahnhof (P+R) (Garching-Hochbrück)",48.248359,11.631394,NA,23,0,"DE","Muenchen","nextbike","2026-08-28 00:09:06"
"608535395","Untere Strassäcker (Garching)",48.257185,11.654569,NA,24,0,"DE","Muenchen","nextbike","2026-08-28 00:09:06"
"608535396","Voithstraße (Garching-Hochbrück)",48.250049,11.612699,NA,3,0,"DE","Muenchen","nextbike","2026-08-28 00:09:06"
"608535440","Bahnhof Nord (Ismaning)",48.226437,11.679748,NA,5,0,"DE","Muenchen","nextbike","2026-08-28 00:09:06"
"608535441","Bahnhof Süd (Ismaning)",48.225292,11.678691,NA,4,0,"DE","Muenchen","nextbike","2026-08-28 00:09:06"
"608535442","Oskar-Messter-Straße (Ismaning)",48.233712,11.680308,NA,4,0,"DE","Muenchen","nextbike","2026-08-28 00:09:06"
"608535443","Carl-Zeiss-Ring (Ismaning)",48.236072,11.67964,NA,5,0,"DE","Muenchen","nextbike","2026-08-28 00:09:06"
"608535444","Fischerhäuser (Ismaning)",48.251724,11.69419,NA,9,0,"DE","Muenchen","nextbike","2026-08-28 00:09:06"
"608535445","Wasserturm (Ismaning)",48.220403,11.665488,NA,9,0,"DE","Muenchen","nextbike","2026-08-28 00:09:06"
"608535446","AGROB Süd (Ismaning)",48.208313,11.658857,NA,4,0,"DE","Muenchen","nextbike","2026-08-28 00:09:06"
"608535447","Mayerbacherstraße (Ismaning)",48.228368,11.684676,NA,3,0,"DE","Muenchen","nextbike","2026-08-28 00:09:06"
"608535461","Helmholtz Zentrum (Oberschleißheim)",48.219933,11.589283,NA,3,0,"DE","Muenchen","nextbike","2026-08-28 00:09:06"
"608535462","Bahnhof Oberschleißheim",48.257973,11.558038,NA,1,0,"DE","Muenchen","nextbike","2026-08-28 00:09:06"
"608535463","Veterinärstraße",48.248642,11.549747,NA,3,0,"DE","Muenchen","nextbike","2026-08-28 00:09:06"
"608535464","Schloss Oberschleißheim",48.250599,11.561043,NA,4,0,"DE","Muenchen","nextbike","2026-08-28 00:09:06"
"608535491","Am Bahnhof (S)",48.189293,11.645839,NA,6,0,"DE","Muenchen","nextbike","2026-08-28 00:09:06"
"608535492","Feringasee (Ost)",48.191728,11.677217,NA,0,0,"DE","Muenchen","nextbike","2026-08-28 00:09:06"
"608535493","Leinthaler Brücke",48.183,11.632371,NA,5,0,"DE","Muenchen","nextbike","2026-08-28 00:09:06"
"608535494","Poschinger Weiher",48.200971,11.641153,NA,5,0,"DE","Muenchen","nextbike","2026-08-28 00:09:06"
"608535495","Parkhaus Dieselstraße",48.185951,11.650884,NA,1,0,"DE","Muenchen","nextbike","2026-08-28 00:09:06"
"608535496","Parkhaus Bürgerfestplatz",48.192544,11.655237,NA,2,0,"DE","Muenchen","nextbike","2026-08-28 00:09:06"
"608535497","Bauhofstraße",48.201223,11.650217,NA,3,0,"DE","Muenchen","nextbike","2026-08-28 00:09:06"
"608535498","Fichtenstraße",48.19779,11.651963,NA,7,0,"DE","Muenchen","nextbike","2026-08-28 00:09:06"
"608535499","Blumenstraße",48.195136,11.646904,NA,5,0,"DE","Muenchen","nextbike","2026-08-28 00:09:06"
"608535500","Bürgerhaus",48.191709,11.639557,NA,11,0,"DE","Muenchen","nextbike","2026-08-28 00:09:06"
"608535501","Föhringer Allee",48.187134,11.641244,NA,4,0,"DE","Muenchen","nextbike","2026-08-28 00:09:06"
"608535502","Feringastraße Ost",48.178157,11.635993,NA,3,0,"DE","Muenchen","nextbike","2026-08-28 00:09:06"
"608535503","Apianstraße",48.175036,11.639062,NA,20,0,"DE","Muenchen","nextbike","2026-08-28 00:09:06"
"608535504","Feringastraße",48.179985,11.631105,NA,2,0,"DE","Muenchen","nextbike","2026-08-28 00:09:06"
"608535505","Feringasee (West)",48.191295,11.664523,NA,0,0,"DE","Muenchen","nextbike","2026-08-28 00:09:06"
"637793366","BR Unterföhring",48.191805,11.650666,NA,5,0,"DE","Muenchen","nextbike","2026-08-28 00:09:06"
"608535516","Unterschleißheim (S) Ost",48.272692,11.568468,NA,5,0,"DE","Muenchen","nextbike","2026-08-28 00:09:06"
"608535517","Unterschleißheim (S) West",48.273039,11.56758,NA,8,0,"DE","Muenchen","nextbike","2026-08-28 00:09:06"
"608535518","Unterschleißheim (S) St.-Benedikt-Straße",48.274712,11.569599,NA,7,0,"DE","Muenchen","nextbike","2026-08-28 00:09:06"
"608535519","Unterschleißheim (S) Berglstraße",48.275193,11.56869,NA,3,0,"DE","Muenchen","nextbike","2026-08-28 00:09:06"
"608535520","Lohhof (S) Süd",48.287895,11.581118,NA,3,0,"DE","Muenchen","nextbike","2026-08-28 00:09:06"
"608535521","Lohhof (S) Nord",48.28808,11.580679,NA,10,0,"DE","Muenchen","nextbike","2026-08-28 00:09:06"
"608535522","Sportpark",48.270009,11.585583,NA,9,0,"DE","Muenchen","nextbike","2026-08-28 00:09:06"
"608535523","Altes Rathaus",48.281902,11.576054,NA,3,0,"DE","Muenchen","nextbike","2026-08-28 00:09:06"
"608535524","Johann-Schmid-Straße",48.278358,11.581606,NA,7,0,"DE","Muenchen","nextbike","2026-08-28 00:09:06"
"608535525","Riedmoos",48.268979,11.533116,NA,2,0,"DE","Muenchen","nextbike","2026-08-28 00:09:06"
"608535526","Unterschleißheimer See",48.286179,11.552244,NA,2,0,"DE","Muenchen","nextbike","2026-08-28 00:09:06"
"608535527","Kiebitzstraße",48.28043,11.587453,NA,7,0,"DE","Muenchen","nextbike","2026-08-28 00:09:06"
"608535528","Mallertshoffener Straße",48.262584,11.589574,NA,5,0,"DE","Muenchen","nextbike","2026-08-28 00:09:06"
"608535529","Am Weiher",48.280435,11.556115,NA,3,0,"DE","Muenchen","nextbike","2026-08-28 00:09:06"
"608535530","Stadtwerke Unterschleißheim",48.283693,11.572017,NA,5,0,"DE","Muenchen","nextbike","2026-08-28 00:09:06"
"608535531","Emmy-Noether-Ring Business Campus",48.275469,11.561265,NA,0,0,"DE","Muenchen","nextbike","2026-08-28 00:09:06"
"608535532","Röntgenstraße",48.282397,11.566866,NA,7,0,"DE","Muenchen","nextbike","2026-08-28 00:09:06"
"608535533","Ohmstraße",48.287158,11.570431,NA,1,0,"DE","Muenchen","nextbike","2026-08-28 00:09:06"
"608535534","Ballhausforum",48.284271,11.564689,NA,5,0,"DE","Muenchen","nextbike","2026-08-28 00:09:06"
"608535537","Alfred-Nobel-Straße Business Campus",48.276502,11.560718,NA,2,0,"DE","Muenchen","nextbike","2026-08-28 00:09:06"
"608535398","Bahnhof (Gräfelfing)",48.121098,11.425649,NA,3,0,"DE","Muenchen","nextbike","2026-08-28 00:09:06"
"608535399","Bahnhof Lochham (Gräfelfing)",48.129418,11.430742,NA,4,0,"DE","Muenchen","nextbike","2026-08-28 00:09:06"
"608535400","Lochhamer Schlag (Gräfelfing)",48.122026,11.451154,NA,3,0,"DE","Muenchen","nextbike","2026-08-28 00:09:06"
"608535402","Würmtalstraße (Gräfelfing)",48.115415,11.440033,NA,6,0,"DE","Muenchen","nextbike","2026-08-28 00:09:06"
"608535403","Kirchweg (Gräfelfing)",48.125229,11.445698,NA,0,0,"DE","Muenchen","nextbike","2026-08-28 00:09:06"
"608535404","Doemens (Gräfelfing)",48.120768,11.446022,NA,1,0,"DE","Muenchen","nextbike","2026-08-28 00:09:06"
"608535405","Derbolfinger Platz (Grünwald)",48.041865,11.523734,NA,7,0,"DE","Muenchen","nextbike","2026-08-28 00:09:06"
"608535406","Bavariafilmplatz (Grünwald)",48.067423,11.546563,NA,2,0,"DE","Muenchen","nextbike","2026-08-28 00:09:06"
"608535407","Bavariafilmstraße (Grünwald)",48.065753,11.554089,NA,4,0,"DE","Muenchen","nextbike","2026-08-28 00:09:06"
"608535408","Parkplatz (Grünwald)",48.055074,11.540914,NA,2,0,"DE","Muenchen","nextbike","2026-08-28 00:09:06"
"608535409","Ludwig-Thoma-Straße (Grünwald)",48.049592,11.535365,NA,0,0,"DE","Muenchen","nextbike","2026-08-28 00:09:06"
"608535410","Musikschule (Grünwald)",48.050489,11.533111,NA,2,0,"DE","Muenchen","nextbike","2026-08-28 00:09:06"
"608535411","Freizeitpark (Grünwald)",48.049033,11.52849,NA,9,0,"DE","Muenchen","nextbike","2026-08-28 00:09:06"
"608535412","Laufzorner Straße (Grünwald)",48.036067,11.528432,NA,7,0,"DE","Muenchen","nextbike","2026-08-28 00:09:06"
"608535413","Josef-Sammer-Straße (Grünwald)",48.039208,11.534973,NA,5,0,"DE","Muenchen","nextbike","2026-08-28 00:09:06"
"608535414","Wörnbrunn (Grünwald)",48.038854,11.548214,NA,7,0,"DE","Muenchen","nextbike","2026-08-28 00:09:06"
"608535415","Lil-Dagover-Ring (Grünwald)",48.064798,11.556074,NA,11,0,"DE","Muenchen","nextbike","2026-08-28 00:09:06"
"608535416","Tölzer Straße (Grünwald)",48.034844,11.521349,NA,3,0,"DE","Muenchen","nextbike","2026-08-28 00:09:06"
"608535417","Robert-Koch-Straße (Grünwald)",48.062765,11.544919,NA,6,0,"DE","Muenchen","nextbike","2026-08-28 00:09:06"
"608535418","Haus der Begegnung (Grünwald)",48.0388,11.527856,NA,16,0,"DE","Muenchen","nextbike","2026-08-28 00:09:06"
"608535419","Martin-Kneidl-Grundschule (Grünwald)",48.044656,11.524422,NA,6,0,"DE","Muenchen","nextbike","2026-08-28 00:09:06"
"608535420","Bahnhof Süd (Haar)",48.110711,11.731274,NA,1,0,"DE","Muenchen","nextbike","2026-08-28 00:09:06"
"608535421","Bahnhof Nord (Haar)",48.111714,11.730938,NA,9,0,"DE","Muenchen","nextbike","2026-08-28 00:09:06"
"608535422","Ferd.-Kobell-Straße (Haar)",48.103411,11.722933,NA,5,0,"DE","Muenchen","nextbike","2026-08-28 00:09:06"
"608535423","Hans-Stießberger-Straße (Haar)",48.110938,11.715021,NA,2,0,"DE","Muenchen","nextbike","2026-08-28 00:09:06"
"608535424","Jagdfeldhochhaus (Haar)",48.1083,11.723526,NA,2,0,"DE","Muenchen","nextbike","2026-08-28 00:09:06"
"608535425","Waldluststraße (Haar)",48.104181,11.729069,NA,8,0,"DE","Muenchen","nextbike","2026-08-28 00:09:06"
"608535426","Ottendichl Kirche (Ottendichl)",48.12692,11.741225,NA,4,0,"DE","Muenchen","nextbike","2026-08-28 00:09:06"
"608535427","Salmdorf Kirche (Salmdorf)",48.130671,11.716349,NA,8,0,"DE","Muenchen","nextbike","2026-08-28 00:09:06"
"608535428","IAK Klinikum (Haar)",48.116445,11.741971,NA,7,0,"DE","Muenchen","nextbike","2026-08-28 00:09:06"
"608535429","Bahnhof (Gronsdorf)",48.119347,11.699794,NA,7,0,"DE","Muenchen","nextbike","2026-08-28 00:09:06"
"608535430","Sportpark (Haar)",48.114494,11.728949,NA,7,0,"DE","Muenchen","nextbike","2026-08-28 00:09:06"
"608535431","Klinikum Mitte (Haar)",48.116487,11.746498,NA,0,0,"DE","Muenchen","nextbike","2026-08-28 00:09:06"
"608535438","S-Bahnhof Hohenbrunn (Hohenbrunn)",48.047218,11.698346,NA,5,0,"DE","Muenchen","nextbike","2026-08-28 00:09:06"
"608535439","Steinstraße (Hohenbrunn)",48.062083,11.679794,NA,5,0,"DE","Muenchen","nextbike","2026-08-28 00:09:06"
"608535432","S-Bahnhof Nord",48.019222,11.718707,NA,6,0,"DE","Muenchen","nextbike","2026-08-28 00:09:06"
"608535433","Bahnhof (Höhenkirchen-Siegertsbrunn)",48.017067,11.719139,NA,6,0,"DE","Muenchen","nextbike","2026-08-28 00:09:06"
"608535434","Rathaus",48.016069,11.712816,NA,4,0,"DE","Muenchen","nextbike","2026-08-28 00:09:06"
"608535435","Sportplatz Siegertsbrunn ETC",48.01789,11.734888,NA,5,0,"DE","Muenchen","nextbike","2026-08-28 00:09:06"
"608535436","Ortsmitte Siegertsbrunn",48.02425,11.72857,NA,5,0,"DE","Muenchen","nextbike","2026-08-28 00:09:06"
"608535437","Sportplatz Höhenkirchen",48.025028,11.701432,NA,4,0,"DE","Muenchen","nextbike","2026-08-28 00:09:06"
"608535448","Ammerthalstraße (Heimstetten)",48.150935,11.74959,NA,6,0,"DE","Muenchen","nextbike","2026-08-28 00:09:06"
"608535449","Bahnhof Süd (Heimstetten)",48.158369,11.758887,NA,6,0,"DE","Muenchen","nextbike","2026-08-28 00:09:06"
"608535450","Pfarrer-Caspar-Mayr-Platz (Kirchheim)",48.176741,11.755441,NA,4,0,"DE","Muenchen","nextbike","2026-08-28 00:09:06"
"608535451","Räterzentrum (Heimstetten)",48.16348,11.756829,NA,6,0,"DE","Muenchen","nextbike","2026-08-28 00:09:06"
"608535483","Fasanenpark Ost (Neubiberg)",48.079753,11.610314,NA,6,0,"DE","Muenchen","nextbike","2026-08-28 00:09:06"
"608535484","Bahnhofsplatz (Neubiberg)",48.076462,11.660084,NA,4,0,"DE","Muenchen","nextbike","2026-08-28 00:09:06"
"608535485","Campeon (Neubiberg)",48.078716,11.615636,NA,7,0,"DE","Muenchen","nextbike","2026-08-28 00:09:06"
"608535486","Bamerstraße (Neubiberg)",48.079446,11.645409,NA,3,0,"DE","Muenchen","nextbike","2026-08-28 00:09:06"
"608535487","Universitätsstraße (Neubiberg)",48.081829,11.63288,NA,3,0,"DE","Muenchen","nextbike","2026-08-28 00:09:06"
"608535488","Werner-Heisenberg-Weg (Neubiberg)",48.078347,11.651776,NA,4,0,"DE","Muenchen","nextbike","2026-08-28 00:09:06"
"608535489","Hohenbrunner Str. / Prof. - Göttsberger - Str.",48.073284,11.670583,NA,3,0,"DE","Muenchen","nextbike","2026-08-28 00:09:06"
"608535490","Wotanstraße (Neubiberg",48.074283,11.678966,NA,5,0,"DE","Muenchen","nextbike","2026-08-28 00:09:06"
"608535452","Altes Rathaus (Neuried)",48.093395,11.465476,NA,3,0,"DE","Muenchen","nextbike","2026-08-28 00:09:06"
"608535453","Zugspitzstraße (Neuried)",48.087947,11.469806,NA,2,0,"DE","Muenchen","nextbike","2026-08-28 00:09:06"
"608535454","Kraillinger Weg (Neuried)",48.092398,11.456418,NA,2,0,"DE","Muenchen","nextbike","2026-08-28 00:09:06"
"608535455","Am Haderner Winkel (Neuried)",48.094649,11.464114,NA,3,0,"DE","Muenchen","nextbike","2026-08-28 00:09:06"
"608535456","Am Sportpark (Neuried)",48.087564,11.461622,NA,0,0,"DE","Muenchen","nextbike","2026-08-28 00:09:06"
"608535457","Forstenrieder Straße (Neuried)",48.091461,11.469223,NA,4,0,"DE","Muenchen","nextbike","2026-08-28 00:09:06"
"608535458","Deisenhofen Bahnhof (Oberhaching)",48.019833,11.583125,NA,6,0,"DE","Muenchen","nextbike","2026-08-28 00:09:06"
"608535459","Furth Bahnhof (Oberhaching)",48.034959,11.592397,NA,6,0,"DE","Muenchen","nextbike","2026-08-28 00:09:06"
"608535460","Schmidweg (Oberhaching)",48.031311,11.583427,NA,8,0,"DE","Muenchen","nextbike","2026-08-28 00:09:06"
"608535465","Bahnhof Ost (Planegg)",48.10559,11.414315,NA,7,0,"DE","Muenchen","nextbike","2026-08-28 00:09:06"
"608535466","Behringstraße (Planegg)",48.110628,11.431463,NA,0,0,"DE","Muenchen","nextbike","2026-08-28 00:09:06"
"608535467","Otto-Pippel-Straße (Planegg)",48.106504,11.427588,NA,1,0,"DE","Muenchen","nextbike","2026-08-28 00:09:06"
"608535468","Kettelerstraße (Planegg)",48.103033,11.429318,NA,0,0,"DE","Muenchen","nextbike","2026-08-28 00:09:06"
"608535469","Lochhamer Straße (Martinsried Nord)",48.111146,11.451776,NA,2,0,"DE","Muenchen","nextbike","2026-08-28 00:09:06"
"608535470","Max-Planck-Institute (Martinsried)",48.105904,11.459104,NA,0,0,"DE","Muenchen","nextbike","2026-08-28 00:09:06"
"608535471","LMU (Martinsried)",48.110407,11.460697,NA,0,0,"DE","Muenchen","nextbike","2026-08-28 00:09:06"
"608535473","Kopernikusweg (Martinsried)",48.104359,11.44667,NA,0,0,"DE","Muenchen","nextbike","2026-08-28 00:09:06"
"608535474","Röntgenstraße (Martinsried)",48.109298,11.449702,NA,0,0,"DE","Muenchen","nextbike","2026-08-28 00:09:06"
"608535475","IZB (Martinsried)",48.107887,11.459063,NA,0,0,"DE","Muenchen","nextbike","2026-08-28 00:09:06"
"608535476","Pullach Bahnhof (Pullach im Isartal)",48.05884,11.522067,NA,2,0,"DE","Muenchen","nextbike","2026-08-28 00:09:06"
"608535477","Großhesselohe Bahnhof (Pullach im Isartal)",48.070574,11.531098,NA,4,0,"DE","Muenchen","nextbike","2026-08-28 00:09:06"
"608535478","Waldwirtschaft (Pullach im Isartal)",48.067451,11.539233,NA,0,0,"DE","Muenchen","nextbike","2026-08-28 00:09:06"
"608535479","Rathaus (Pullach im Isartal)",48.054615,11.519177,NA,2,0,"DE","Muenchen","nextbike","2026-08-28 00:09:06"
"608535480","Jakobusplatz",48.053556,11.512561,NA,6,0,"DE","Muenchen","nextbike","2026-08-28 00:09:06"
"608535481","Bahnhof Höllriegelskreuth",48.042723,11.509806,NA,5,0,"DE","Muenchen","nextbike","2026-08-28 00:09:06"
"608535482","Großhesseloher Brücke/ Adolf-Wenz-Siedlung",48.074718,11.539836,NA,0,0,"DE","Muenchen","nextbike","2026-08-28 00:09:06"
"608535507","Fasanenpark West (Unterhaching)",48.079566,11.607543,NA,5,0,"DE","Muenchen","nextbike","2026-08-28 00:09:06"
"608535508","Am Sportpark (Unterhaching)",48.072361,11.620452,NA,7,0,"DE","Muenchen","nextbike","2026-08-28 00:09:06"
"608535509","Landschaftspark (Unterhaching)",48.068851,11.619201,NA,1,0,"DE","Muenchen","nextbike","2026-08-28 00:09:06"
"608535510","Sankt-Alto-Straße (Unterhaching)",48.071386,11.606387,NA,4,0,"DE","Muenchen","nextbike","2026-08-28 00:09:06"
"608535511","Bahnhof West (Unterhaching)",48.064884,11.612099,NA,4,0,"DE","Muenchen","nextbike","2026-08-28 00:09:06"
"608535512","Gewerbegebiet (Unterhaching)",48.056144,11.605162,NA,7,0,"DE","Muenchen","nextbike","2026-08-28 00:09:06"
"608535513","KUBIZ (Unterhaching)",48.062174,11.614574,NA,4,0,"DE","Muenchen","nextbike","2026-08-28 00:09:06"
"608535514","Rathausplatz (Unterhaching)",48.066131,11.609576,NA,4,0,"DE","Muenchen","nextbike","2026-08-28 00:09:06"
"608535515","Freibad (Unterhaching)",48.062385,11.62118,NA,6,0,"DE","Muenchen","nextbike","2026-08-28 00:09:06"
"608535347","Bahnhof Seite Münchner Str.",47.884096,11.697389,NA,3,0,"DE","Muenchen","nextbike","2026-08-28 00:09:06"
"608535348","Bahnhof Seite Erlkamer Str.",47.884702,11.697947,NA,13,0,"DE","Muenchen","nextbike","2026-08-28 00:09:06"
"608535349","Standort Bosch",47.893039,11.720663,NA,4,0,"DE","Muenchen","nextbike","2026-08-28 00:09:06"
"608535350","Standort Hexal",47.881076,11.712264,NA,6,0,"DE","Muenchen","nextbike","2026-08-28 00:09:06"
"608535351","Rathaus/Marktplatz",47.877171,11.701189,NA,0,0,"DE","Muenchen","nextbike","2026-08-28 00:09:06"
"608535352","Bahnhof, Bahnhofstr./Ludwig-Thoma-Str.",47.910452,11.682256,NA,9,0,"DE","Muenchen","nextbike","2026-08-28 00:09:06"
"608535353","Gewerbegebiet, Hienlohestraße/Lehrer-Holl Str.",47.917588,11.676253,NA,1,0,"DE","Muenchen","nextbike","2026-08-28 00:09:06"
"608535354","Ortsmitte",47.909992,11.675773,NA,4,0,"DE","Muenchen","nextbike","2026-08-28 00:09:06"
"608535538","Asto Park (Gilching)",48.091772,11.283013,NA,1,0,"DE","Muenchen","nextbike","2026-08-28 00:09:06"
"608535539","S-Bahnhof Neugilching (Gilching)",48.098072,11.287961,NA,19,0,"DE","Muenchen","nextbike","2026-08-28 00:09:06"
"608535540","Gewerbepark Gilching Süd (Gilching)",48.092467,11.310529,NA,6,0,"DE","Muenchen","nextbike","2026-08-28 00:09:06"
"608535355","Heimstettener See (Aschheim)",48.158132,11.737274,NA,6,0,"DE","Muenchen","nextbike","2026-08-28 00:09:06"
"608535356","Feldkirchner Straße (Aschheim)",48.170755,11.716695,NA,12,0,"DE","Muenchen","nextbike","2026-08-28 00:09:06"
"608535357","Park & Ride - Anlage (Dornach)",48.144795,11.680652,NA,3,0,"DE","Muenchen","nextbike","2026-08-28 00:09:06"
"608535358","Gewerbegebiet Eichendorffstraße (Aschheim)",48.165339,11.736585,NA,10,0,"DE","Muenchen","nextbike","2026-08-28 00:09:06"
"608535359","Otto-Hahn-Straße (Dornach)",48.147902,11.684935,NA,7,0,"DE","Muenchen","nextbike","2026-08-28 00:09:06"
"608535360","Gewerbegebiet (Brunnthal Nord)",48.040783,11.661507,NA,4,0,"DE","Muenchen","nextbike","2026-08-28 00:09:06"
"608535361","Bogenstraße (Waldbrunn)",48.041655,11.676953,NA,2,0,"DE","Muenchen","nextbike","2026-08-28 00:09:06"
"608535362","Amselstraße (Gudrunsiedlung)",48.035016,11.667445,NA,2,0,"DE","Muenchen","nextbike","2026-08-28 00:09:06"
"608535363","Waldstraße (Neukirchstockach)",48.034044,11.67733,NA,2,0,"DE","Muenchen","nextbike","2026-08-28 00:09:06"
"608535364","Münchner Straße (Brunnthal)",48.007148,11.6856,NA,3,0,"DE","Muenchen","nextbike","2026-08-28 00:09:06"
"608535365","Bergstraße (Brunnthal)",48.004922,11.680669,NA,2,0,"DE","Muenchen","nextbike","2026-08-28 00:09:06"
"608535366","Tölzer Straße (Otterloh)",47.995795,11.659562,NA,2,0,"DE","Muenchen","nextbike","2026-08-28 00:09:06"
"608535367","Kirchplatz (Hofolding)",47.984057,11.700169,NA,3,0,"DE","Muenchen","nextbike","2026-08-28 00:09:06"
"608535368","Ottobrunner Straße (Faistenhaar)",47.984287,11.715848,NA,2,0,"DE","Muenchen","nextbike","2026-08-28 00:09:06"
"608535369","Waldsiedlung (Faistenhaar)",47.99294,11.710879,NA,3,0,"DE","Muenchen","nextbike","2026-08-28 00:09:06"
"608535370","Eugen-Sänger-Ring",48.041495,11.664519,NA,2,0,"DE","Muenchen","nextbike","2026-08-28 00:09:06"
"608535371","Bahnhof (Feldkirchen)",48.151266,11.731695,NA,0,0,"DE","Muenchen","nextbike","2026-08-28 00:09:06"
"608535372","Dornacher Straße/Mozartstraße (Feldkirchen)",48.151217,11.723097,NA,6,0,"DE","Muenchen","nextbike","2026-08-28 00:09:06"
"608535373","Gewerbegebiet Süd Otto-Lilienthal-Ring (Feldkirchen)",48.140805,11.739926,NA,5,0,"DE","Muenchen","nextbike","2026-08-28 00:09:06"
"608535375","Gewerbegebiet Ost Philipp-Hauck-Straße (Feldkirchen)",48.149798,11.743773,NA,5,0,"DE","Muenchen","nextbike","2026-08-28 00:09:06"
"608535376","Münchner Straße (Feldkirchen)",48.146452,11.728178,NA,9,0,"DE","Muenchen","nextbike","2026-08-28 00:09:06"
"606857330","Studentenstadt U",48.183211,11.608321,NA,4,0,"DE","Muenchen","nextbike","2026-08-28 00:09:06"
"608534898","Kreuzstraße",48.13493,11.567326,NA,6,0,"DE","Muenchen","nextbike","2026-08-28 00:09:06"
"608534899","Oberanger / Klosterhofstraße",48.134225,11.570455,NA,2,0,"DE","Muenchen","nextbike","2026-08-28 00:09:06"
"608534900","Corneliusstraße",48.133705,11.573102,NA,0,0,"DE","Muenchen","nextbike","2026-08-28 00:09:06"
"608534901","Westenriederstraße (Ecke Radlsteg)",48.13503,11.579129,NA,0,0,"DE","Muenchen","nextbike","2026-08-28 00:09:06"
"608534902","Rindermarkt",48.136075,11.574184,NA,0,0,"DE","Muenchen","nextbike","2026-08-28 00:09:06"
"608534903","Pacellistraße (nahe Promenadeplatz)",48.14047,11.571224,NA,7,0,"DE","Muenchen","nextbike","2026-08-28 00:09:06"
"608534904","Platz der Opfer des Nationalsozialismus",48.142614,11.573662,NA,0,0,"DE","Muenchen","nextbike","2026-08-28 00:09:06"
"608534905","Knöbelstraße",48.136097,11.584209,NA,5,0,"DE","Muenchen","nextbike","2026-08-28 00:09:06"
"608534906","Westenriederstraße (Tal)",48.134982,11.581161,7,1,6,"DE","Muenchen","nextbike","2026-08-28 00:09:06"
"608534907","Maximilianstrasse (Ecke Residenzstr.)",48.139451,11.577781,NA,0,0,"DE","Muenchen","nextbike","2026-08-28 00:09:06"
"608534908","Thierschplatz",48.139301,11.588804,NA,2,0,"DE","Muenchen","nextbike","2026-08-28 00:09:06"
"608534909","Lerchenfeldstraße",48.143412,11.589044,NA,3,0,"DE","Muenchen","nextbike","2026-08-28 00:09:06"
"608534910","Paradiesstraße",48.146685,11.593243,NA,10,0,"DE","Muenchen","nextbike","2026-08-28 00:09:06"
"608534912","Isartor S - Nord",48.134695,11.583001,NA,1,0,"DE","Muenchen","nextbike","2026-08-28 00:09:06"
"608534913","Herzogspitalstraße HsNr. 4",48.137593,11.568819,NA,2,0,"DE","Muenchen","nextbike","2026-08-28 00:09:06"
"608534914","Seeaustraße",48.144482,11.591632,NA,6,0,"DE","Muenchen","nextbike","2026-08-28 00:09:06"
"608534915","Oettingenstraße",48.150388,11.595284,NA,4,0,"DE","Muenchen","nextbike","2026-08-28 00:09:06"
"608534916","Hermann-Schmid-Straße",48.127621,11.553952,NA,7,0,"DE","Muenchen","nextbike","2026-08-28 00:09:06"
"608534917","Mozartstraße / Goetheplatz",48.129893,11.55805,NA,1,0,"DE","Muenchen","nextbike","2026-08-28 00:09:06"
"608534918","Dreimühlenstraße / Reifenstuelstraße",48.119946,11.558636,NA,1,0,"DE","Muenchen","nextbike","2026-08-28 00:09:06"
"608534919","Baldeplatz",48.123315,11.566868,NA,4,0,"DE","Muenchen","nextbike","2026-08-28 00:09:06"
"608534920","Sendlinger Tor U / Nußbaumstraße",48.133507,11.565029,NA,0,0,"DE","Muenchen","nextbike","2026-08-28 00:09:06"
"608534921","Stephansplatz",48.130936,11.566215,NA,10,0,"DE","Muenchen","nextbike","2026-08-28 00:09:06"
"608534922","Baaderstraße",48.133609,11.581624,NA,1,0,"DE","Muenchen","nextbike","2026-08-28 00:09:06"
"608534923","Fraunhoferstraße",48.128511,11.576132,NA,9,0,"DE","Muenchen","nextbike","2026-08-28 00:09:06"
"608534924","Kaiser-Ludwig-Platz",48.131402,11.555608,NA,9,0,"DE","Muenchen","nextbike","2026-08-28 00:09:06"
"608534925","Am Glockenbach",48.126907,11.56714,NA,1,0,"DE","Muenchen","nextbike","2026-08-28 00:09:06"
"608534926","Hermann-Lingg-Straße",48.138842,11.551604,NA,3,0,"DE","Muenchen","nextbike","2026-08-28 00:09:06"
"608534927","Hauptbahnhof Süd I",48.138495,11.558703,NA,21,0,"DE","Muenchen","nextbike","2026-08-28 00:09:06"
"608534928","Klenzestraße / Westermühlstraße",48.128371,11.570612,NA,2,0,"DE","Muenchen","nextbike","2026-08-28 00:09:06"
"608534930","Theresienwiese",48.135844,11.551369,NA,3,0,"DE","Muenchen","nextbike","2026-08-28 00:09:06"
"608534931","Ickstattstraße",48.129989,11.570392,NA,0,0,"DE","Muenchen","nextbike","2026-08-28 00:09:06"
"608534932","Dreimühlenstraße",48.122721,11.562665,NA,11,0,"DE","Muenchen","nextbike","2026-08-28 00:09:06"
"608534933","Goetheplatz / Waltherstraße",48.129059,11.558744,NA,8,0,"DE","Muenchen","nextbike","2026-08-28 00:09:06"
"608534934","Gärtnerplatz / Reichenbachstraße",48.131419,11.576137,NA,0,0,"DE","Muenchen","nextbike","2026-08-28 00:09:06"
"608534936","Pettenkoferstraße",48.134585,11.558244,NA,3,0,"DE","Muenchen","nextbike","2026-08-28 00:09:06"
"608534937","Theresienwiese / St. Pauls-Platz",48.13662,11.553183,NA,6,0,"DE","Muenchen","nextbike","2026-08-28 00:09:06"
"608534939","Königinstraße / Veterinärstraße",48.149777,11.584529,NA,5,0,"DE","Muenchen","nextbike","2026-08-28 00:09:06"
"608534940","Tengstraße",48.154502,11.568135,NA,12,0,"DE","Muenchen","nextbike","2026-08-28 00:09:06"
"608534942","Schleißheimerstraße / Schellingstraße",48.154477,11.560947,NA,11,0,"DE","Muenchen","nextbike","2026-08-28 00:09:06"
"608534943","Hochschule München",48.155077,11.555503,NA,6,0,"DE","Muenchen","nextbike","2026-08-28 00:09:06"
"608534944","Galeriestraße",48.14425,11.578666,NA,0,0,"DE","Muenchen","nextbike","2026-08-28 00:09:06"
"608534945","ZOB - Bernhard-Wicki Straße",48.14272,11.548303,NA,1,0,"DE","Muenchen","nextbike","2026-08-28 00:09:06"
"608534946","St. Benno",48.151933,11.55336,NA,10,0,"DE","Muenchen","nextbike","2026-08-28 00:09:06"
"608534947","Deroystraße",48.143991,11.545243,NA,8,0,"DE","Muenchen","nextbike","2026-08-28 00:09:06"
"608534948","Hochschule - Lothstraße Süd",48.154082,11.553551,NA,0,0,"DE","Muenchen","nextbike","2026-08-28 00:09:06"
"608534950","Universität",48.149621,11.58067,NA,0,0,"DE","Muenchen","nextbike","2026-08-28 00:09:06"
"608534952","Hauptbahnhof Nord",48.14199,11.561517,NA,1,0,"DE","Muenchen","nextbike","2026-08-28 00:09:06"
"608534953","Prinz-Ludwig Straße / Barer Straße",48.145813,11.57014,NA,0,0,"DE","Muenchen","nextbike","2026-08-28 00:09:06"
"608534954","Türkenstraße",48.150592,11.576219,NA,7,0,"DE","Muenchen","nextbike","2026-08-28 00:09:06"
"608534955","Amalienstraße / Universität",48.151362,11.579209,NA,0,0,"DE","Muenchen","nextbike","2026-08-28 00:09:06"
"608534956","TU München - Theresienstraße",48.150147,11.567852,NA,4,0,"DE","Muenchen","nextbike","2026-08-28 00:09:06"
"608534957","Königin / Schönfeldstraße",48.145673,11.584113,NA,0,0,"DE","Muenchen","nextbike","2026-08-28 00:09:06"
"608534958","Hohenzollernplatz",48.161175,11.568084,NA,10,0,"DE","Muenchen","nextbike","2026-08-28 00:09:06"
"608534959","Scheidplatz",48.170829,11.573819,8,3,5,"DE","Muenchen","nextbike","2026-08-28 00:09:06"
"608534960","Petuelring U Nord",48.175183,11.565786,NA,9,0,"DE","Muenchen","nextbike","2026-08-28 00:09:06"
"608534961","Bonner Platz",48.167299,11.578208,NA,4,0,"DE","Muenchen","nextbike","2026-08-28 00:09:06"
"608534962","Elisabethplatz",48.156768,11.573554,NA,13,0,"DE","Muenchen","nextbike","2026-08-28 00:09:06"
"608534963","Herzogstraße",48.163588,11.563631,NA,7,0,"DE","Muenchen","nextbike","2026-08-28 00:09:06"
"608534964","Destouchestraße",48.164581,11.574023,NA,12,0,"DE","Muenchen","nextbike","2026-08-28 00:09:06"
"608534965","Kölner Platz / Hörwarthstraße",48.169619,11.578093,NA,4,0,"DE","Muenchen","nextbike","2026-08-28 00:09:06"
"608534967","Rümannstraße",48.175689,11.574496,NA,7,0,"DE","Muenchen","nextbike","2026-08-28 00:09:06"
"608534968","Clemensstraße",48.164327,11.56598,NA,5,0,"DE","Muenchen","nextbike","2026-08-28 00:09:06"
"608534969","Birnauer Straße / Lerchenauer Straße",48.174247,11.56064,NA,3,0,"DE","Muenchen","nextbike","2026-08-28 00:09:06"
"608534970","Georg-Birk-Straße",48.163277,11.557027,NA,6,0,"DE","Muenchen","nextbike","2026-08-28 00:09:06"
"608534971","Kathi-Kobus Straße",48.159055,11.556286,NA,4,0,"DE","Muenchen","nextbike","2026-08-28 00:09:06"
"608534973","Georgenstraße",48.155286,11.574996,NA,9,0,"DE","Muenchen","nextbike","2026-08-28 00:09:06"
"608534974","Pündterplatz",48.162752,11.577341,NA,10,0,"DE","Muenchen","nextbike","2026-08-28 00:09:06"
"608534975","Orleansplatz",48.128103,11.602686,NA,2,0,"DE","Muenchen","nextbike","2026-08-28 00:09:06"
"608534977","Hochstrasse / Pöppelstraße",48.124261,11.585795,NA,0,0,"DE","Muenchen","nextbike","2026-08-28 00:09:06"
"608534978","Bothestraße",48.136463,11.613007,NA,2,0,"DE","Muenchen","nextbike","2026-08-28 00:09:06"
"608534979","Lucile-Grahn-Straße",48.135794,11.607648,NA,3,0,"DE","Muenchen","nextbike","2026-08-28 00:09:06"
"608534980","Grillparzerstraße",48.136692,11.609877,NA,0,0,"DE","Muenchen","nextbike","2026-08-28 00:09:06"
"608534981","Rosenheimer Platz",48.129187,11.594263,NA,0,0,"DE","Muenchen","nextbike","2026-08-28 00:09:06"
"608534982","Weißenburger Platz",48.128895,11.596567,NA,1,0,"DE","Muenchen","nextbike","2026-08-28 00:09:06"
"608534983","Ostbahnhof/Belfortstraße",48.129069,11.603514,NA,0,0,"DE","Muenchen","nextbike","2026-08-28 00:09:06"
"608534984","Welfenstraße",48.122349,11.588445,NA,1,0,"DE","Muenchen","nextbike","2026-08-28 00:09:06"
"608534985","Kolumbusplatz",48.120906,11.576194,NA,3,0,"DE","Muenchen","nextbike","2026-08-28 00:09:06"
"608534986","Max-Weber-Platz Ost",48.135588,11.600923,NA,0,0,"DE","Muenchen","nextbike","2026-08-28 00:09:06"
"608534987","Falkenstraße",48.123427,11.58008,NA,5,0,"DE","Muenchen","nextbike","2026-08-28 00:09:06"
"608534988","Rosenheimer Straße",48.127906,11.594455,NA,2,0,"DE","Muenchen","nextbike","2026-08-28 00:09:06"
"608534990","Schlottauerstraße",48.123219,11.575405,NA,0,0,"DE","Muenchen","nextbike","2026-08-28 00:09:06"
"608534991","Preysingstraße",48.132268,11.591071,NA,2,0,"DE","Muenchen","nextbike","2026-08-28 00:09:06"
"608534992","Mariahilfplatz Süd",48.12486,11.582164,NA,1,0,"DE","Muenchen","nextbike","2026-08-28 00:09:06"
"608534993","Schleibingerstrasse",48.128421,11.591358,NA,2,0,"DE","Muenchen","nextbike","2026-08-28 00:09:06"
"608534994","Regerplatz",48.124676,11.587948,NA,1,0,"DE","Muenchen","nextbike","2026-08-28 00:09:06"
"608534995","Wiener Platz",48.134825,11.595959,NA,2,0,"DE","Muenchen","nextbike","2026-08-28 00:09:06"
"608534996","Hochstraße / Rosenheimer Straße",48.130996,11.589698,NA,0,0,"DE","Muenchen","nextbike","2026-08-28 00:09:06"
"608534998","Kirchenstrasse / Seeriederstraße",48.133665,11.602209,NA,6,0,"DE","Muenchen","nextbike","2026-08-28 00:09:06"
"608534999","Implerstraße",48.121298,11.548541,NA,4,0,"DE","Muenchen","nextbike","2026-08-28 00:09:06"
"608535000","Brudermühlstraße",48.111142,11.548427,NA,3,0,"DE","Muenchen","nextbike","2026-08-28 00:09:06"
"608535001","Spitzwegstraße",48.123018,11.541546,NA,4,0,"DE","Muenchen","nextbike","2026-08-28 00:09:06"
"608535002","Gotzinger Platz",48.118209,11.551265,NA,3,0,"DE","Muenchen","nextbike","2026-08-28 00:09:06"
"608535003","Lagerhausstraße / Thalkirchner Straße",48.120182,11.555557,NA,1,0,"DE","Muenchen","nextbike","2026-08-28 00:09:06"
"608535004","Engelhardstraße",48.112929,11.538838,NA,1,0,"DE","Muenchen","nextbike","2026-08-28 00:09:06"
"608535005","Herzog-Ernst-Platz",48.125192,11.541307,NA,9,0,"DE","Muenchen","nextbike","2026-08-28 00:09:06"
"608535006","Kidlerplatz",48.116949,11.541678,NA,4,0,"DE","Muenchen","nextbike","2026-08-28 00:09:06"
"608535007","Am Harras süd",48.116592,11.539068,NA,3,0,"DE","Muenchen","nextbike","2026-08-28 00:09:06"
"608535008","Mittersendling S Ost",48.108405,11.536971,NA,1,0,"DE","Muenchen","nextbike","2026-08-28 00:09:06"
"608535009","Aberlestraße",48.122236,11.545044,NA,4,0,"DE","Muenchen","nextbike","2026-08-28 00:09:06"
"608535010","Schäftlarnstraße / Gasteig HP8",48.112044,11.553298,NA,0,0,"DE","Muenchen","nextbike","2026-08-28 00:09:06"
"608535011","Margaretenplatz",48.120002,11.540473,NA,3,0,"DE","Muenchen","nextbike","2026-08-28 00:09:06"
"608535012","Resi-Huber-Platz",48.112665,11.549053,NA,7,0,"DE","Muenchen","nextbike","2026-08-28 00:09:06"
"608535013","Nestroystraße",48.121426,11.534685,NA,10,0,"DE","Muenchen","nextbike","2026-08-28 00:09:06"
"608535014","Jean-Paul-Richter-Straße",48.1118,11.525932,NA,12,0,"DE","Muenchen","nextbike","2026-08-28 00:09:06"
"608535015","Holzapfelstraße",48.138999,11.545876,NA,0,0,"DE","Muenchen","nextbike","2026-08-28 00:09:06"
"608535016","Schwanthalerhöhe U Nord / Heimeranstraße",48.133773,11.544008,NA,0,0,"DE","Muenchen","nextbike","2026-08-28 00:09:06"
"608535017","Westend",48.137823,11.531504,NA,2,0,"DE","Muenchen","nextbike","2026-08-28 00:09:06"
"608535018","Trappentreustraße",48.133877,11.533746,NA,1,0,"DE","Muenchen","nextbike","2026-08-28 00:09:06"
"608535019","Ganghoferstraße",48.137974,11.540766,NA,4,0,"DE","Muenchen","nextbike","2026-08-28 00:09:06"
"608535020","Georg-Freundorfer-Platz / Sandtnerstraße",48.133177,11.538327,NA,4,0,"DE","Muenchen","nextbike","2026-08-28 00:09:06"
"608535021","Alter Messeplatz",48.134634,11.545698,NA,2,0,"DE","Muenchen","nextbike","2026-08-28 00:09:06"
"608535022","Guldeinstraße",48.138759,11.528959,NA,10,0,"DE","Muenchen","nextbike","2026-08-28 00:09:06"
"608535023","Schießstättstraße",48.136952,11.545517,NA,1,0,"DE","Muenchen","nextbike","2026-08-28 00:09:06"
"608535024","Hans-Fischer-Straße",48.127766,11.544436,NA,3,0,"DE","Muenchen","nextbike","2026-08-28 00:09:06"
"608535025","Hirschbergstraße",48.148745,11.533839,NA,9,0,"DE","Muenchen","nextbike","2026-08-28 00:09:06"
"608535026","Schluderstraße",48.150123,11.529,NA,5,0,"DE","Muenchen","nextbike","2026-08-28 00:09:06"
"608535027","Steubenplatz Nord",48.150988,11.520659,NA,5,0,"DE","Muenchen","nextbike","2026-08-28 00:09:06"
"608535028","Nibelungenstraße",48.153094,11.52792,NA,3,0,"DE","Muenchen","nextbike","2026-08-28 00:09:06"
"608535029","Spiridon-Louis-Ring",48.167614,11.554154,NA,7,0,"DE","Muenchen","nextbike","2026-08-28 00:09:06"
"608535030","Moosach Bahnhof",48.18024,11.507373,NA,2,0,"DE","Muenchen","nextbike","2026-08-28 00:09:06"
"608535031","Sapporobogen",48.168886,11.536836,NA,3,0,"DE","Muenchen","nextbike","2026-08-28 00:09:06"
"608535032","Westfriedhof Süd",48.169064,11.528738,NA,10,0,"DE","Muenchen","nextbike","2026-08-28 00:09:06"
"608535033","Darmstädter Straße",48.175293,11.525683,NA,13,0,"DE","Muenchen","nextbike","2026-08-28 00:09:06"
"608535034","Treitschkestraße",48.177135,11.521339,NA,5,0,"DE","Muenchen","nextbike","2026-08-28 00:09:06"
"608535036","Pelkovenstraße",48.18115,11.510421,NA,8,0,"DE","Muenchen","nextbike","2026-08-28 00:09:06"
"608535037","Moosacher St. Martins PLatz",48.181676,11.517408,NA,15,0,"DE","Muenchen","nextbike","2026-08-28 00:09:06"
"608535038","Sickingerstraße",48.171936,11.505519,NA,2,0,"DE","Muenchen","nextbike","2026-08-28 00:09:06"
"608535039","Moosstraße",48.176822,11.49671,NA,11,0,"DE","Muenchen","nextbike","2026-08-28 00:09:06"
"608535040","Andenacher Straße",48.185654,11.524704,NA,5,0,"DE","Muenchen","nextbike","2026-08-28 00:09:06"
"608535041","Georg-Brauchle-Ring U",48.176792,11.52949,NA,3,0,"DE","Muenchen","nextbike","2026-08-28 00:09:06"
"608535042","Baubergerstraße",48.176646,11.505376,NA,9,0,"DE","Muenchen","nextbike","2026-08-28 00:09:06"
"608535043","Stadtwerke München",48.171239,11.530954,NA,2,0,"DE","Muenchen","nextbike","2026-08-28 00:09:06"
"608535044","Olympia-Pressestadt",48.180002,11.536811,NA,4,0,"DE","Muenchen","nextbike","2026-08-28 00:09:06"
"608535045","Hugo-Troendle-Straße",48.178919,11.51495,NA,10,0,"DE","Muenchen","nextbike","2026-08-28 00:09:06"
"608535046","Preußenstraße",48.186177,11.557269,NA,7,0,"DE","Muenchen","nextbike","2026-08-28 00:09:06"
"608535047","Milbertshofen / Keferloherstraße",48.181798,11.572188,NA,16,0,"DE","Muenchen","nextbike","2026-08-28 00:09:06"
"608535048","Frankfurter Ring U",48.185778,11.573208,NA,5,0,"DE","Muenchen","nextbike","2026-08-28 00:09:06"
"608535049","Neuherbergstraße",48.209082,11.56504,NA,9,0,"DE","Muenchen","nextbike","2026-08-28 00:09:06"
"608535050","Griegstraße",48.181686,11.584512,NA,11,0,"DE","Muenchen","nextbike","2026-08-28 00:09:06"
"608535051","Schmalkaldener Straße",48.186906,11.584119,NA,17,0,"DE","Muenchen","nextbike","2026-08-28 00:09:06"
"608535052","Olympiazentrum",48.178389,11.556516,NA,10,0,"DE","Muenchen","nextbike","2026-08-28 00:09:06"
"608535053","Marienbaderstraße",48.193547,11.58324,NA,4,0,"DE","Muenchen","nextbike","2026-08-28 00:09:06"
"608535054","Harthof",48.204771,11.570384,NA,5,0,"DE","Muenchen","nextbike","2026-08-28 00:09:06"
"608535055","Ingolstädterstraße",48.196101,11.584007,NA,10,0,"DE","Muenchen","nextbike","2026-08-28 00:09:06"
"608535057","Curt-Mezger-Platz",48.182013,11.566918,NA,20,0,"DE","Muenchen","nextbike","2026-08-28 00:09:06"
"608535058","Rose-Pichler-Weg",48.210749,11.586228,NA,15,0,"DE","Muenchen","nextbike","2026-08-28 00:09:06"
"608535059","Rockefellerstraße süd",48.206641,11.57959,NA,9,0,"DE","Muenchen","nextbike","2026-08-28 00:09:06"
"608535060","Paracelsusstraße",48.201192,11.58952,NA,15,0,"DE","Muenchen","nextbike","2026-08-28 00:09:06"
"608535061","Rockefellerstraße nord",48.209777,11.575216,NA,5,0,"DE","Muenchen","nextbike","2026-08-28 00:09:06"
"608535062","Olympiazentrum ZHS",48.180573,11.547239,NA,4,0,"DE","Muenchen","nextbike","2026-08-28 00:09:06"
"608535063","Troppauerstraße",48.195285,11.572336,NA,2,0,"DE","Muenchen","nextbike","2026-08-28 00:09:06"
"608535064","Abtstraße",48.18439,11.578156,NA,6,0,"DE","Muenchen","nextbike","2026-08-28 00:09:06"
"608535065","Rathenaustraße",48.201209,11.577427,NA,6,0,"DE","Muenchen","nextbike","2026-08-28 00:09:06"
"608535066","Bertholdstraße",48.186131,11.566038,NA,7,0,"DE","Muenchen","nextbike","2026-08-28 00:09:06"
"608535067","Karl-Weinmair-Straße",48.179601,11.589009,NA,2,0,"DE","Muenchen","nextbike","2026-08-28 00:09:06"
"608535068","Marianne-Brandt-Straße",48.180743,11.593467,NA,8,0,"DE","Muenchen","nextbike","2026-08-28 00:09:06"
"608535069","Admiralbogen",48.208239,11.613941,NA,4,0,"DE","Muenchen","nextbike","2026-08-28 00:09:06"
"608535070","Ainmillerstraße",48.158332,11.584503,NA,11,0,"DE","Muenchen","nextbike","2026-08-28 00:09:06"
"608535071","Wilhelm-Wagenfeld-Straße",48.182437,11.593753,NA,4,0,"DE","Muenchen","nextbike","2026-08-28 00:09:06"
"608535072","Max-Bill-Straße",48.187053,11.593011,NA,14,0,"DE","Muenchen","nextbike","2026-08-28 00:09:06"
"608535073","Haimhauser Straße",48.162243,11.587411,NA,8,0,"DE","Muenchen","nextbike","2026-08-28 00:09:06"
"608535074","Gertrud-Grunow-Straße",48.183643,11.596546,NA,6,0,"DE","Muenchen","nextbike","2026-08-28 00:09:06"
"608535075","Freimann",48.190721,11.614713,NA,5,0,"DE","Muenchen","nextbike","2026-08-28 00:09:06"
"608535077","Mandl- / Gunezrainerstraße",48.15987,11.591767,NA,13,0,"DE","Muenchen","nextbike","2026-08-28 00:09:06"
"608535078","Nordfriedhof U",48.173765,11.597309,NA,5,0,"DE","Muenchen","nextbike","2026-08-28 00:09:06"
"608535079","Theodor-Dombart-Straße",48.173114,11.594121,NA,11,0,"DE","Muenchen","nextbike","2026-08-28 00:09:06"
"608535080","St.-Nikolaus-Platz",48.192792,11.616112,NA,2,0,"DE","Muenchen","nextbike","2026-08-28 00:09:06"
"608535081","Josef-Wirth-Straße",48.199241,11.626731,NA,24,0,"DE","Muenchen","nextbike","2026-08-28 00:09:06"
"608535082","Carl-Orff-Bogen",48.207564,11.607999,NA,7,0,"DE","Muenchen","nextbike","2026-08-28 00:09:06"
"608535083","Fröttmaning U",48.210092,11.614037,NA,4,0,"DE","Muenchen","nextbike","2026-08-28 00:09:06"
"608535084","Nordfriedhof",48.172375,11.596858,NA,10,0,"DE","Muenchen","nextbike","2026-08-28 00:09:06"
"608535085","Mildred-Scheel-Bogen",48.1757,11.581672,NA,8,0,"DE","Muenchen","nextbike","2026-08-28 00:09:06"
"608535086","Königinstraße / Ohmstraße",48.153451,11.587692,NA,4,0,"DE","Muenchen","nextbike","2026-08-28 00:09:06"
"608535087","Arabellapark",48.153002,11.62132,NA,2,0,"DE","Muenchen","nextbike","2026-08-28 00:09:06"
"608535088","Siebertstraße",48.143687,11.601102,NA,6,0,"DE","Muenchen","nextbike","2026-08-28 00:09:06"
"608535089","Prinzregentenstadion",48.139597,11.604241,NA,5,0,"DE","Muenchen","nextbike","2026-08-28 00:09:06"
"608535090","Bundesfinanzhof",48.148214,11.605206,NA,0,0,"DE","Muenchen","nextbike","2026-08-28 00:09:06"
"608535091","Herkomerplatz",48.150505,11.60884,NA,3,0,"DE","Muenchen","nextbike","2026-08-28 00:09:06"
"608535092","Fritz-Meyer-Weg",48.172258,11.636217,NA,8,0,"DE","Muenchen","nextbike","2026-08-28 00:09:06"
"608535093","Galileiplatz",48.144415,11.607187,NA,4,0,"DE","Muenchen","nextbike","2026-08-28 00:09:06"
"608535094","Cosimastraße",48.163027,11.62937,NA,9,0,"DE","Muenchen","nextbike","2026-08-28 00:09:06"
"608535095","Elektrastraße",48.151304,11.626196,NA,0,0,"DE","Muenchen","nextbike","2026-08-28 00:09:06"
"608535096","Hofererweg",48.148617,11.628294,NA,10,0,"DE","Muenchen","nextbike","2026-08-28 00:09:06"
"608535097","Gleimstraße",48.141575,11.6268,NA,3,0,"DE","Muenchen","nextbike","2026-08-28 00:09:06"
"608535098","Daglfinger Straße",48.146417,11.640839,NA,14,0,"DE","Muenchen","nextbike","2026-08-28 00:09:06"
"608535099","Königsbergerstraße",48.151808,11.640735,NA,8,0,"DE","Muenchen","nextbike","2026-08-28 00:09:06"
"608535100","Meistersingerstraße",48.157879,11.640522,NA,5,0,"DE","Muenchen","nextbike","2026-08-28 00:09:06"
"608535101","Wesendonkstraße",48.165255,11.628959,NA,6,0,"DE","Muenchen","nextbike","2026-08-28 00:09:06"
"608535102","Fürkhofstraße",48.168059,11.634617,NA,1,0,"DE","Muenchen","nextbike","2026-08-28 00:09:06"
"608535103","Lohengrinstraße",48.162805,11.62518,NA,14,0,"DE","Muenchen","nextbike","2026-08-28 00:09:06"
"608535104","Wilhelm-Dieß-Weg",48.155228,11.636935,NA,2,0,"DE","Muenchen","nextbike","2026-08-28 00:09:06"
"608535105","Bernheimerstraße",48.173565,11.629237,NA,15,0,"DE","Muenchen","nextbike","2026-08-28 00:09:06"
"608535106","Mauerkirchner Straße",48.166898,11.618598,NA,5,0,"DE","Muenchen","nextbike","2026-08-28 00:09:06"
"608535107","Gellertstrasse",48.162641,11.614954,NA,6,0,"DE","Muenchen","nextbike","2026-08-28 00:09:06"
"608535108","Rohlfsstraße",48.140971,11.636567,NA,8,0,"DE","Muenchen","nextbike","2026-08-28 00:09:06"
"608535109","Lüderitzstraße",48.140295,11.6434,NA,5,0,"DE","Muenchen","nextbike","2026-08-28 00:09:06"
"608535110","Burgauerstraße",48.149652,11.657519,NA,8,0,"DE","Muenchen","nextbike","2026-08-28 00:09:06"
"608535111","Kardinal-Wendel-Straße",48.166293,11.657063,NA,9,0,"DE","Muenchen","nextbike","2026-08-28 00:09:06"
"608535112","Böhmerwaldplatz",48.142581,11.615048,NA,5,0,"DE","Muenchen","nextbike","2026-08-28 00:09:06"
"608535113","Richard-Strauss-Straße",48.148596,11.616378,NA,0,0,"DE","Muenchen","nextbike","2026-08-28 00:09:06"
"608535114","Mahirstraße",48.155977,11.614119,NA,6,0,"DE","Muenchen","nextbike","2026-08-28 00:09:06"
"608535116","Cosimabad",48.154246,11.629261,NA,1,0,"DE","Muenchen","nextbike","2026-08-28 00:09:06"
"608535117","Gemingstraße",48.143237,11.661442,NA,6,0,"DE","Muenchen","nextbike","2026-08-28 00:09:06"
"608535118","Schlösselgarten",48.15901,11.629502,NA,5,0,"DE","Muenchen","nextbike","2026-08-28 00:09:06"
"608535119","Höchlstraße",48.145695,11.601865,NA,0,0,"DE","Muenchen","nextbike","2026-08-28 00:09:06"
"608535120","Knappertsbuschstraße",48.163298,11.640504,NA,9,0,"DE","Muenchen","nextbike","2026-08-28 00:09:06"
"608535121","Prinzregentenplatz Nord",48.139733,11.607422,NA,4,0,"DE","Muenchen","nextbike","2026-08-28 00:09:06"
"608535122","Michaelibad",48.11922,11.630509,NA,9,0,"DE","Muenchen","nextbike","2026-08-28 00:09:06"
"608535123","Hermann-Weinhauser-Straße",48.133385,11.628823,NA,6,0,"DE","Muenchen","nextbike","2026-08-28 00:09:06"
"608535124","August-Everding-Straße",48.125389,11.61037,NA,2,0,"DE","Muenchen","nextbike","2026-08-28 00:09:06"
"608535125","Ostbahnhof/Friedenstraße",48.126758,11.608266,NA,0,0,"DE","Muenchen","nextbike","2026-08-28 00:09:06"
"608535126","Kreillerstraße",48.125805,11.647788,NA,4,0,"DE","Muenchen","nextbike","2026-08-28 00:09:06"
"608535127","Fehwiesenstraße",48.129299,11.624311,NA,9,0,"DE","Muenchen","nextbike","2026-08-28 00:09:06"
"608535128","Hachinger-Bach Straße",48.119774,11.639069,NA,8,0,"DE","Muenchen","nextbike","2026-08-28 00:09:06"
"608535129","St-Veit Straße",48.122728,11.642506,NA,5,0,"DE","Muenchen","nextbike","2026-08-28 00:09:06"
"608535130","Hohenbrunnerstraße",48.119258,11.649278,NA,5,0,"DE","Muenchen","nextbike","2026-08-28 00:09:06"
"608535131","Ursbergerstraße",48.130831,11.644692,NA,7,0,"DE","Muenchen","nextbike","2026-08-28 00:09:06"
"608535132","Hansjakobstraße",48.127146,11.653469,NA,2,0,"DE","Muenchen","nextbike","2026-08-28 00:09:06"
"608535133","Friedenstraße",48.124054,11.602249,NA,0,0,"DE","Muenchen","nextbike","2026-08-28 00:09:06"
"608535134","Innsbrucker Ring U-Bahn Ost",48.120444,11.622317,NA,0,0,"DE","Muenchen","nextbike","2026-08-28 00:09:06"
"608535135","Mühldorfstraße",48.127096,11.613289,NA,0,0,"DE","Muenchen","nextbike","2026-08-28 00:09:06"
"608535136","Josephsburg U-Bahn",48.126289,11.632472,NA,6,0,"DE","Muenchen","nextbike","2026-08-28 00:09:06"
"608535137","Grafinger Straße",48.124578,11.619448,NA,1,0,"DE","Muenchen","nextbike","2026-08-28 00:09:06"
"608535138","Isareckstraße",48.128027,11.621821,NA,4,0,"DE","Muenchen","nextbike","2026-08-28 00:09:06"
"608535139","Mutschellestraße",48.126359,11.638202,NA,2,0,"DE","Muenchen","nextbike","2026-08-28 00:09:06"
"608535140","Gögginger Straße",48.122369,11.628135,NA,5,0,"DE","Muenchen","nextbike","2026-08-28 00:09:06"
"608535141","Virgil- / Hansjakobstraße",48.130119,11.636914,NA,3,0,"DE","Muenchen","nextbike","2026-08-28 00:09:06"
"608535142","Edinburghplatz",48.133198,11.689623,NA,6,0,"DE","Muenchen","nextbike","2026-08-28 00:09:06"
"608535143","Trudering Bahnhof Süd",48.124822,11.664353,NA,5,0,"DE","Muenchen","nextbike","2026-08-28 00:09:06"
"608535144","Gronsdorf Bahnhof",48.11804,11.697968,NA,8,0,"DE","Muenchen","nextbike","2026-08-28 00:09:06"
"608535145","Friedenspromenade",48.112699,11.676805,NA,13,0,"DE","Muenchen","nextbike","2026-08-28 00:09:06"
"608535146","Truderinger Straße",48.121528,11.671484,NA,1,0,"DE","Muenchen","nextbike","2026-08-28 00:09:06"
"608535147","Perlach Bahnhof",48.094224,11.63063,NA,5,0,"DE","Muenchen","nextbike","2026-08-28 00:09:06"
"608535148","Quiddestraße",48.106845,11.646671,NA,0,0,"DE","Muenchen","nextbike","2026-08-28 00:09:06"
"608535149","Plettstraße",48.10683,11.640937,NA,0,0,"DE","Muenchen","nextbike","2026-08-28 00:09:06"
"608535150","Karl-Marx-Zentrum",48.107981,11.656356,NA,12,0,"DE","Muenchen","nextbike","2026-08-28 00:09:06"
"608535151","Giesinger Bahnhof I",48.110402,11.594512,NA,0,0,"DE","Muenchen","nextbike","2026-08-28 00:09:06"
"608535152","Kesselbergstraße",48.112869,11.583699,NA,1,0,"DE","Muenchen","nextbike","2026-08-28 00:09:06"
"608535153","Untersbergstraße",48.112087,11.587162,NA,2,0,"DE","Muenchen","nextbike","2026-08-28 00:09:06"
"608535154","Ella-Lingens-Platz",48.10981,11.580252,NA,3,0,"DE","Muenchen","nextbike","2026-08-28 00:09:06"
"608535155","Schyrenbad",48.120464,11.570291,NA,1,0,"DE","Muenchen","nextbike","2026-08-28 00:09:06"
"608535156","Hans-Mielich-Platz",48.116473,11.570002,NA,5,0,"DE","Muenchen","nextbike","2026-08-28 00:09:06"
"608535157","Candidplatz",48.112018,11.571463,NA,6,0,"DE","Muenchen","nextbike","2026-08-28 00:09:06"
"608535158","Lebschéestraße",48.107519,11.565151,NA,7,0,"DE","Muenchen","nextbike","2026-08-28 00:09:06"
"608535159","Fromundstraße",48.107716,11.576902,NA,1,0,"DE","Muenchen","nextbike","2026-08-28 00:09:06"
"608535160","Tierpark / Alemannenstraße",48.10064,11.558403,NA,12,0,"DE","Muenchen","nextbike","2026-08-28 00:09:06"
"608535162","Mangfallplatz",48.097194,11.581433,NA,5,0,"DE","Muenchen","nextbike","2026-08-28 00:09:06"
"608535163","Karolingerallee",48.095101,11.557736,NA,8,0,"DE","Muenchen","nextbike","2026-08-28 00:09:06"
"608535164","Hellabrunner Straße",48.110951,11.565297,NA,0,0,"DE","Muenchen","nextbike","2026-08-28 00:09:06"
"608535165","Authariplatz",48.091793,11.563215,NA,8,0,"DE","Muenchen","nextbike","2026-08-28 00:09:06"
"608535166","Südtiroler Straße",48.100778,11.567277,NA,6,0,"DE","Muenchen","nextbike","2026-08-28 00:09:06"
"608535167","Schmorellplatz",48.081953,11.546977,NA,1,0,"DE","Muenchen","nextbike","2026-08-28 00:09:06"
"608535168","Kastanienstraße",48.101765,11.58046,NA,3,0,"DE","Muenchen","nextbike","2026-08-28 00:09:06"
"608535169","Säbener Straße",48.098196,11.571131,NA,7,0,"DE","Muenchen","nextbike","2026-08-28 00:09:06"
"608535170","Bruggspergerstraße",48.086447,11.560821,NA,4,0,"DE","Muenchen","nextbike","2026-08-28 00:09:06"
"608535171","Säbenerplatz",48.089551,11.574538,NA,8,0,"DE","Muenchen","nextbike","2026-08-28 00:09:06"
"608535172","Schellenbergstraße",48.105725,11.574721,NA,1,0,"DE","Muenchen","nextbike","2026-08-28 00:09:06"
"608535173","Klausener Straße",48.10335,11.573001,NA,2,0,"DE","Muenchen","nextbike","2026-08-28 00:09:06"
"608535174","Hochleite - Zugang Marienklausenbrücke",48.092107,11.552297,NA,6,0,"DE","Muenchen","nextbike","2026-08-28 00:09:06"
"608535175","St.-Quirin-Platz U",48.104556,11.581453,NA,3,0,"DE","Muenchen","nextbike","2026-08-28 00:09:06"
"608535176","Wettersteinplatz U / Weningstraße",48.109311,11.57439,NA,3,0,"DE","Muenchen","nextbike","2026-08-28 00:09:06"
"608535178","Kupferhammerstraße",48.118441,11.574923,NA,4,0,"DE","Muenchen","nextbike","2026-08-28 00:09:06"
"608535179","Kemptener Straße",48.078873,11.483972,NA,9,0,"DE","Muenchen","nextbike","2026-08-28 00:09:06"
"608535180","Thalkirchen",48.101304,11.546416,NA,4,0,"DE","Muenchen","nextbike","2026-08-28 00:09:06"
"608535181","Obersendling",48.098617,11.537258,NA,4,0,"DE","Muenchen","nextbike","2026-08-28 00:09:06"
"608535182","Albert Bayerle Platz",48.10014,11.529422,NA,4,0,"DE","Muenchen","nextbike","2026-08-28 00:09:06"
"608535183","Ratzingerplatz",48.099902,11.522297,NA,2,0,"DE","Muenchen","nextbike","2026-08-28 00:09:06"
"608535184","Drygalski Allee Nord",48.098845,11.509038,NA,12,0,"DE","Muenchen","nextbike","2026-08-28 00:09:06"
"608535185","Forstenrieder Allee",48.095356,11.498043,NA,4,0,"DE","Muenchen","nextbike","2026-08-28 00:09:06"
"608535186","Basler Straße U",48.09104,11.49118,NA,2,0,"DE","Muenchen","nextbike","2026-08-28 00:09:06"
"608535187","Fürstenried West",48.088371,11.480756,NA,6,0,"DE","Muenchen","nextbike","2026-08-28 00:09:06"
"608535188","Thurgaustraße",48.092152,11.480793,NA,8,0,"DE","Muenchen","nextbike","2026-08-28 00:09:06"
"608535189","Forstenried",48.08479,11.494606,NA,7,0,"DE","Muenchen","nextbike","2026-08-28 00:09:06"
"608535190","Springerstraße",48.081974,11.50333,NA,4,0,"DE","Muenchen","nextbike","2026-08-28 00:09:06"
"608535192","Eberlestraße",48.078579,11.507955,NA,0,0,"DE","Muenchen","nextbike","2026-08-28 00:09:06"
"608535193","Grünbauerstraße / Herterichstraße",48.076398,11.517174,NA,4,0,"DE","Muenchen","nextbike","2026-08-28 00:09:06"
"608535194","Sollner Straße",48.077524,11.524738,NA,2,0,"DE","Muenchen","nextbike","2026-08-28 00:09:06"
"608535195","Solln Bahnhof Wendeschleife",48.081394,11.527757,NA,4,0,"DE","Muenchen","nextbike","2026-08-28 00:09:06"
"608535196","Grünbauerstraße/Hofbrunnstraße",48.08332,11.517733,NA,7,0,"DE","Muenchen","nextbike","2026-08-28 00:09:06"
"608535197","Zeismeringer Straße",48.08823,11.519573,NA,9,0,"DE","Muenchen","nextbike","2026-08-28 00:09:06"
"608535198","Maria-Einsiedel-Straße",48.095857,11.543037,NA,1,0,"DE","Muenchen","nextbike","2026-08-28 00:09:06"
"608535199","Melchiorstraße",48.072438,11.519124,NA,6,0,"DE","Muenchen","nextbike","2026-08-28 00:09:06"
"608535200","Siemenswerke",48.09348,11.530567,NA,3,0,"DE","Muenchen","nextbike","2026-08-28 00:09:06"
"608535201","St.-Wendel-Straße",48.090862,11.53489,NA,6,0,"DE","Muenchen","nextbike","2026-08-28 00:09:06"
"608535202","Josephinenstraße",48.082361,11.53662,NA,6,0,"DE","Muenchen","nextbike","2026-08-28 00:09:06"
"608535203","Glötzleweg",48.08604,11.510067,NA,7,0,"DE","Muenchen","nextbike","2026-08-28 00:09:06"
"608535204","Münsinger Straße",48.094357,11.516222,NA,5,0,"DE","Muenchen","nextbike","2026-08-28 00:09:06"
"608535205","Maxhofstraße",48.083382,11.474474,NA,0,0,"DE","Muenchen","nextbike","2026-08-28 00:09:06"
"608535206","Kriegelsteinerstraße",48.090145,11.497124,NA,6,0,"DE","Muenchen","nextbike","2026-08-28 00:09:06"
"608535207","Becker-Gundahl-Straße",48.085813,11.525466,NA,8,0,"DE","Muenchen","nextbike","2026-08-28 00:09:06"
"608535208","Königswieser Straße",48.083168,11.486061,NA,8,0,"DE","Muenchen","nextbike","2026-08-28 00:09:06"
"608535209","Leutstettener Straße",48.093501,11.522254,NA,8,0,"DE","Muenchen","nextbike","2026-08-28 00:09:06"
"608535210","Max-Lebsche-Platz",48.108855,11.476151,NA,6,0,"DE","Muenchen","nextbike","2026-08-28 00:09:06"
"608535211","Am Hedernfeld",48.121859,11.474135,NA,8,0,"DE","Muenchen","nextbike","2026-08-28 00:09:06"
"608535212","Drozzaweg",48.119891,11.477939,NA,3,0,"DE","Muenchen","nextbike","2026-08-28 00:09:06"
"608535213","Wastl-Witt Straße west",48.126834,11.469635,NA,11,0,"DE","Muenchen","nextbike","2026-08-28 00:09:06"
"608535214","Wastl-Witt Straße ost",48.128098,11.474167,NA,7,0,"DE","Muenchen","nextbike","2026-08-28 00:09:06"
"608535215","Veilchenstraße",48.129008,11.483073,NA,10,0,"DE","Muenchen","nextbike","2026-08-28 00:09:06"
"608535216","Ossingerstraße",48.120252,11.501537,NA,5,0,"DE","Muenchen","nextbike","2026-08-28 00:09:06"
"608535217","Menaristraße",48.128501,11.493941,NA,5,0,"DE","Muenchen","nextbike","2026-08-28 00:09:06"
"608535218","Stiftsbogen",48.119285,11.484481,NA,8,0,"DE","Muenchen","nextbike","2026-08-28 00:09:06"
"608535219","Holzapfelkreuth",48.116495,11.501274,NA,5,0,"DE","Muenchen","nextbike","2026-08-28 00:09:06"
"608535220","Kornwegerstraße",48.1128,11.495257,NA,7,0,"DE","Muenchen","nextbike","2026-08-28 00:09:06"
"608535221","Aurikelstraße",48.107831,11.490503,NA,3,0,"DE","Muenchen","nextbike","2026-08-28 00:09:06"
"608535222","Lorettoplatz",48.104225,11.488454,NA,8,0,"DE","Muenchen","nextbike","2026-08-28 00:09:06"
"608535223","Am Waldrand",48.107028,11.482198,NA,9,0,"DE","Muenchen","nextbike","2026-08-28 00:09:06"
"608535224","Altenastraße",48.114291,11.48567,NA,7,0,"DE","Muenchen","nextbike","2026-08-28 00:09:06"
"608535225","Konrad-Dreher-Straße",48.128223,11.489695,NA,10,0,"DE","Muenchen","nextbike","2026-08-28 00:09:06"
"608535226","Gondrellplatz",48.124585,11.490007,NA,4,0,"DE","Muenchen","nextbike","2026-08-28 00:09:06"
"608535227","Haderner Stern",48.118499,11.489439,NA,1,0,"DE","Muenchen","nextbike","2026-08-28 00:09:06"
"608535228","Ludwig-Hunger-Straße",48.118685,11.467851,NA,8,0,"DE","Muenchen","nextbike","2026-08-28 00:09:06"
"608535229","Großhadern",48.115436,11.475624,NA,9,0,"DE","Muenchen","nextbike","2026-08-28 00:09:06"
"608535230","Hans-Grässel Weg",48.113127,11.502006,NA,9,0,"DE","Muenchen","nextbike","2026-08-28 00:09:06"
"608535231","Pasinger Marienplatz",48.146709,11.46005,NA,5,0,"DE","Muenchen","nextbike","2026-08-28 00:09:06"
"608535232","Hermine-von-Parish-Straße",48.150228,11.476252,NA,10,0,"DE","Muenchen","nextbike","2026-08-28 00:09:06"
"608535234","Westkreuz",48.147977,11.44211,NA,1,0,"DE","Muenchen","nextbike","2026-08-28 00:09:06"
"608535235","Aubing",48.155602,11.414183,NA,13,0,"DE","Muenchen","nextbike","2026-08-28 00:09:06"
"608535236","Neuaubing",48.142867,11.423266,NA,8,0,"DE","Muenchen","nextbike","2026-08-28 00:09:06"
"608535237","Freiham",48.139371,11.410948,NA,14,0,"DE","Muenchen","nextbike","2026-08-28 00:09:06"
"608535238","Am Kosttor",48.138335,11.580954,NA,0,0,"DE","Muenchen","nextbike","2026-08-28 00:09:06"
"608535239","Sparkassenstraße, nördl. Tal",48.136871,11.57762,NA,3,0,"DE","Muenchen","nextbike","2026-08-28 00:09:06"
"608535240","Maximilianstraße, östl. Herzog-Rudolf-Str.",48.138504,11.583453,NA,5,0,"DE","Muenchen","nextbike","2026-08-28 00:09:06"
"608535241","Brunnstraße",48.136264,11.56864,NA,1,0,"DE","Muenchen","nextbike","2026-08-28 00:09:06"
"608535242","Laimer Platz",48.135404,11.500964,NA,2,0,"DE","Muenchen","nextbike","2026-08-28 00:09:06"
"608535243","Aindorferstraße / Rushaimerstraße",48.132325,11.494171,NA,5,0,"DE","Muenchen","nextbike","2026-08-28 00:09:06"
"608535244","Agnes-Bernauer-Straße",48.139516,11.511111,NA,5,0,"DE","Muenchen","nextbike","2026-08-28 00:09:06"
"608535245","Aindorferstraße",48.131108,11.501099,NA,10,0,"DE","Muenchen","nextbike","2026-08-28 00:09:06"
"608535246","Friedenheimer Straße",48.134625,11.511949,NA,5,0,"DE","Muenchen","nextbike","2026-08-28 00:09:06"
"608535247","Westendstraße",48.13501,11.521975,NA,7,0,"DE","Muenchen","nextbike","2026-08-28 00:09:06"
"608535248","Landsberger Straße / Elsenheimer Straße",48.141413,11.517044,NA,0,0,"DE","Muenchen","nextbike","2026-08-28 00:09:06"
"608535249","Lautensackstraße",48.138777,11.517862,NA,9,0,"DE","Muenchen","nextbike","2026-08-28 00:09:06"
"608535250","Rechpacherstraße",48.132577,11.486845,NA,11,0,"DE","Muenchen","nextbike","2026-08-28 00:09:06"
"608535251","Agnes Bernauer Platz",48.14029,11.496202,NA,13,0,"DE","Muenchen","nextbike","2026-08-28 00:09:06"
"608535252","Pörtschacher Straße",48.144439,11.490785,NA,5,0,"DE","Muenchen","nextbike","2026-08-28 00:09:06"
"608535254","Sandrartstraße",48.139857,11.50742,NA,7,0,"DE","Muenchen","nextbike","2026-08-28 00:09:06"
"608535255","Laim S / Wotanstraße",48.143726,11.50286,NA,6,0,"DE","Muenchen","nextbike","2026-08-28 00:09:06"
"613312171","Blumenstraße - Planungsreferat",48.13238,11.571394,NA,0,0,"DE","Muenchen","nextbike","2026-08-28 00:09:06"
"613312172","Odeonsplatz (Ostseite)",48.143268,11.57804,NA,0,0,"DE","Muenchen","nextbike","2026-08-28 00:09:06"
"613312173","Christophstraße",48.141061,11.58307,NA,9,0,"DE","Muenchen","nextbike","2026-08-28 00:09:06"
"613312174","Boschbrücke",48.131134,11.582159,NA,7,0,"DE","Muenchen","nextbike","2026-08-28 00:09:06"
"613312175","Deutsches Museum",48.1316,11.58534,NA,0,0,"DE","Muenchen","nextbike","2026-08-28 00:09:06"
"613312176","Marsplatz",48.146354,11.546639,NA,1,0,"DE","Muenchen","nextbike","2026-08-28 00:09:06"
"613312177","Luisenstraße",48.152263,11.568061,NA,4,0,"DE","Muenchen","nextbike","2026-08-28 00:09:06"
"613312179","Königsplatz U / Karlstraße",48.144154,11.563007,NA,3,0,"DE","Muenchen","nextbike","2026-08-28 00:09:06"
"613312180","Agnesstraße",48.158277,11.562847,NA,16,0,"DE","Muenchen","nextbike","2026-08-28 00:09:06"
"613312181","Stiglmaierplatz",48.1473,11.559695,NA,10,0,"DE","Muenchen","nextbike","2026-08-28 00:09:06"
"613312182","Stachus - Justizpalast",48.139931,11.565032,NA,2,0,"DE","Muenchen","nextbike","2026-08-28 00:09:06"
"613312183","Arnulfstraße - ZOB",48.143396,11.550393,NA,0,0,"DE","Muenchen","nextbike","2026-08-28 00:09:06"
"613312184","Schwere Reiter Straße",48.161334,11.55692,NA,9,0,"DE","Muenchen","nextbike","2026-08-28 00:09:06"
"613312185","Ackermannstraße / Schleißheimerstraße",48.168248,11.564684,NA,14,0,"DE","Muenchen","nextbike","2026-08-28 00:09:06"
"613312186","Bismarckstraße",48.162412,11.581602,NA,2,0,"DE","Muenchen","nextbike","2026-08-28 00:09:06"
"613312187","Auerfeldstraße",48.124138,11.59681,NA,0,0,"DE","Muenchen","nextbike","2026-08-28 00:09:06"
"613312188","Kellerstraße",48.130857,11.594334,NA,0,0,"DE","Muenchen","nextbike","2026-08-28 00:09:06"
"613312189","Wörthstraße",48.131591,11.598489,NA,1,0,"DE","Muenchen","nextbike","2026-08-28 00:09:06"
"613312190","Kirchenstraße",48.132646,11.609138,NA,8,0,"DE","Muenchen","nextbike","2026-08-28 00:09:06"
"613312191","Steinerstraße",48.103894,11.539732,NA,5,0,"DE","Muenchen","nextbike","2026-08-28 00:09:06"
"613312192","Pullacher Platz",48.105394,11.545422,NA,9,0,"DE","Muenchen","nextbike","2026-08-28 00:09:06"
"613312193","Am Flauchersteg",48.107177,11.552422,NA,0,0,"DE","Muenchen","nextbike","2026-08-28 00:09:06"
"613312194","Höglwörther Straße",48.10608,11.522882,NA,4,0,"DE","Muenchen","nextbike","2026-08-28 00:09:06"
"613312195","Mittersendling West",48.108897,11.534912,NA,2,0,"DE","Muenchen","nextbike","2026-08-28 00:09:06"
"613312196","Luise-Kiesselbach-Platz",48.112654,11.519251,NA,7,0,"DE","Muenchen","nextbike","2026-08-28 00:09:06"
"613312197","Waldfriedhofstraße",48.113463,11.515531,NA,1,0,"DE","Muenchen","nextbike","2026-08-28 00:09:06"
"613312198","Waldfriedhof",48.112061,11.503793,NA,14,0,"DE","Muenchen","nextbike","2026-08-28 00:09:06"
"613312199","Einhornallee",48.107665,11.511278,NA,7,0,"DE","Muenchen","nextbike","2026-08-28 00:09:06"
"613312200","Markomannenstraße",48.105386,11.505467,NA,4,0,"DE","Muenchen","nextbike","2026-08-28 00:09:06"
"613312201","Hinterbärenbadstraße",48.120626,11.528467,NA,10,0,"DE","Muenchen","nextbike","2026-08-28 00:09:06"
"613312202","Westendstraße",48.123732,11.508038,NA,9,0,"DE","Muenchen","nextbike","2026-08-28 00:09:06"
"613312203","Illingstraße",48.103491,11.524717,NA,7,0,"DE","Muenchen","nextbike","2026-08-28 00:09:06"
"613312204","Partnachplatz",48.116802,11.526109,NA,3,0,"DE","Muenchen","nextbike","2026-08-28 00:09:06"
"613312205","Westpark",48.117857,11.516793,NA,6,0,"DE","Muenchen","nextbike","2026-08-28 00:09:06"
"613312206","Drachenseestraße",48.117041,11.531579,NA,7,0,"DE","Muenchen","nextbike","2026-08-28 00:09:06"
"613312207","Trappentreustraße / Donnersbergerbrücke",48.13917,11.534863,NA,7,0,"DE","Muenchen","nextbike","2026-08-28 00:09:06"
"613312208","Donnersbergerbrücke",48.143629,11.536143,NA,2,0,"DE","Muenchen","nextbike","2026-08-28 00:09:06"
"613312209","Hedwig-Dransfeld-Allee",48.165228,11.545215,NA,10,0,"DE","Muenchen","nextbike","2026-08-28 00:09:06"
"613312210","Fasaneriestraße",48.15753,11.54324,NA,10,0,"DE","Muenchen","nextbike","2026-08-28 00:09:06"
"613312211","Gerner Brücke",48.158862,11.526036,NA,8,0,"DE","Muenchen","nextbike","2026-08-28 00:09:06"
"613312212","Burghausener Straße",48.14759,11.529289,NA,7,0,"DE","Muenchen","nextbike","2026-08-28 00:09:06"
"613312213","Hirschgarten",48.144816,11.520115,NA,0,0,"DE","Muenchen","nextbike","2026-08-28 00:09:06"
"613312214","Engasserbogen",48.145712,11.511511,NA,4,0,"DE","Muenchen","nextbike","2026-08-28 00:09:06"
"613312215","Nymphenburg Süd",48.146143,11.502216,NA,11,0,"DE","Muenchen","nextbike","2026-08-28 00:09:06"
"613312216","Kemnatenstraße",48.151997,11.504383,NA,8,0,"DE","Muenchen","nextbike","2026-08-28 00:09:06"
"613312217","Romanstraße",48.155119,11.505992,NA,6,0,"DE","Muenchen","nextbike","2026-08-28 00:09:06"
"613312218","Volpinistraße",48.165104,11.512722,NA,9,0,"DE","Muenchen","nextbike","2026-08-28 00:09:06"
"613312219","Dall'Armistraße",48.161672,11.511572,NA,6,0,"DE","Muenchen","nextbike","2026-08-28 00:09:06"
"613312220","Donnersbergerstraße",48.146596,11.535694,NA,12,0,"DE","Muenchen","nextbike","2026-08-28 00:09:06"
"613312221","Rotkreuzplatz",48.15311,11.531966,NA,10,0,"DE","Muenchen","nextbike","2026-08-28 00:09:06"
"613312222","Amalienburgstraße",48.165325,11.493301,NA,8,0,"DE","Muenchen","nextbike","2026-08-28 00:09:06"
"613312223","Botanischer Garten",48.164677,11.502466,NA,6,0,"DE","Muenchen","nextbike","2026-08-28 00:09:06"
"613312224","Dom-Pedro-Straße",48.159708,11.535028,NA,8,0,"DE","Muenchen","nextbike","2026-08-28 00:09:06"
"613312225","Albrechtstraße",48.155193,11.540151,NA,16,0,"DE","Muenchen","nextbike","2026-08-28 00:09:06"
"613312226","Leonrodplatz",48.1597,11.546576,NA,3,0,"DE","Muenchen","nextbike","2026-08-28 00:09:06"
"613312227","Christoph-Rapparini-Bogen",48.145804,11.506386,NA,6,0,"DE","Muenchen","nextbike","2026-08-28 00:09:06"
"613312228","Hanebergstraße",48.162338,11.536755,NA,5,0,"DE","Muenchen","nextbike","2026-08-28 00:09:06"
"613312229","Donauwörther Straße",48.184202,11.496734,NA,10,0,"DE","Muenchen","nextbike","2026-08-28 00:09:06"
"613312230","Memminger Platz",48.181013,11.506254,NA,5,0,"DE","Muenchen","nextbike","2026-08-28 00:09:06"
"613312231","Olympia Einkaufszentrum",48.182376,11.528717,NA,12,0,"DE","Muenchen","nextbike","2026-08-28 00:09:06"
"613312233","Anhalter Platz",48.187042,11.56156,NA,6,0,"DE","Muenchen","nextbike","2026-08-28 00:09:06"
"613312234","Am Hart U",48.197716,11.57208,NA,1,0,"DE","Muenchen","nextbike","2026-08-28 00:09:06"
"613312236","Oberwiesenfeld U-Bahn West",48.186592,11.546192,NA,3,0,"DE","Muenchen","nextbike","2026-08-28 00:09:06"
"613312237","Wilhelm-Hertz-Straße",48.175945,11.585842,NA,14,0,"DE","Muenchen","nextbike","2026-08-28 00:09:06"
"613312238","Schwedenstraße",48.169586,11.603003,NA,4,0,"DE","Muenchen","nextbike","2026-08-28 00:09:06"
"613312239","Wiltrudenstraße",48.167377,11.59151,NA,9,0,"DE","Muenchen","nextbike","2026-08-28 00:09:06"
"613312240","Alte Haide U",48.177842,11.602486,NA,8,0,"DE","Muenchen","nextbike","2026-08-28 00:09:06"
"613312241","Parzivalplatz",48.171033,11.584974,NA,7,0,"DE","Muenchen","nextbike","2026-08-28 00:09:06"
"613312242","Kieferngarten",48.203392,11.612684,NA,3,0,"DE","Muenchen","nextbike","2026-08-28 00:09:06"
"613312243","St. Emmeram",48.176074,11.631513,NA,3,0,"DE","Muenchen","nextbike","2026-08-28 00:09:06"
"613312244","Kufsteiner Platz",48.14997,11.60174,NA,5,0,"DE","Muenchen","nextbike","2026-08-28 00:09:06"
"613312245","Effnerplatz Nordost",48.152697,11.614833,NA,4,0,"DE","Muenchen","nextbike","2026-08-28 00:09:06"
"613312246","Baumkirchnerstraße",48.128503,11.630727,NA,7,0,"DE","Muenchen","nextbike","2026-08-28 00:09:06"
"613312247","Ampfingstraße",48.130363,11.615767,NA,2,0,"DE","Muenchen","nextbike","2026-08-28 00:09:06"
"613312248","Martin-Empl-Ring",48.140954,11.682629,NA,2,0,"DE","Muenchen","nextbike","2026-08-28 00:09:06"
"613312249","Lehrer-Wirth-Straße",48.129475,11.694919,NA,11,0,"DE","Muenchen","nextbike","2026-08-28 00:09:06"
"613312250","Selma-Lageröf-Straße",48.129964,11.702747,NA,9,0,"DE","Muenchen","nextbike","2026-08-28 00:09:06"
"613312251","U-Bahn Moosfeld",48.131133,11.671374,NA,7,0,"DE","Muenchen","nextbike","2026-08-28 00:09:06"
"613312252","Wardeinstraße",48.12467,11.655903,NA,2,0,"DE","Muenchen","nextbike","2026-08-28 00:09:06"
"613312253","Karpfenstraße",48.122928,11.662454,NA,1,0,"DE","Muenchen","nextbike","2026-08-28 00:09:06"
"613312254","Feldbergstraße",48.108699,11.663219,NA,3,0,"DE","Muenchen","nextbike","2026-08-28 00:09:06"
"613312255","Postweg",48.117954,11.68393,NA,6,0,"DE","Muenchen","nextbike","2026-08-28 00:09:06"
"613312256","Spertentalstraße",48.118144,11.670033,NA,12,0,"DE","Muenchen","nextbike","2026-08-28 00:09:06"
"613312257","Georg-Kerschensteiner-Straße",48.132961,11.697017,NA,6,0,"DE","Muenchen","nextbike","2026-08-28 00:09:06"
"613312258","Messestadt Ost U-Bahn",48.13336,11.703236,NA,0,0,"DE","Muenchen","nextbike","2026-08-28 00:09:06"
"613312259","Friesplatz",48.100622,11.672228,NA,10,0,"DE","Muenchen","nextbike","2026-08-28 00:09:06"
"613312260","Ungsteiner Straße",48.114724,11.597168,NA,0,0,"DE","Muenchen","nextbike","2026-08-28 00:09:06"
"613312261","Ramersdorf",48.115401,11.612403,NA,4,0,"DE","Muenchen","nextbike","2026-08-28 00:09:06"
"613312262","Führichstraße",48.116431,11.614696,NA,0,0,"DE","Muenchen","nextbike","2026-08-28 00:09:06"
"613312263","Thomasiusplatz",48.11535,11.603387,NA,0,0,"DE","Muenchen","nextbike","2026-08-28 00:09:06"
"613312264","Balanstraße",48.109407,11.603445,NA,4,0,"DE","Muenchen","nextbike","2026-08-28 00:09:06"
"613312265","Georg-Brauchle-Haus",48.109805,11.63923,NA,1,0,"DE","Muenchen","nextbike","2026-08-28 00:09:06"
"613312266","Hochäckerstraße",48.101156,11.606903,NA,5,0,"DE","Muenchen","nextbike","2026-08-28 00:09:06"
"613312267","Sudermannallee",48.097677,11.65268,NA,4,0,"DE","Muenchen","nextbike","2026-08-28 00:09:06"
"613312268","Hermann-Pünder-Straße",48.089132,11.636949,NA,5,0,"DE","Muenchen","nextbike","2026-08-28 00:09:06"
"613312269","Maria-Wimmer-Straße",48.08516,11.661418,NA,9,0,"DE","Muenchen","nextbike","2026-08-28 00:09:06"
"613312270","Woferlstraße",48.108984,11.619507,NA,9,0,"DE","Muenchen","nextbike","2026-08-28 00:09:06"
"613312271","Karl-Preis-Platz",48.118064,11.610177,NA,0,0,"DE","Muenchen","nextbike","2026-08-28 00:09:06"
"613312272","St.-Martin-Straße Ost",48.119507,11.600463,NA,2,0,"DE","Muenchen","nextbike","2026-08-28 00:09:06"
"613312273","Neuperlach Zentrum",48.100853,11.646309,NA,1,0,"DE","Muenchen","nextbike","2026-08-28 00:09:06"
"613312274","Nawiaskystraße",48.106409,11.636608,NA,6,0,"DE","Muenchen","nextbike","2026-08-28 00:09:06"
"613312275","Neuer Südfriedhof",48.101227,11.622042,NA,6,0,"DE","Muenchen","nextbike","2026-08-28 00:09:06"
"613312276","Schlierseestraße",48.115517,11.592303,NA,2,0,"DE","Muenchen","nextbike","2026-08-28 00:09:06"
"613312277","Pöllatstraße",48.105517,11.591138,NA,10,0,"DE","Muenchen","nextbike","2026-08-28 00:09:06"
"613312278","Lincolnstraße",48.095167,11.59126,NA,3,0,"DE","Muenchen","nextbike","2026-08-28 00:09:06"
"613312279","Minnewitstraße",48.086997,11.599204,NA,12,0,"DE","Muenchen","nextbike","2026-08-28 00:09:06"
"613312281","Ostfriedhof",48.117519,11.582032,NA,2,0,"DE","Muenchen","nextbike","2026-08-28 00:09:06"
"613312282","St. Martin-Straße S-Bahn",48.118254,11.594671,NA,0,0,"DE","Muenchen","nextbike","2026-08-28 00:09:06"
"613312283","Tegernseer Platz",48.115501,11.580741,NA,4,0,"DE","Muenchen","nextbike","2026-08-28 00:09:06"
"613312284","Schafreiterplatz",48.102482,11.595012,NA,5,0,"DE","Muenchen","nextbike","2026-08-28 00:09:06"
"613312285","Sintpertstraße",48.110642,11.589249,NA,2,0,"DE","Muenchen","nextbike","2026-08-28 00:09:06"
"613312286","Zugspitzplätzchen",48.116522,11.58336,NA,2,0,"DE","Muenchen","nextbike","2026-08-28 00:09:06"
"613312287","Grünspitz",48.113202,11.576828,NA,2,0,"DE","Muenchen","nextbike","2026-08-28 00:09:06"
"613312288","Am Bergsteig",48.118881,11.579973,NA,6,0,"DE","Muenchen","nextbike","2026-08-28 00:09:06"
"613312289","Theodolindenplatz",48.090711,11.558066,NA,2,0,"DE","Muenchen","nextbike","2026-08-28 00:09:06"
"613312290","Rolf-Pinegger-Straße",48.12582,11.47709,NA,10,0,"DE","Muenchen","nextbike","2026-08-28 00:09:06"
"613312291","Pasing Bahnhof Süd",48.149102,11.459789,NA,1,0,"DE","Muenchen","nextbike","2026-08-28 00:09:06"
"613312292","Mitterfeldstraße",48.137897,11.483132,NA,9,0,"DE","Muenchen","nextbike","2026-08-28 00:09:06"
"613312293","Veldener Straße",48.145169,11.479889,NA,5,0,"DE","Muenchen","nextbike","2026-08-28 00:09:06"
"613312294","Avenariusplatz",48.142389,11.450851,NA,11,0,"DE","Muenchen","nextbike","2026-08-28 00:09:06"
"613312295","Polkostraße",48.159762,11.445722,NA,7,0,"DE","Muenchen","nextbike","2026-08-28 00:09:06"
"613312296","Am Knie",48.142045,11.474476,NA,8,0,"DE","Muenchen","nextbike","2026-08-28 00:09:06"
"613312297","Mainaustraße",48.148679,11.434234,NA,15,0,"DE","Muenchen","nextbike","2026-08-28 00:09:06"
"613312298","Fritz-Bauer-Straße",48.141112,11.422564,NA,12,0,"DE","Muenchen","nextbike","2026-08-28 00:09:06"
"613312299","Wiesentfelser Straße West",48.146347,11.413553,NA,4,0,"DE","Muenchen","nextbike","2026-08-28 00:09:06"
"613312300","Wiesentfelser Straße Ost",48.147422,11.42077,NA,10,0,"DE","Muenchen","nextbike","2026-08-28 00:09:06"
"613312301","Sportanlagen Freiham",48.142403,11.403044,NA,9,0,"DE","Muenchen","nextbike","2026-08-28 00:09:06"
"613312302","Riesenburgstraße",48.150968,11.412909,NA,9,0,"DE","Muenchen","nextbike","2026-08-28 00:09:06"
"613312303","Leinweberweg",48.176321,11.417194,NA,7,0,"DE","Muenchen","nextbike","2026-08-28 00:09:06"
"613312304","Zwiedineckstraße",48.180353,11.464696,NA,9,0,"DE","Muenchen","nextbike","2026-08-28 00:09:06"
"613312305","Korbinian-Beer-Straße",48.183463,11.479739,NA,9,0,"DE","Muenchen","nextbike","2026-08-28 00:09:06"
"613312306","Manzostraße",48.183831,11.48817,NA,9,0,"DE","Muenchen","nextbike","2026-08-28 00:09:06"
"613312307","SV Untermenzing",48.176131,11.466134,NA,6,0,"DE","Muenchen","nextbike","2026-08-28 00:09:06"
"613312308","Augustin-Rösch-Straße",48.200656,11.564274,NA,6,0,"DE","Muenchen","nextbike","2026-08-28 00:09:06"
"613312309","Feldmochinger Anger",48.209216,11.544466,NA,9,0,"DE","Muenchen","nextbike","2026-08-28 00:09:06"
"613312310","Hasenbergl",48.213754,11.55654,NA,3,0,"DE","Muenchen","nextbike","2026-08-28 00:09:06"
"613312311","Feldmoching I",48.213674,11.540333,NA,2,0,"DE","Muenchen","nextbike","2026-08-28 00:09:06"
"613312312","Dülferstraße U West",48.213283,11.561993,NA,4,0,"DE","Muenchen","nextbike","2026-08-28 00:09:06"
"613312313","Ittlingerstraße",48.208336,11.555278,NA,6,0,"DE","Muenchen","nextbike","2026-08-28 00:09:06"
"613312314","Eduard-Spranger-Straße",48.207722,11.550141,NA,11,0,"DE","Muenchen","nextbike","2026-08-28 00:09:06"
"613312315","Fachnerstraße",48.131088,11.509525,NA,8,0,"DE","Muenchen","nextbike","2026-08-28 00:09:06"
"613510037","Geroltstraße",48.131332,11.538334,NA,1,0,"DE","Muenchen","nextbike","2026-08-28 00:09:06"
"624056982","Großhartpenning",47.846653,11.678266,NA,4,0,"DE","Muenchen","nextbike","2026-08-28 00:09:06"
"624057057","Föching",47.895636,11.716353,NA,8,0,"DE","Muenchen","nextbike","2026-08-28 00:09:06"
"631244273","Rosental (Ecke Sendlinger Str.)",48.136158,11.572902,NA,3,0,"DE","Muenchen","nextbike","2026-08-28 00:09:06"
"631244274","Rotkreuzplatz / Donnersbergerstraße",48.152129,11.533139,NA,1,0,"DE","Muenchen","nextbike","2026-08-28 00:09:06"
"631244275","Hauptbahnhof Süd II",48.13867,11.558547,NA,2,0,"DE","Muenchen","nextbike","2026-08-28 00:09:06"
"631244276","Maillingerstraße",48.150433,11.544812,NA,6,0,"DE","Muenchen","nextbike","2026-08-28 00:09:06"
"631244277","Pronnerplatz",48.143954,11.495654,NA,8,0,"DE","Muenchen","nextbike","2026-08-28 00:09:06"
"631244278","Karl-Theodor-Straße",48.166603,11.578666,NA,3,0,"DE","Muenchen","nextbike","2026-08-28 00:09:06"
"631244280","Hubertusstraße",48.156172,11.519937,NA,8,0,"DE","Muenchen","nextbike","2026-08-28 00:09:06"
"631244281","Heideckstraße",48.162561,11.541947,NA,9,0,"DE","Muenchen","nextbike","2026-08-28 00:09:06"
"631244286","Josephsplatz",48.155853,11.566783,NA,8,0,"DE","Muenchen","nextbike","2026-08-28 00:09:06"
"631244287","Gärtnerplatz/Klenzestraße",48.132015,11.576589,NA,6,0,"DE","Muenchen","nextbike","2026-08-28 00:09:06"
"631244288","Trautenwolffsstraße",48.158032,11.585294,NA,6,0,"DE","Muenchen","nextbike","2026-08-28 00:09:06"
"631244289","Heimeranplatz / Heimeranstraße",48.133639,11.534625,NA,4,0,"DE","Muenchen","nextbike","2026-08-28 00:09:06"
"631244290","Hackenstraße",48.135974,11.570573,NA,2,0,"DE","Muenchen","nextbike","2026-08-28 00:09:06"
"631244291","Herzog-Wilhelm-Straße (Ecke Herzogspitalstr.))",48.138069,11.566756,NA,2,0,"DE","Muenchen","nextbike","2026-08-28 00:09:06"
"631244292","Maderbräustraße, nördl. Tal",48.136474,11.578355,NA,2,0,"DE","Muenchen","nextbike","2026-08-28 00:09:06"
"631244293","Giesinger Bahnhof II",48.110773,11.59507,NA,0,0,"DE","Muenchen","nextbike","2026-08-28 00:09:06"
"631244294","Maximilianstraße (Ecke Falkenturmsstr.)",48.139117,11.579655,NA,1,0,"DE","Muenchen","nextbike","2026-08-28 00:09:06"
"631244295","Münzstraße, westl. Platzl",48.137697,11.579333,NA,0,0,"DE","Muenchen","nextbike","2026-08-28 00:09:06"
"631244297","Blutenburgstraße",48.151975,11.535357,NA,9,0,"DE","Muenchen","nextbike","2026-08-28 00:09:06"
"631244302","Romanplatz",48.154083,11.511376,NA,3,0,"DE","Muenchen","nextbike","2026-08-28 00:09:06"
"631244303","Schloss Nymphenburg",48.158324,11.51078,NA,7,0,"DE","Muenchen","nextbike","2026-08-28 00:09:06"
"631244304","Margarethe-Danzi-Straße",48.147096,11.49644,NA,8,0,"DE","Muenchen","nextbike","2026-08-28 00:09:06"
"631244306","Hirschgarten - Haupteingang",48.150428,11.510606,NA,4,0,"DE","Muenchen","nextbike","2026-08-28 00:09:06"
"631244308","Untermenzing S-Bahn Nord",48.178159,11.474491,NA,5,0,"DE","Muenchen","nextbike","2026-08-28 00:09:06"
"631244309","Nederlinger Straße",48.163433,11.520516,NA,10,0,"DE","Muenchen","nextbike","2026-08-28 00:09:06"
"631244311","Sadelerstraße",48.165216,11.520771,NA,7,0,"DE","Muenchen","nextbike","2026-08-28 00:09:06"
"631244312","Gern",48.163429,11.528919,NA,5,0,"DE","Muenchen","nextbike","2026-08-28 00:09:06"
"631244313","Am Harras nord",48.117401,11.539889,NA,6,0,"DE","Muenchen","nextbike","2026-08-28 00:09:06"
"631244315","Erzgießereistraße",48.148849,11.552554,NA,10,0,"DE","Muenchen","nextbike","2026-08-28 00:09:06"
"631244316","Brienner Straße",48.143039,11.575778,NA,0,0,"DE","Muenchen","nextbike","2026-08-28 00:09:06"
"636549648","Munich Urban Colab",48.156688,11.551519,NA,6,0,"DE","Muenchen","nextbike","2026-08-28 00:09:06"
"636549996","The Malt",48.195185,11.464444,NA,7,0,"DE","Muenchen","nextbike","2026-08-28 00:09:06"
"637793642","BR Campus Freimann",48.190244,11.627016,NA,5,0,"DE","Muenchen","nextbike","2026-08-28 00:09:06"
"637794034","BR Funkhaus",48.142681,11.554042,NA,2,0,"DE","Muenchen","nextbike","2026-08-28 00:09:06"
"50419","Berliner Platz StadtLastenRad",51.458744,7.004194,NA,1,0,"DE","Ruhrgebiet (metropolradruhr)","nextbike","2026-08-28 00:09:06"
"50425","Rüttenscheider Stern StadtLastenRad",51.438193,7.005667,NA,1,0,"DE","Ruhrgebiet (metropolradruhr)","nextbike","2026-08-28 00:09:06"
"113462","Grendplatz StadtLastenRad",51.446291,7.075067,NA,1,0,"DE","Ruhrgebiet (metropolradruhr)","nextbike","2026-08-28 00:09:06"
"113463","Essen Borbeck Bahnhof StadtLastenRad",51.472883,6.949319,NA,1,0,"DE","Ruhrgebiet (metropolradruhr)","nextbike","2026-08-28 00:09:06"
"115216","Gervinusstraße StadtLastenRad",51.449527,6.972992,NA,1,0,"DE","Ruhrgebiet (metropolradruhr)","nextbike","2026-08-28 00:09:06"
"121674","Gemarkenplatz StadtLastenRad",51.441771,6.997787,NA,1,0,"DE","Ruhrgebiet (metropolradruhr)","nextbike","2026-08-28 00:09:06"
"146999","Universität StadtLastenRad",51.464973,7.001703,NA,1,0,"DE","Ruhrgebiet (metropolradruhr)","nextbike","2026-08-28 00:09:06"
"147004","Mobilstation Parkfriedhof StadtLastenRad",51.447384,7.044082,NA,1,0,"DE","Ruhrgebiet (metropolradruhr)","nextbike","2026-08-28 00:09:06"
"147012","Mobilstation Florastraße StadtLastenRad",51.426604,7.002749,NA,1,0,"DE","Ruhrgebiet (metropolradruhr)","nextbike","2026-08-28 00:09:06"
"31364543","Mobilstation Kupferdreh StadtLastenRad",51.391658,7.080125,NA,1,0,"DE","Ruhrgebiet (metropolradruhr)","nextbike","2026-08-28 00:09:06"
"397909001","Eltingstraße StadtLastenRad",51.466384,7.013751,NA,1,0,"DE","Ruhrgebiet (metropolradruhr)","nextbike","2026-08-28 00:09:06"
"474985643","Weserstraße StadtLastenRad",51.437134,7.032763,NA,1,0,"DE","Ruhrgebiet (metropolradruhr)","nextbike","2026-08-28 00:09:06"
"499068852","Katernberger Markt StadtLastenRad",51.497417,7.048187,NA,0,0,"DE","Ruhrgebiet (metropolradruhr)","nextbike","2026-08-28 00:09:06"
"499069127","Isenbergstraße / Witteringstraße StadtLastenRad",51.441517,7.016203,NA,1,0,"DE","Ruhrgebiet (metropolradruhr)","nextbike","2026-08-28 00:09:06"
"499941260","Altenessen Mitte StadtLastenRad",51.494972,7.007189,NA,1,0,"DE","Ruhrgebiet (metropolradruhr)","nextbike","2026-08-28 00:09:06"
"555065328"," Haarzopf/Erbach StadtLastenRad",51.419958,6.958525,NA,1,0,"DE","Ruhrgebiet (metropolradruhr)","nextbike","2026-08-28 00:09:06"
"607620114","Ernestinenstr. StadtLastenRad",51.467618,7.04529,NA,0,0,"DE","Ruhrgebiet (metropolradruhr)","nextbike","2026-08-28 00:09:06"
"24397","Hauptbahnhof",54.315972,10.132278,42,37,3,"DE","Kiel/KielRegion (SprottenFlotte)","Donkey Republic","2026-08-28 00:09:06"
"33008","Schwebstöcken",54.2404563,10.2941646,20,3,17,"DE","Kiel/KielRegion (SprottenFlotte)","Donkey Republic","2026-08-28 00:09:06"
"24383","CAU Sportstätten",54.343444,10.111139,35,1,34,"DE","Kiel/KielRegion (SprottenFlotte)","Donkey Republic","2026-08-28 00:09:06"
"24463","Haimkrogkoppel",54.2429308,10.2994182,20,5,15,"DE","Kiel/KielRegion (SprottenFlotte)","Donkey Republic","2026-08-28 00:09:06"
"36775","Nordmarkhalle",54.3013451,9.6764596,15,2,13,"DE","Kiel/KielRegion (SprottenFlotte)","Donkey Republic","2026-08-28 00:09:06"
"24430","Fischerkoppel / BBZ",54.47767,9.83707,25,1,21,"DE","Kiel/KielRegion (SprottenFlotte)","Donkey Republic","2026-08-28 00:09:06"
"24381","Westring/Eckernförder Str.",54.328543,10.117925,30,3,27,"DE","Kiel/KielRegion (SprottenFlotte)","Donkey Republic","2026-08-28 00:09:06"
"33411","Hörn (Testlauf)",54.3139391,10.1386961,8,0,7,"DE","Kiel/KielRegion (SprottenFlotte)","Donkey Republic","2026-08-28 00:09:06"
"24393","Tilsiter Platz",54.3231298,10.1704551,30,12,18,"DE","Kiel/KielRegion (SprottenFlotte)","Donkey Republic","2026-08-28 00:09:06"
"24422","Fähre Nobiskrug",54.308426,9.709962,20,12,8,"DE","Kiel/KielRegion (SprottenFlotte)","Donkey Republic","2026-08-28 00:09:06"
"27448","Wendtorf Marina",54.4190661,10.2878796,30,5,25,"DE","Kiel/KielRegion (SprottenFlotte)","Donkey Republic","2026-08-28 00:09:06"
"36088"," Campingplatz Ostee Camp Kliff",54.4146608,10.2524214,12,1,11,"DE","Kiel/KielRegion (SprottenFlotte)","Donkey Republic","2026-08-28 00:09:06"
"24398","Rathausplatz",54.322361,10.133861,30,5,23,"DE","Kiel/KielRegion (SprottenFlotte)","Donkey Republic","2026-08-28 00:09:06"
"24369","Alte Mu/Brunswiker Str.",54.327583,10.1415,15,6,9,"DE","Kiel/KielRegion (SprottenFlotte)","Donkey Republic","2026-08-28 00:09:06"
"30027","REWE Klausdorf",54.3121896,10.2004707,15,8,7,"DE","Kiel/KielRegion (SprottenFlotte)","Donkey Republic","2026-08-28 00:09:06"
"31353","Falkensteiner Strand (Apr-Okt)",54.401024,10.1904627,20,2,19,"DE","Kiel/KielRegion (SprottenFlotte)","Donkey Republic","2026-08-28 00:09:06"
"30026","Ostseepark",54.2887936,10.2177163,15,2,13,"DE","Kiel/KielRegion (SprottenFlotte)","Donkey Republic","2026-08-28 00:09:06"
"24401","Dataport/FHVD",54.4020262,10.1281108,30,4,25,"DE","Kiel/KielRegion (SprottenFlotte)","Donkey Republic","2026-08-28 00:09:06"
"24424","Grüner Kranz",54.3078903,9.6500663,20,3,17,"DE","Kiel/KielRegion (SprottenFlotte)","Donkey Republic","2026-08-28 00:09:06"
"24374","Holsten-/Hafenstrasse",54.321,10.135389,20,22,0,"DE","Kiel/KielRegion (SprottenFlotte)","Donkey Republic","2026-08-28 00:09:06"
"30022","Rathaus Schwentinental",54.2842995,10.2405657,15,1,14,"DE","Kiel/KielRegion (SprottenFlotte)","Donkey Republic","2026-08-28 00:09:06"
"30120","Martinshaus",54.2901357,9.6536059,15,6,9,"DE","Kiel/KielRegion (SprottenFlotte)","Donkey Republic","2026-08-28 00:09:06"
"36996","Lancasterstr.",54.305029,9.6926541,15,1,14,"DE","Kiel/KielRegion (SprottenFlotte)","Donkey Republic","2026-08-28 00:09:06"
"26708","Schule Mielkendorf",54.2844554,10.0375259,25,12,13,"DE","Kiel/KielRegion (SprottenFlotte)","Donkey Republic","2026-08-28 00:09:06"
"29982","Eiderbad (Apr - Okt)",54.2858815,10.072252,20,1,19,"DE","Kiel/KielRegion (SprottenFlotte)","Donkey Republic","2026-08-28 00:09:06"
"26653","Feuerwehrhaus Schönberg",54.3944955,10.3721663,15,0,15,"DE","Kiel/KielRegion (SprottenFlotte)","Donkey Republic","2026-08-28 00:09:06"
"27450","Wisch Ort",54.4089166,10.3416223,15,6,9,"DE","Kiel/KielRegion (SprottenFlotte)","Donkey Republic","2026-08-28 00:09:06"
"24389","Hansastr./Gutenbergstr.",54.332111,10.124861,20,4,17,"DE","Kiel/KielRegion (SprottenFlotte)","Donkey Republic","2026-08-28 00:09:06"
"24423","Fussgängertunnel Nordseite",54.291789,9.663878,20,8,10,"DE","Kiel/KielRegion (SprottenFlotte)","Donkey Republic","2026-08-28 00:09:06"
"29147","Strandbad Lanker See (April - Oktober)",54.2187212,10.2815616,20,0,20,"DE","Kiel/KielRegion (SprottenFlotte)","Donkey Republic","2026-08-28 00:09:06"
"26805","Amt Eidertal",54.281617,10.0794572,15,1,14,"DE","Kiel/KielRegion (SprottenFlotte)","Donkey Republic","2026-08-28 00:09:06"
"24403","Hafen Laboe",54.4033599,10.2196891,30,14,15,"DE","Kiel/KielRegion (SprottenFlotte)","Donkey Republic","2026-08-28 00:09:06"
"24452","ZOB Rendsburg",54.303083,9.668583,20,3,17,"DE","Kiel/KielRegion (SprottenFlotte)","Donkey Republic","2026-08-28 00:09:06"
"35156","Melanchthonstraße",54.3128417,10.1197637,20,1,19,"DE","Kiel/KielRegion (SprottenFlotte)","Donkey Republic","2026-08-28 00:09:06"
"34817","Lindenstraße",54.2279082,10.2707972,20,0,20,"DE","Kiel/KielRegion (SprottenFlotte)","Donkey Republic","2026-08-28 00:09:06"
"31883","Metzstraße",54.3255159,10.116875,20,3,16,"DE","Kiel/KielRegion (SprottenFlotte)","Donkey Republic","2026-08-28 00:09:06"
"24408","thyssenkrupp Marine Systems bis 15.7.",54.316436,10.15131,30,12,17,"DE","Kiel/KielRegion (SprottenFlotte)","Donkey Republic","2026-08-28 00:09:06"
"24458","Bahnhof Plön",54.159571,10.4221476,30,1,29,"DE","Kiel/KielRegion (SprottenFlotte)","Donkey Republic","2026-08-28 00:09:06"
"24426","WFG Rendsburg",54.296658,9.6637986,15,1,14,"DE","Kiel/KielRegion (SprottenFlotte)","Donkey Republic","2026-08-28 00:09:06"
"27374","Osterby",54.4533849,9.7539694,15,7,7,"DE","Kiel/KielRegion (SprottenFlotte)","Donkey Republic","2026-08-28 00:09:06"
"24446","Wakendorf",54.250817,10.295331,20,9,11,"DE","Kiel/KielRegion (SprottenFlotte)","Donkey Republic","2026-08-28 00:09:06"
"24434","Parkplatz Südstrand",54.4508154,9.8553807,40,14,26,"DE","Kiel/KielRegion (SprottenFlotte)","Donkey Republic","2026-08-28 00:09:06"
"27444","Probsteierhagen Friedhof",54.3641613,10.2939504,15,6,9,"DE","Kiel/KielRegion (SprottenFlotte)","Donkey Republic","2026-08-28 00:09:06"
"26209","Kanalfähre Holtenau",54.3687939,10.1339529,20,2,18,"DE","Kiel/KielRegion (SprottenFlotte)","Donkey Republic","2026-08-28 00:09:06"
"24472","Ascheberger Parkplatz",54.152798,10.404486,20,5,14,"DE","Kiel/KielRegion (SprottenFlotte)","Donkey Republic","2026-08-28 00:09:06"
"31879","Punker GmbH",54.4530079,9.8325897,15,1,13,"DE","Kiel/KielRegion (SprottenFlotte)","Donkey Republic","2026-08-28 00:09:06"
"27567","Lutterbek",54.3923026,10.2761645,15,1,14,"DE","Kiel/KielRegion (SprottenFlotte)","Donkey Republic","2026-08-28 00:09:06"
"24441","Meimersdorf Kontor",54.283892,10.131535,15,0,15,"DE","Kiel/KielRegion (SprottenFlotte)","Donkey Republic","2026-08-28 00:09:06"
"24455","Paradeplatz",54.3003927,9.6655655,30,1,29,"DE","Kiel/KielRegion (SprottenFlotte)","Donkey Republic","2026-08-28 00:09:06"
"24443","Preetz, Kieler Str ",54.2448896,10.2770364,25,7,18,"DE","Kiel/KielRegion (SprottenFlotte)","Donkey Republic","2026-08-28 00:09:06"
"31888","Osterby, Dorfgemeinschaftshaus",54.4513325,9.7497275,20,2,18,"DE","Kiel/KielRegion (SprottenFlotte)","Donkey Republic","2026-08-28 00:09:06"
"29663","GTZ Raisdorf",54.2914887,10.2264654,15,0,15,"DE","Kiel/KielRegion (SprottenFlotte)","Donkey Republic","2026-08-28 00:09:06"
"24438","Förde Sparkasse Preetz",54.2358998,10.2809246,20,7,13,"DE","Kiel/KielRegion (SprottenFlotte)","Donkey Republic","2026-08-28 00:09:06"
"29346","Wilhelmstrasse",54.3157543,9.6807304,15,5,10,"DE","Kiel/KielRegion (SprottenFlotte)","Donkey Republic","2026-08-28 00:09:06"
"32285","Gorch-Fock-Straße",54.3199266,9.6794868,10,2,8,"DE","Kiel/KielRegion (SprottenFlotte)","Donkey Republic","2026-08-28 00:09:06"
"31587","Lotsenhaus (Opt. Station)",54.4021434,10.2178414,5,2,3,"DE","Kiel/KielRegion (SprottenFlotte)","Donkey Republic","2026-08-28 00:09:06"
"24427","Bahnhof Eckernförde",54.46828,9.83553,40,5,34,"DE","Kiel/KielRegion (SprottenFlotte)","Donkey Republic","2026-08-28 00:09:06"
"24392","Andreas-Gayk-Strasse",54.318269,10.1340143,30,11,19,"DE","Kiel/KielRegion (SprottenFlotte)","Donkey Republic","2026-08-28 00:09:06"
"27379","Owschlag Schule",54.392636,9.5982008,15,6,9,"DE","Kiel/KielRegion (SprottenFlotte)","Donkey Republic","2026-08-28 00:09:06"
"27451","Schönberg Eichkamp (max. Anz. 5, bis Ende Bau",54.3871441,10.3806112,5,12,0,"DE","Kiel/KielRegion (SprottenFlotte)","Donkey Republic","2026-08-28 00:09:06"
"24406","Bahnhof Oppendorf",54.326055,10.207911,25,5,19,"DE","Kiel/KielRegion (SprottenFlotte)","Donkey Republic","2026-08-28 00:09:06"
"24415","KVG Betriebshof Diedrichstrasse",54.302799,10.136963,20,23,0,"DE","Kiel/KielRegion (SprottenFlotte)","Donkey Republic","2026-08-28 00:09:06"
"30023","Freibad Raisdorf (April - Oktober)",54.2859985,10.2460814,15,2,13,"DE","Kiel/KielRegion (SprottenFlotte)","Donkey Republic","2026-08-28 00:09:06"
"24407","Rathaus Altenholz",54.386203,10.136875,20,1,18,"DE","Kiel/KielRegion (SprottenFlotte)","Donkey Republic","2026-08-28 00:09:06"
"24375","Hörnbad",54.308643,10.135253,30,1,29,"DE","Kiel/KielRegion (SprottenFlotte)","Donkey Republic","2026-08-28 00:09:06"
"30024","Bahnhof Raisdorf",54.2811376,10.2430089,15,1,13,"DE","Kiel/KielRegion (SprottenFlotte)","Donkey Republic","2026-08-28 00:09:06"
"24431","Hafen Eckernförde",54.47477,9.83861,30,9,21,"DE","Kiel/KielRegion (SprottenFlotte)","Donkey Republic","2026-08-28 00:09:06"
"24469","Seefischmarkt",54.32842,10.17724,20,3,16,"DE","Kiel/KielRegion (SprottenFlotte)","Donkey Republic","2026-08-28 00:09:06"
"27445","Stein Dorfring",54.4165517,10.26938,15,4,10,"DE","Kiel/KielRegion (SprottenFlotte)","Donkey Republic","2026-08-28 00:09:06"
"27380","Owschlag ZOB",54.3931,9.5909652,15,2,13,"DE","Kiel/KielRegion (SprottenFlotte)","Donkey Republic","2026-08-28 00:09:06"
"24440","Förde Sparkasse Teplitzer Allee",54.2920407,10.1872627,20,0,20,"DE","Kiel/KielRegion (SprottenFlotte)","Donkey Republic","2026-08-28 00:09:06"
"24460","Bystedtredder",54.4814,9.82645,20,2,18,"DE","Kiel/KielRegion (SprottenFlotte)","Donkey Republic","2026-08-28 00:09:06"
"24379","RBZ Wirtschaft",54.340743,10.126604,30,0,30,"DE","Kiel/KielRegion (SprottenFlotte)","Donkey Republic","2026-08-28 00:09:06"
"24377","Kronshagen Rathaus",54.3321711,10.0848927,25,0,25,"DE","Kiel/KielRegion (SprottenFlotte)","Donkey Republic","2026-08-28 00:09:06"
"24396","Rathaus Waisenhofstrasse",54.321722,10.132444,25,0,24,"DE","Kiel/KielRegion (SprottenFlotte)","Donkey Republic","2026-08-28 00:09:06"
"24418","Stolbergring",54.4619598,9.826322,15,1,14,"DE","Kiel/KielRegion (SprottenFlotte)","Donkey Republic","2026-08-28 00:09:06"
"36710","BBZ NOK",54.2994172,9.6697578,15,0,15,"DE","Kiel/KielRegion (SprottenFlotte)","Donkey Republic","2026-08-28 00:09:06"
"29347","Hollerstrasse Nord",54.3221105,9.6924828,15,11,4,"DE","Kiel/KielRegion (SprottenFlotte)","Donkey Republic","2026-08-28 00:09:06"
"24428","Busparkplatz Sauerstrasse / Schulzentrum Süd",54.44914,9.84185,25,3,21,"DE","Kiel/KielRegion (SprottenFlotte)","Donkey Republic","2026-08-28 00:09:06"
"27442","Krummbek - Bushaltestelle",54.3785432,10.3999272,15,3,12,"DE","Kiel/KielRegion (SprottenFlotte)","Donkey Republic","2026-08-28 00:09:06"
"26730","Schönberger Strand",54.4128166,10.4146652,30,9,21,"DE","Kiel/KielRegion (SprottenFlotte)","Donkey Republic","2026-08-28 00:09:06"
"24405","Marine-Ehrenmal",54.4119162,10.2287137,20,2,17,"DE","Kiel/KielRegion (SprottenFlotte)","Donkey Republic","2026-08-28 00:09:06"
"24417","Sophienhof",54.316629,10.129724,30,1,29,"DE","Kiel/KielRegion (SprottenFlotte)","Donkey Republic","2026-08-28 00:09:06"
"31635","Nordkolleg Rendsburg ",54.2891546,9.6460424,30,0,30,"DE","Kiel/KielRegion (SprottenFlotte)","Donkey Republic","2026-08-28 00:09:06"
"24402","Stadtteilzentrum Pries",54.395459,10.173146,21,2,18,"DE","Kiel/KielRegion (SprottenFlotte)","Donkey Republic","2026-08-28 00:09:06"
"24451","Bahnhof Preetz",54.2336954,10.276274,30,2,28,"DE","Kiel/KielRegion (SprottenFlotte)","Donkey Republic","2026-08-28 00:09:06"
"24474","Russeer Weg / Hofholzallee",54.317015,10.066768,20,8,12,"DE","Kiel/KielRegion (SprottenFlotte)","Donkey Republic","2026-08-28 00:09:06"
"31758","Helgolandstraße",54.303617,10.1121392,20,5,15,"DE","Kiel/KielRegion (SprottenFlotte)","Donkey Republic","2026-08-28 00:09:06"
"24479","Klinik Preetz",54.23905,10.27956,12,1,11,"DE","Kiel/KielRegion (SprottenFlotte)","Donkey Republic","2026-08-28 00:09:06"
"27376","Owschlag Alter Blöcken",54.3983663,9.575117,15,2,13,"DE","Kiel/KielRegion (SprottenFlotte)","Donkey Republic","2026-08-28 00:09:06"
"30434","Felde Gemeindezentrum",54.2995516,9.9338166,18,6,12,"DE","Kiel/KielRegion (SprottenFlotte)","Donkey Republic","2026-08-28 00:09:06"
"24457","Studiale",54.3378795,10.1244324,16,1,16,"DE","Kiel/KielRegion (SprottenFlotte)","Donkey Republic","2026-08-28 00:09:06"
"29200","REWE digital am Wissenschaftszentrum",54.341647,10.1222534,25,0,25,"DE","Kiel/KielRegion (SprottenFlotte)","Donkey Republic","2026-08-28 00:09:06"
"24435","Wulfsteert",54.45558,9.83387,20,0,20,"DE","Kiel/KielRegion (SprottenFlotte)","Donkey Republic","2026-08-28 00:09:06"
"27382","Brekendorf Markttreff",54.4212417,9.6284889,15,6,9,"DE","Kiel/KielRegion (SprottenFlotte)","Donkey Republic","2026-08-28 00:09:06"
"36736","Holstenbrücke",54.3213062,10.1377077,15,16,0,"DE","Kiel/KielRegion (SprottenFlotte)","Donkey Republic","2026-08-28 00:09:06"
"24450","Schulen am Langsee",54.307029,10.157109,25,1,25,"DE","Kiel/KielRegion (SprottenFlotte)","Donkey Republic","2026-08-28 00:09:06"
"24416","Rungholtplatz",54.361297,10.076831,30,3,27,"DE","Kiel/KielRegion (SprottenFlotte)","Donkey Republic","2026-08-28 00:09:06"
"24476","Kurt-Schumacher-Platz",54.322339,10.0536245,20,3,17,"DE","Kiel/KielRegion (SprottenFlotte)","Donkey Republic","2026-08-28 00:09:06"
"27441","Fiefbergen - Bushaltestelle",54.3790802,10.3430016,15,4,11,"DE","Kiel/KielRegion (SprottenFlotte)","Donkey Republic","2026-08-28 00:09:06"
"24384","CAU Universitätsbibliothek",54.346612,10.112408,25,0,25,"DE","Kiel/KielRegion (SprottenFlotte)","Donkey Republic","2026-08-28 00:09:06"
"24470","Fegetasche",54.153741,10.449131,20,10,9,"DE","Kiel/KielRegion (SprottenFlotte)","Donkey Republic","2026-08-28 00:09:06"
"24420","Kreishaus Rendsburg",54.2978535,9.6700294,15,0,15,"DE","Kiel/KielRegion (SprottenFlotte)","Donkey Republic","2026-08-28 00:09:06"
"30147","Schulensee Eiderbrücke",54.2897063,10.0900422,15,2,13,"DE","Kiel/KielRegion (SprottenFlotte)","Donkey Republic","2026-08-28 00:09:06"
"24388","Schönkirchen Gemeindehaus",54.339056,10.223028,25,1,24,"DE","Kiel/KielRegion (SprottenFlotte)","Donkey Republic","2026-08-28 00:09:06"
"24466","Sandkrug",54.31634,10.14607,15,1,14,"DE","Kiel/KielRegion (SprottenFlotte)","Donkey Republic","2026-08-28 00:09:06"
"24453","Kronshagen Bahnhof",54.331388,10.083113,25,0,25,"DE","Kiel/KielRegion (SprottenFlotte)","Donkey Republic","2026-08-28 00:09:06"
"24468","Catharinenberg",54.2644031,10.0656004,20,6,14,"DE","Kiel/KielRegion (SprottenFlotte)","Donkey Republic","2026-08-28 00:09:06"
"31192","Breitenauschule",54.1572713,10.4391669,20,0,19,"DE","Kiel/KielRegion (SprottenFlotte)","Donkey Republic","2026-08-28 00:09:06"
"24395","Wellingdorf Stadtteilzentrum",54.326139,10.183028,18,5,13,"DE","Kiel/KielRegion (SprottenFlotte)","Donkey Republic","2026-08-28 00:09:06"
"29109","Felde Bahnhof ",54.309801,9.9466436,15,1,13,"DE","Kiel/KielRegion (SprottenFlotte)","Donkey Republic","2026-08-28 00:09:06"
"24433","Langebrückstrasse / Commerzbank ",54.47254,9.8363,25,9,16,"DE","Kiel/KielRegion (SprottenFlotte)","Donkey Republic","2026-08-28 00:09:06"
"24432","Kurpark",54.46292,9.84079,25,1,24,"DE","Kiel/KielRegion (SprottenFlotte)","Donkey Republic","2026-08-28 00:09:06"
"24419","ADAC-Station",54.312104,10.110267,25,2,22,"DE","Kiel/KielRegion (SprottenFlotte)","Donkey Republic","2026-08-28 00:09:06"
"24387","Mönkeberg Anleger",54.3514446,10.1784451,25,7,19,"DE","Kiel/KielRegion (SprottenFlotte)","Donkey Republic","2026-08-28 00:09:06"
"24437","Markt Plön",54.1582828,10.4177364,20,1,19,"DE","Kiel/KielRegion (SprottenFlotte)","Donkey Republic","2026-08-28 00:09:06"
"24399","Exerzierplatz",54.321583,10.128389,31,0,31,"DE","Kiel/KielRegion (SprottenFlotte)","Donkey Republic","2026-08-28 00:09:06"
"24447","Bahnhalt Ellerbek",54.313927,10.169784,20,2,15,"DE","Kiel/KielRegion (SprottenFlotte)","Donkey Republic","2026-08-28 00:09:06"
"24425","Schiffbrückenplatz",54.304861,9.661167,20,2,18,"DE","Kiel/KielRegion (SprottenFlotte)","Donkey Republic","2026-08-28 00:09:06"
"31584","Gemeindeverwaltung Laboe (Opt. Station)",54.4054757,10.2200629,5,0,5,"DE","Kiel/KielRegion (SprottenFlotte)","Donkey Republic","2026-08-28 00:09:06"
"24400","Anleger Friedrichsort",54.390373,10.177173,30,1,29,"DE","Kiel/KielRegion (SprottenFlotte)","Donkey Republic","2026-08-28 00:09:06"
"24456","Lilienstrasse / Krankenhaus ",54.296248,9.65776,25,0,25,"DE","Kiel/KielRegion (SprottenFlotte)","Donkey Republic","2026-08-28 00:09:06"
"24454","Freilichtmuseum Molfsee",54.274827,10.074943,10,1,9,"DE","Kiel/KielRegion (SprottenFlotte)","Donkey Republic","2026-08-28 00:09:06"
"24459","Wentorper Platz",54.1578578,10.4129151,15,5,10,"DE","Kiel/KielRegion (SprottenFlotte)","Donkey Republic","2026-08-28 00:09:06"
"27183","Schilksee Olympiazentrum",54.4254534,10.1682239,30,8,22,"DE","Kiel/KielRegion (SprottenFlotte)","Donkey Republic","2026-08-28 00:09:06"
"24378","Muthesius Kunsthochschule",54.327389,10.128333,20,2,18,"DE","Kiel/KielRegion (SprottenFlotte)","Donkey Republic","2026-08-28 00:09:06"
"24367","Anleger Dietrichsdorf",54.329611,10.178556,30,7,22,"DE","Kiel/KielRegion (SprottenFlotte)","Donkey Republic","2026-08-28 00:09:06"
"29964","Langer Rehm P+R",54.3391019,10.1901603,10,2,8,"DE","Kiel/KielRegion (SprottenFlotte)","Donkey Republic","2026-08-28 00:09:06"
"24444","Kührener Strasse",54.224444,10.275525,25,3,22,"DE","Kiel/KielRegion (SprottenFlotte)","Donkey Republic","2026-08-28 00:09:06"
"24410","Bunsenstrasse",54.27697,10.158649,20,6,14,"DE","Kiel/KielRegion (SprottenFlotte)","Donkey Republic","2026-08-28 00:09:06"
"27381","Am Dörpshus Borgstedt",54.3316706,9.7088198,20,7,13,"DE","Kiel/KielRegion (SprottenFlotte)","Donkey Republic","2026-08-28 00:09:06"
"24368","Umsteiger",54.314861,10.131167,22,5,16,"DE","Kiel/KielRegion (SprottenFlotte)","Donkey Republic","2026-08-28 00:09:06"
"24439","Förde Sparkasse Fockbek",54.3077561,9.605646,20,10,10,"DE","Kiel/KielRegion (SprottenFlotte)","Donkey Republic","2026-08-28 00:09:06"
"24390","CITTI-PARK",54.311667,10.099722,30,0,30,"DE","Kiel/KielRegion (SprottenFlotte)","Donkey Republic","2026-08-28 00:09:06"
"24449","Bebelplatz",54.294629,10.185079,20,1,19,"DE","Kiel/KielRegion (SprottenFlotte)","Donkey Republic","2026-08-28 00:09:06"
"24413","Bernhard-Minetti-Platz",54.337864,10.133126,20,0,19,"DE","Kiel/KielRegion (SprottenFlotte)","Donkey Republic","2026-08-28 00:09:06"
"32085","Kaiserstrasse",54.3152775,10.1532726,15,11,4,"DE","Kiel/KielRegion (SprottenFlotte)","Donkey Republic","2026-08-28 00:09:06"
"24380","Vinetaplatz",54.311417,10.146972,16,5,11,"DE","Kiel/KielRegion (SprottenFlotte)","Donkey Republic","2026-08-28 00:09:06"
"30151","Eiche Dänischenhagen",54.4246632,10.1278724,15,3,12,"DE","Kiel/KielRegion (SprottenFlotte)","Donkey Republic","2026-08-28 00:09:06"
"24445","Schwimmhalle Preetz",54.241235,10.265307,15,1,15,"DE","Kiel/KielRegion (SprottenFlotte)","Donkey Republic","2026-08-28 00:09:06"
"29963","Langer Rehm (Rewe)",54.3366433,10.1897436,10,0,10,"DE","Kiel/KielRegion (SprottenFlotte)","Donkey Republic","2026-08-28 00:09:06"
"24414","Kuhlacker",54.285725,10.143565,20,5,15,"DE","Kiel/KielRegion (SprottenFlotte)","Donkey Republic","2026-08-28 00:09:06"
"30145","Rondeel",54.3085323,10.1250477,15,3,12,"DE","Kiel/KielRegion (SprottenFlotte)","Donkey Republic","2026-08-28 00:09:06"
"24391","Blücherplatz",54.341722,10.136861,30,6,23,"DE","Kiel/KielRegion (SprottenFlotte)","Donkey Republic","2026-08-28 00:09:06"
"27377","Owschlag Haltestelle Muusfall",54.399319,9.5816006,15,2,13,"DE","Kiel/KielRegion (SprottenFlotte)","Donkey Republic","2026-08-28 00:09:06"
"24465","UKSH",54.329415,10.14013,25,1,25,"DE","Kiel/KielRegion (SprottenFlotte)","Donkey Republic","2026-08-28 00:09:06"
"24412","MEKUN Olympiahochhaus",54.3552685,10.131253,30,12,18,"DE","Kiel/KielRegion (SprottenFlotte)","Donkey Republic","2026-08-28 00:09:06"
"24462","Förde Sparkasse Sehestedter Strasse",54.4601359,9.8379951,20,3,17,"DE","Kiel/KielRegion (SprottenFlotte)","Donkey Republic","2026-08-28 00:09:06"
"26224"," Wik, Kanalfähre - Busstation",54.3655075,10.1315889,20,14,5,"DE","Kiel/KielRegion (SprottenFlotte)","Donkey Republic","2026-08-28 00:09:06"
"26725","Kalifornien ",54.4252815,10.3749333,25,6,19,"DE","Kiel/KielRegion (SprottenFlotte)","Donkey Republic","2026-08-28 00:09:06"
"24373","Christian-Albrechts-Platz",54.3392217,10.1231946,30,1,29,"DE","Kiel/KielRegion (SprottenFlotte)","Donkey Republic","2026-08-28 00:09:06"
"27378","Owschlag Flachsberg",54.3912639,9.6021007,15,3,12,"DE","Kiel/KielRegion (SprottenFlotte)","Donkey Republic","2026-08-28 00:09:06"
"32384","Lunaplatz (Testlauf)",54.3262585,10.1862755,8,8,0,"DE","Kiel/KielRegion (SprottenFlotte)","Donkey Republic","2026-08-28 00:09:06"
"34970","Lehmkaten - Altenholz",54.4111841,10.1265889,16,5,11,"DE","Kiel/KielRegion (SprottenFlotte)","Donkey Republic","2026-08-28 00:09:06"
"32553","Schulzentrum Kronshagen",54.3404697,10.0810497,15,4,11,"DE","Kiel/KielRegion (SprottenFlotte)","Donkey Republic","2026-08-28 00:09:06"
"30146","Herzog-Friedrich-Strasse (ZOB)",54.3171137,10.1330993,25,17,8,"DE","Kiel/KielRegion (SprottenFlotte)","Donkey Republic","2026-08-28 00:09:06"
"30925","Blücherbrücke",54.3382341,10.1570662,25,0,24,"DE","Kiel/KielRegion (SprottenFlotte)","Donkey Republic","2026-08-28 00:09:06"
"24371","Anleger Reventlou",54.3338028,10.1520894,50,0,47,"DE","Kiel/KielRegion (SprottenFlotte)","Donkey Republic","2026-08-28 00:09:06"
"24471","Krausstrasse",54.333677,10.122391,25,0,25,"DE","Kiel/KielRegion (SprottenFlotte)","Donkey Republic","2026-08-28 00:09:06"
"30121","TÖZ Eckernförde ",54.4455863,9.832705,20,0,20,"DE","Kiel/KielRegion (SprottenFlotte)","Donkey Republic","2026-08-28 00:09:06"
"30515","Alte Lübecker Chaussee",54.3045643,10.1254699,15,13,3,"DE","Kiel/KielRegion (SprottenFlotte)","Donkey Republic","2026-08-28 00:09:06"
"24478","Kreisverwaltung Plön",54.1557237,10.4079486,25,8,17,"DE","Kiel/KielRegion (SprottenFlotte)","Donkey Republic","2026-08-28 00:09:06"
"26889","Wilhelmplatz",54.3227337,10.1212382,30,8,21,"DE","Kiel/KielRegion (SprottenFlotte)","Donkey Republic","2026-08-28 00:09:06"
"31567","Wendtorf Bottsand",54.4266219,10.2957743,20,2,17,"DE","Kiel/KielRegion (SprottenFlotte)","Donkey Republic","2026-08-28 00:09:06"
"24370","Alter Markt",54.3230025,10.1395802,15,13,1,"DE","Kiel/KielRegion (SprottenFlotte)","Donkey Republic","2026-08-28 00:09:06"
"27717","Gemeinschaftsschule Preetz",54.224604,10.2809252,20,7,13,"DE","Kiel/KielRegion (SprottenFlotte)","Donkey Republic","2026-08-28 00:09:06"
"24436","Förde Sparkasse Lorentzendamm",54.3259625,10.1343185,20,3,17,"DE","Kiel/KielRegion (SprottenFlotte)","Donkey Republic","2026-08-28 00:09:06"
"26724","Bahnhof Schönberg",54.3870037,10.3740043,20,2,18,"DE","Kiel/KielRegion (SprottenFlotte)","Donkey Republic","2026-08-28 00:09:06"
"24386","Fähranleger Möltenort",54.375655,10.1947797,15,10,4,"DE","Kiel/KielRegion (SprottenFlotte)","Donkey Republic","2026-08-28 00:09:06"
"30924","Anleger Bellevue",54.3443118,10.1547354,20,6,12,"DE","Kiel/KielRegion (SprottenFlotte)","Donkey Republic","2026-08-28 00:09:06"
"24409","Braunstrasse",54.280427,10.1456,20,1,20,"DE","Kiel/KielRegion (SprottenFlotte)","Donkey Republic","2026-08-28 00:09:06"
"24442","Rathaus Heikendorf",54.370727,10.205576,20,1,19,"DE","Kiel/KielRegion (SprottenFlotte)","Donkey Republic","2026-08-28 00:09:06"
"27449","Wisch Heidkate",54.4338561,10.3192379,30,3,25,"DE","Kiel/KielRegion (SprottenFlotte)","Donkey Republic","2026-08-28 00:09:06"
"24376","Kirchhofallee",54.316194,10.120583,20,2,17,"DE","Kiel/KielRegion (SprottenFlotte)","Donkey Republic","2026-08-28 00:09:06"
"24481","Kieler Innovations- und Technologiezentrum",54.334639,10.119389,20,0,20,"DE","Kiel/KielRegion (SprottenFlotte)","Donkey Republic","2026-08-28 00:09:06"
"24385","Dreiecksplatz",54.328528,10.134417,20,1,18,"DE","Kiel/KielRegion (SprottenFlotte)","Donkey Republic","2026-08-28 00:09:06"
"29049","Falkemedia",54.3393023,10.2152081,15,6,8,"DE","Kiel/KielRegion (SprottenFlotte)","Donkey Republic","2026-08-28 00:09:06"
"27447","Wendtorf Edeka",54.4119117,10.2858847,20,1,19,"DE","Kiel/KielRegion (SprottenFlotte)","Donkey Republic","2026-08-28 00:09:06"
"24372","Bahnhof Suchsdorf",54.3498224,10.0909467,20,0,20,"DE","Kiel/KielRegion (SprottenFlotte)","Donkey Republic","2026-08-28 00:09:06"
"31586","Hafenplatz (Opt. Station)",54.4038794,10.2182377,4,0,4,"DE","Kiel/KielRegion (SprottenFlotte)","Donkey Republic","2026-08-28 00:09:06"
"24421","Bahnhof Rendsburg",54.3020355,9.6704659,25,18,7,"DE","Kiel/KielRegion (SprottenFlotte)","Donkey Republic","2026-08-28 00:09:06"
"29946","Wörthstrasse",54.3237645,10.1186942,10,3,8,"DE","Kiel/KielRegion (SprottenFlotte)","Donkey Republic","2026-08-28 00:09:06"
"29965","B502 Schönkirchener Strasse ",54.3296577,10.1961943,10,0,10,"DE","Kiel/KielRegion (SprottenFlotte)","Donkey Republic","2026-08-28 00:09:06"
"32383","Gabelsberger Straße (Testlauf)",54.3257994,10.1832855,6,6,0,"DE","Kiel/KielRegion (SprottenFlotte)","Donkey Republic","2026-08-28 00:09:06"
"24411","Grot Steenbusch",54.2832,10.130672,20,2,18,"DE","Kiel/KielRegion (SprottenFlotte)","Donkey Republic","2026-08-28 00:09:06"
"27452","Lamp'sche Koppel",54.3950333,10.3791447,15,2,13,"DE","Kiel/KielRegion (SprottenFlotte)","Donkey Republic","2026-08-28 00:09:06"
"28738","Prasdorf",54.3789641,10.2953421,22,5,17,"DE","Kiel/KielRegion (SprottenFlotte)","Donkey Republic","2026-08-28 00:09:06"
"29345","Rathaus Büdelsdorf",54.3159434,9.6705883,15,3,12,"DE","Kiel/KielRegion (SprottenFlotte)","Donkey Republic","2026-08-28 00:09:06"
"24464","Brandenburger Platz",54.243031,10.2738623,20,5,15,"DE","Kiel/KielRegion (SprottenFlotte)","Donkey Republic","2026-08-28 00:09:06"
"24394","KiTa Fusssteigkoppel",54.342126,10.090524,20,4,17,"DE","Kiel/KielRegion (SprottenFlotte)","Donkey Republic","2026-08-28 00:09:06"
"33337","Schönkirchen Bahnhof",54.3325327,10.2278735,10,0,10,"DE","Kiel/KielRegion (SprottenFlotte)","Donkey Republic","2026-08-28 00:09:06"
"24404","Bullbrücke",54.3974944,10.2332235,20,6,14,"DE","Kiel/KielRegion (SprottenFlotte)","Donkey Republic","2026-08-28 00:09:06"
"24473","Aalborgring",54.316404,10.048583,25,1,24,"DE","Kiel/KielRegion (SprottenFlotte)","Donkey Republic","2026-08-28 00:09:06"
"24461","Prinzenstrasse",54.480989,9.8510949,16,4,12,"DE","Kiel/KielRegion (SprottenFlotte)","Donkey Republic","2026-08-28 00:09:06"
"24448","Bahnhof Russee",54.309867,10.06956,15,0,15,"DE","Kiel/KielRegion (SprottenFlotte)","Donkey Republic","2026-08-28 00:09:06"
"31501","Katzheide",54.3100193,10.1561757,25,4,21,"DE","Kiel/KielRegion (SprottenFlotte)","Donkey Republic","2026-08-28 00:09:06"
"29112","Felde Dorfplatz",54.3038568,9.93739,15,1,14,"DE","Kiel/KielRegion (SprottenFlotte)","Donkey Republic","2026-08-28 00:09:06"
"24467","Zur Fähre",54.3161861,10.1428896,20,1,19,"DE","Kiel/KielRegion (SprottenFlotte)","Donkey Republic","2026-08-28 00:09:06"
"30156","Hohes Arsenal",54.3007904,9.6622365,15,0,15,"DE","Kiel/KielRegion (SprottenFlotte)","Donkey Republic","2026-08-28 00:09:06"
"30025","Stadtwerke / Bürgerhaus Klausdorf",54.3033719,10.2156178,15,15,0,"DE","Kiel/KielRegion (SprottenFlotte)","Donkey Republic","2026-08-28 00:09:06"
"28264","Freudenholm",54.2168572,10.3126721,20,14,6,"DE","Kiel/KielRegion (SprottenFlotte)","Donkey Republic","2026-08-28 00:09:06"
"24482","Markt Preetz",54.2343397,10.2815033,15,5,10,"DE","Kiel/KielRegion (SprottenFlotte)","Donkey Republic","2026-08-28 00:09:06"
"28449","Robert-Enke-Strasse",52.3619186,9.731808,5,0,5,"DE","Hannover (Donkey Republic)","Donkey Republic","2026-08-28 00:09:06"
"29743","Allerweg/Ritter-Brüning-Strasse",52.3620376,9.721173,4,5,0,"DE","Hannover (Donkey Republic)","Donkey Republic","2026-08-28 00:09:06"
"29029","Tiestestrasse",52.3663508,9.7618425,4,4,1,"DE","Hannover (Donkey Republic)","Donkey Republic","2026-08-28 00:09:06"
"29190","Davenstedter /Woermannstrasse",52.3648251,9.6697843,3,2,1,"DE","Hannover (Donkey Republic)","Donkey Republic","2026-08-28 00:09:06"
"30574","Deisterstrasse",52.3643469,9.7178635,3,1,2,"DE","Hannover (Donkey Republic)","Donkey Republic","2026-08-28 00:09:06"
"28964","Lavesallee",52.3684927,9.7301014,8,0,8,"DE","Hannover (Donkey Republic)","Donkey Republic","2026-08-28 00:09:06"
"28432","Herrenhäuser Kirchweg",52.3908168,9.7057785,5,0,5,"DE","Hannover (Donkey Republic)","Donkey Republic","2026-08-28 00:09:06"
"28314","Eleonorenstrasse 18",52.3678189,9.7158591,10,1,10,"DE","Hannover (Donkey Republic)","Donkey Republic","2026-08-28 00:09:06"
"32021","Station46",52.379023,9.7411676,8,1,7,"DE","Hannover (Donkey Republic)","Donkey Republic","2026-08-28 00:09:06"
"28404","Zoo",52.3820656,9.7672148,5,3,2,"DE","Hannover (Donkey Republic)","Donkey Republic","2026-08-28 00:09:06"
"29022","Strandbad Maschsee",52.3442864,9.7550471,25,27,0,"DE","Hannover (Donkey Republic)","Donkey Republic","2026-08-28 00:09:06"
"29005","Zimmermannstrasse",52.3745262,9.6905355,6,2,5,"DE","Hannover (Donkey Republic)","Donkey Republic","2026-08-28 00:09:06"
"32031","Neues Rathaus Hannover",52.3675163,9.7381234,8,0,8,"DE","Hannover (Donkey Republic)","Donkey Republic","2026-08-28 00:09:06"
"28977","Rudolf-von-Bennigsen-Ufer",52.3552153,9.7453014,3,0,3,"DE","Hannover (Donkey Republic)","Donkey Republic","2026-08-28 00:09:06"
"28421","Schwarzer Bär",52.3680446,9.7194755,10,9,1,"DE","Hannover (Donkey Republic)","Donkey Republic","2026-08-28 00:09:06"
"28336","Hauptbahnhof N2",52.375805,9.7411864,24,6,18,"DE","Hannover (Donkey Republic)","Donkey Republic","2026-08-28 00:09:06"
"29043","Bernhard-Caspar-Strasse",52.3661956,9.6990747,4,1,3,"DE","Hannover (Donkey Republic)","Donkey Republic","2026-08-28 00:09:06"
"29000","Wunstorfer Strasse",52.3778558,9.6893343,2,2,1,"DE","Hannover (Donkey Republic)","Donkey Republic","2026-08-28 00:09:06"
"28388","U Glocksee",52.3739414,9.7188959,10,2,8,"DE","Hannover (Donkey Republic)","Donkey Republic","2026-08-28 00:09:06"
"30961","Hub: Steintorstrasse",52.3757927,9.7330766,8,0,8,"DE","Hannover (Donkey Republic)","Donkey Republic","2026-08-28 00:09:06"
"29014","Alte Döhrener Str",52.3585255,9.7481333,6,3,3,"DE","Hannover (Donkey Republic)","Donkey Republic","2026-08-28 00:09:06"
"32009","Station34",52.3785301,9.7297549,8,0,7,"DE","Hannover (Donkey Republic)","Donkey Republic","2026-08-28 00:09:06"
"28701","Lavesplatz",52.3730306,9.7495912,6,6,1,"DE","Hannover (Donkey Republic)","Donkey Republic","2026-08-28 00:09:06"
"28976","Glocksee",52.3717435,9.7192139,6,2,5,"DE","Hannover (Donkey Republic)","Donkey Republic","2026-08-28 00:09:06"
"31601","LUH / TIB Naturwissenschaften",52.3818116,9.7195406,20,0,19,"DE","Hannover (Donkey Republic)","Donkey Republic","2026-08-28 00:09:06"
"28405","Hauptbahnhof Süd",52.376343,9.740046,24,1,23,"DE","Hannover (Donkey Republic)","Donkey Republic","2026-08-28 00:09:06"
"36827","Roderbruch U",52.3902584,9.8191905,5,3,1,"DE","Hannover (Donkey Republic)","Donkey Republic","2026-08-28 00:09:06"
"28398","LUH / Sportcampus - Lodyweg",52.3783134,9.7142436,20,0,20,"DE","Hannover (Donkey Republic)","Donkey Republic","2026-08-28 00:09:06"
"31600","LUH / Hauptmensa",52.3866776,9.7148528,20,1,20,"DE","Hannover (Donkey Republic)","Donkey Republic","2026-08-28 00:09:06"
"31999","Station24",52.3785499,9.7229994,8,0,8,"DE","Hannover (Donkey Republic)","Donkey Republic","2026-08-28 00:09:06"
"33317","Göttinger Ch",52.3492375,9.7172656,3,1,2,"DE","Hannover (Donkey Republic)","Donkey Republic","2026-08-28 00:09:06"
"28350","Lister Kirche",52.3952408,9.7467085,4,0,4,"DE","Hannover (Donkey Republic)","Donkey Republic","2026-08-28 00:09:06"
"30703","Dorotheenstrasse 48",52.3915571,9.685734,4,3,2,"DE","Hannover (Donkey Republic)","Donkey Republic","2026-08-28 00:09:06"
"28966","Maschseefest: Nordkurve",52.3623158,9.7329743,4,0,4,"DE","Hannover (Donkey Republic)","Donkey Republic","2026-08-28 00:09:06"
"30284","Constantinstrasse",52.401885,9.7686247,4,3,1,"DE","Hannover (Donkey Republic)","Donkey Republic","2026-08-28 00:09:06"
"28321","Fössestrasse 83",52.3695022,9.7029493,5,0,5,"DE","Hannover (Donkey Republic)","Donkey Republic","2026-08-28 00:09:06"
"28999","Wasserkunst",52.3818501,9.6925157,6,0,6,"DE","Hannover (Donkey Republic)","Donkey Republic","2026-08-28 00:09:06"
"29002","Schleuse",52.3783566,9.6804591,3,4,0,"DE","Hannover (Donkey Republic)","Donkey Republic","2026-08-28 00:09:06"
"36828","Bevenser Weg",52.3789723,9.8252578,4,1,4,"DE","Hannover (Donkey Republic)","Donkey Republic","2026-08-28 00:09:06"
"32012","Station37",52.3761555,9.7308591,8,0,8,"DE","Hannover (Donkey Republic)","Donkey Republic","2026-08-28 00:09:06"
"28323","Franz-Nause-Strasse 10",52.3755158,9.6942818,5,6,0,"DE","Hannover (Donkey Republic)","Donkey Republic","2026-08-28 00:09:06"
"30500","Welfenstrasse",52.3841634,9.7363322,4,4,1,"DE","Hannover (Donkey Republic)","Donkey Republic","2026-08-28 00:09:06"
"28418","Sedanstrasse/Lister Meile",52.383979,9.746272,10,8,2,"DE","Hannover (Donkey Republic)","Donkey Republic","2026-08-28 00:09:06"
"29038","Steintor",52.3767767,9.7342364,6,0,6,"DE","Hannover (Donkey Republic)","Donkey Republic","2026-08-28 00:09:06"
"28998","Am Moritzwinkel",52.3796749,9.7104571,6,1,6,"DE","Hannover (Donkey Republic)","Donkey Republic","2026-08-28 00:09:06"
"28730","Am Schützenplatz",52.3648858,9.730776,4,2,3,"DE","Hannover (Donkey Republic)","Donkey Republic","2026-08-28 00:09:06"
"28653","Nikolaistrasse",52.381901,9.7330095,6,2,5,"DE","Hannover (Donkey Republic)","Donkey Republic","2026-08-28 00:09:06"
"31991","Station16",52.3738639,9.7421523,8,0,8,"DE","Hannover (Donkey Republic)","Donkey Republic","2026-08-28 00:09:06"
"31346","Harenberger ",52.3669125,9.7317344,2,0,2,"DE","Hannover (Donkey Republic)","Donkey Republic","2026-08-28 00:09:06"
"28975","LUX",52.3682244,9.7207216,6,4,2,"DE","Hannover (Donkey Republic)","Donkey Republic","2026-08-28 00:09:06"
"33548","Gneisenaustr",52.3748885,9.7635181,2,2,1,"DE","Hannover (Donkey Republic)","Donkey Republic","2026-08-28 00:09:06"
"28423","Kopernikusstrasse 2",52.387132,9.723594,10,1,8,"DE","Hannover (Donkey Republic)","Donkey Republic","2026-08-28 00:09:06"
"28442","HsH Campus Ricklingen",52.3530615,9.7222253,10,9,1,"DE","Hannover (Donkey Republic)","Donkey Republic","2026-08-28 00:09:06"
"30927","Engelbosteler Damm ",52.3927153,9.7189148,3,1,3,"DE","Hannover (Donkey Republic)","Donkey Republic","2026-08-28 00:09:06"
"28446","Elisabeth-Müller-Platz",52.365798,9.755857,4,6,0,"DE","Hannover (Donkey Republic)","Donkey Republic","2026-08-28 00:09:06"
"30968","Hub: Fernoderstrasse",52.3757875,9.7421406,8,1,7,"DE","Hannover (Donkey Republic)","Donkey Republic","2026-08-28 00:09:06"
"28692","Wilhelm-Busch-Strasse",52.3801107,9.721665,6,0,6,"DE","Hannover (Donkey Republic)","Donkey Republic","2026-08-28 00:09:06"
"31813","Infopavillon temp",52.3907625,9.7017344,2,0,2,"DE","Hannover (Donkey Republic)","Donkey Republic","2026-08-28 00:09:06"
"28344","Augustenstrasse ",52.3777487,9.744518,7,0,7,"DE","Hannover (Donkey Republic)","Donkey Republic","2026-08-28 00:09:06"
"32618","Hub am hohen ufer",52.3738573,9.7297561,6,0,6,"DE","Hannover (Donkey Republic)","Donkey Republic","2026-08-28 00:09:06"
"28349","Lindener Schmuckplatz",52.372557,9.7055778,10,1,10,"DE","Hannover (Donkey Republic)","Donkey Republic","2026-08-28 00:09:06"
"28369","Rathauskontor",52.3685557,9.7378187,10,1,10,"DE","Hannover (Donkey Republic)","Donkey Republic","2026-08-28 00:09:06"
"28454","Fössestrasse 14",52.3709062,9.7111219,10,2,9,"DE","Hannover (Donkey Republic)","Donkey Republic","2026-08-28 00:09:06"
"28438","Moltkeplatz",52.3926314,9.7463798,2,12,0,"DE","Hannover (Donkey Republic)","Donkey Republic","2026-08-28 00:09:06"
"28316","Fachwerkhaus",52.3731153,9.7314946,10,0,10,"DE","Hannover (Donkey Republic)","Donkey Republic","2026-08-28 00:09:06"
"28981","Dornröschenbrücke",52.3778346,9.7091836,6,0,6,"DE","Hannover (Donkey Republic)","Donkey Republic","2026-08-28 00:09:06"
"36825","Silberstr. / Pinkenburgerstr.",52.3993647,9.8073326,3,1,2,"DE","Hannover (Donkey Republic)","Donkey Republic","2026-08-28 00:09:06"
"31987","Station12",52.3709607,9.7417146,8,0,8,"DE","Hannover (Donkey Republic)","Donkey Republic","2026-08-28 00:09:06"
"31967","Private Station: Hannover Rück",52.3925259,9.8027546,12,10,2,"DE","Hannover (Donkey Republic)","Donkey Republic","2026-08-28 00:09:06"
"29041","Wilhelm-Busch-Strasse 1",52.3792896,9.7215625,6,0,6,"DE","Hannover (Donkey Republic)","Donkey Republic","2026-08-28 00:09:06"
"28655","Nedderfeldstrasse",52.3753958,9.710438,6,0,5,"DE","Hannover (Donkey Republic)","Donkey Republic","2026-08-28 00:09:06"
"31980","Station5",52.3705899,9.7359907,8,0,8,"DE","Hannover (Donkey Republic)","Donkey Republic","2026-08-28 00:09:06"
"29036","Osterstrasse",52.3714208,9.7385818,6,0,6,"DE","Hannover (Donkey Republic)","Donkey Republic","2026-08-28 00:09:06"
"28297","Arnswaldtstrasse 1",52.3697588,9.7443674,10,0,10,"DE","Hannover (Donkey Republic)","Donkey Republic","2026-08-28 00:09:06"
"28665","Hotel One an der Oper",52.3716021,9.7406503,6,0,6,"DE","Hannover (Donkey Republic)","Donkey Republic","2026-08-28 00:09:06"
"31976","Station1",52.3685181,9.7311182,4,0,4,"DE","Hannover (Donkey Republic)","Donkey Republic","2026-08-28 00:09:06"
"32028","Lister Meile",52.3801462,9.7444558,8,0,8,"DE","Hannover (Donkey Republic)","Donkey Republic","2026-08-28 00:09:06"
"28414","Limburgpassage",52.3747444,9.7341114,10,0,10,"DE","Hannover (Donkey Republic)","Donkey Republic","2026-08-28 00:09:06"
"31230","Kopernikusstrasse / Weidendamm",52.3886875,9.7263281,4,1,4,"DE","Hannover (Donkey Republic)","Donkey Republic","2026-08-28 00:09:06"
"28962","Schützenplatz",52.3637859,9.7256828,6,0,6,"DE","Hannover (Donkey Republic)","Donkey Republic","2026-08-28 00:09:06"
"28410","LUH / Nienburger Strasse",52.3811452,9.7184435,15,0,16,"DE","Hannover (Donkey Republic)","Donkey Republic","2026-08-28 00:09:06"
"32008","Station33",52.3781337,9.730906,8,0,8,"DE","Hannover (Donkey Republic)","Donkey Republic","2026-08-28 00:09:06"
"30948","August-Madsack-Strasse",52.3506992,9.8040665,1,1,0,"DE","Hannover (Donkey Republic)","Donkey Republic","2026-08-28 00:09:06"
"29039","Lange Laube ",52.3763683,9.7299107,6,0,6,"DE","Hannover (Donkey Republic)","Donkey Republic","2026-08-28 00:09:06"
"30891","Ernst-August-Platz ",52.3754725,9.7412672,10,0,10,"DE","Hannover (Donkey Republic)","Donkey Republic","2026-08-28 00:09:06"
"29178","Am Lindener Hafen / Fösserstrasse",52.3673254,9.6931302,4,3,1,"DE","Hannover (Donkey Republic)","Donkey Republic","2026-08-28 00:09:06"
"28391","U Leinaustrasse",52.373457,9.7070048,10,0,10,"DE","Hannover (Donkey Republic)","Donkey Republic","2026-08-28 00:09:06"
"28670","Lavesallee",52.3682508,9.7284748,6,0,6,"DE","Hannover (Donkey Republic)","Donkey Republic","2026-08-28 00:09:06"
"31347","Hardenberger ",52.3669125,9.7317344,2,0,2,"DE","Hannover (Donkey Republic)","Donkey Republic","2026-08-28 00:09:06"
"28707","Eichenfeldstrasse",52.3554785,9.6711121,5,4,2,"DE","Hannover (Donkey Republic)","Donkey Republic","2026-08-28 00:09:06"
"32390","Hub Westufer",52.3601333,9.7354612,35,0,35,"DE","Hannover (Donkey Republic)","Donkey Republic","2026-08-28 00:09:06"
"28642","Stresemannallee",52.356994,9.7630873,6,2,4,"DE","Hannover (Donkey Republic)","Donkey Republic","2026-08-28 00:09:06"
"33230","Haltestelle Bussestraße",52.4028292,9.8014705,4,2,2,"DE","Hannover (Donkey Republic)","Donkey Republic","2026-08-28 00:09:06"
"28372","Hildesheimer Strasse",52.3658065,9.7458004,6,0,6,"DE","Hannover (Donkey Republic)","Donkey Republic","2026-08-28 00:09:06"
"29028","Schlägerstrasse 1",52.3627635,9.7523956,3,3,1,"DE","Hannover (Donkey Republic)","Donkey Republic","2026-08-28 00:09:06"
"30967","Hub: Augustenstrasse/Königstrasse",52.3753625,9.7462031,8,0,8,"DE","Hannover (Donkey Republic)","Donkey Republic","2026-08-28 00:09:06"
"28384","Theodor-Heuss Platz",52.3768588,9.7680557,2,4,0,"DE","Hannover (Donkey Republic)","Donkey Republic","2026-08-28 00:09:06"
"28400","Waterloostrasse",52.3647927,9.7319092,3,0,3,"DE","Hannover (Donkey Republic)","Donkey Republic","2026-08-28 00:09:06"
"31978","Station3",52.3709985,9.7309326,8,0,8,"DE","Hannover (Donkey Republic)","Donkey Republic","2026-08-28 00:09:06"
"28393","U Markthalle/Landtag",52.3708313,9.7363724,10,0,10,"DE","Hannover (Donkey Republic)","Donkey Republic","2026-08-28 00:09:06"
"28984","Béi Chéz Heinz",52.372184,9.6964831,6,4,2,"DE","Hannover (Donkey Republic)","Donkey Republic","2026-08-28 00:09:06"
"31996","Station21",52.3679039,9.7435863,8,0,8,"DE","Hannover (Donkey Republic)","Donkey Republic","2026-08-28 00:09:06"
"29130","Friedrich-Ebert-Platz",52.3514086,9.7224055,3,1,2,"DE","Hannover (Donkey Republic)","Donkey Republic","2026-08-28 00:09:06"
"29182","Carlo Schmid Allee/ Wunstorfer Strasse",52.3818055,9.6746729,2,1,1,"DE","Hannover (Donkey Republic)","Donkey Republic","2026-08-28 00:09:06"
"29217","Hartenberger Strasse ",52.3772605,9.6849813,3,2,1,"DE","Hannover (Donkey Republic)","Donkey Republic","2026-08-28 00:09:06"
"32032","Klagesmarkt",52.3799382,9.7288996,8,0,8,"DE","Hannover (Donkey Republic)","Donkey Republic","2026-08-28 00:09:06"
"28988","Nienburgerstrasse",52.3898406,9.7068665,6,0,5,"DE","Hannover (Donkey Republic)","Donkey Republic","2026-08-28 00:09:06"
"28380","Klopstockstrasse 1",52.3999337,9.7797347,3,3,0,"DE","Hannover (Donkey Republic)","Donkey Republic","2026-08-28 00:09:06"
"28409","Am Küchengarten",52.3701797,9.7137014,10,4,6,"DE","Hannover (Donkey Republic)","Donkey Republic","2026-08-28 00:09:06"
"32010","Station35",52.3769282,9.72721,8,0,8,"DE","Hannover (Donkey Republic)","Donkey Republic","2026-08-28 00:09:06"
"29210","Hildesheimer Strasse ",52.3436901,9.7641615,2,2,0,"DE","Hannover (Donkey Republic)","Donkey Republic","2026-08-28 00:09:06"
"28431","Glocksee/Braunstrasse",52.3732824,9.7202753,10,1,10,"DE","Hannover (Donkey Republic)","Donkey Republic","2026-08-28 00:09:06"
"28674","Freundallee",52.369083,9.77181,6,2,5,"DE","Hannover (Donkey Republic)","Donkey Republic","2026-08-28 00:09:06"
"31860","Brabeckstr",52.3600375,9.8274531,2,3,0,"DE","Hannover (Donkey Republic)","Donkey Republic","2026-08-28 00:09:06"
"28710","Bauweg",52.3608389,9.6929665,3,2,1,"DE","Hannover (Donkey Republic)","Donkey Republic","2026-08-28 00:09:06"
"28706","Nibelungenweg",52.3514254,9.6691628,3,4,0,"DE","Hannover (Donkey Republic)","Donkey Republic","2026-08-28 00:09:06"
"30265","Wilhelm-Busch-Strasse",52.3809678,9.7213859,5,0,5,"DE","Hannover (Donkey Republic)","Donkey Republic","2026-08-28 00:09:06"
"28387","U Am Küchengarten",52.3712029,9.7132883,6,2,4,"DE","Hannover (Donkey Republic)","Donkey Republic","2026-08-28 00:09:06"
"28972","Aegi",52.36861,9.7426663,6,0,6,"DE","Hannover (Donkey Republic)","Donkey Republic","2026-08-28 00:09:06"
"31985","Station10",52.370014,9.7393651,8,2,7,"DE","Hannover (Donkey Republic)","Donkey Republic","2026-08-28 00:09:06"
"28959","Stadionbrücke",52.3588938,9.7281946,4,0,4,"DE","Hannover (Donkey Republic)","Donkey Republic","2026-08-28 00:09:06"
"28437","Niedersachsenring",52.3990903,9.7364938,8,11,0,"DE","Hannover (Donkey Republic)","Donkey Republic","2026-08-28 00:09:06"
"28948","Aral Tankstelle Niedersachsenring",52.3981236,9.7418076,5,5,1,"DE","Hannover (Donkey Republic)","Donkey Republic","2026-08-28 00:09:06"
"29011","Göhrdestrasse",52.3883704,9.7376975,3,1,0,"DE","Hannover (Donkey Republic)","Donkey Republic","2026-08-28 00:09:06"
"29035","Schiffgraben",52.3721445,9.7448515,6,0,6,"DE","Hannover (Donkey Republic)","Donkey Republic","2026-08-28 00:09:06"
"28709","Körtingsdorfer Weg",52.3603573,9.685961,3,3,0,"DE","Hannover (Donkey Republic)","Donkey Republic","2026-08-28 00:09:06"
"33543","Stadtpark Sauna ",52.3731575,9.7741876,3,2,1,"DE","Hannover (Donkey Republic)","Donkey Republic","2026-08-28 00:09:06"
"30264","Am Puttenser Felde",52.3820822,9.7220025,5,0,5,"DE","Hannover (Donkey Republic)","Donkey Republic","2026-08-28 00:09:06"
"28346","Langensalzastrasse 22",52.3644919,9.7436961,3,2,2,"DE","Hannover (Donkey Republic)","Donkey Republic","2026-08-28 00:09:06"
"28652","Adenauerallee ",52.3814803,9.7660742,0,1,0,"DE","Hannover (Donkey Republic)","Donkey Republic","2026-08-28 00:09:06"
"30153","Maschseefest Altenbekenerdamm ",52.354466,9.7467026,3,0,3,"DE","Hannover (Donkey Republic)","Donkey Republic","2026-08-28 00:09:06"
"29259","Hans Meyer Strasse",52.3860569,9.7147683,3,0,3,"DE","Hannover (Donkey Republic)","Donkey Republic","2026-08-28 00:09:06"
"28650","Freundallee",52.3671359,9.77226,6,1,4,"DE","Hannover (Donkey Republic)","Donkey Republic","2026-08-28 00:09:06"
"31264","Wiehbergstrasse",52.3286253,9.7764728,3,4,0,"DE","Hannover (Donkey Republic)","Donkey Republic","2026-08-28 00:09:06"
"28678","Humboldtstrasse",52.3701298,9.7234647,6,2,5,"DE","Hannover (Donkey Republic)","Donkey Republic","2026-08-28 00:09:06"
"28657","Osterstrasse",52.3702995,9.73941,6,0,6,"DE","Hannover (Donkey Republic)","Donkey Republic","2026-08-28 00:09:06"
"32015","Station40",52.3742826,9.734082,8,0,8,"DE","Hannover (Donkey Republic)","Donkey Republic","2026-08-28 00:09:06"
"28666","Am Welfenplatz",52.3863041,9.7423959,6,3,3,"DE","Hannover (Donkey Republic)","Donkey Republic","2026-08-28 00:09:06"
"30909","Schützenallee",52.3386904,9.7567415,3,4,0,"DE","Hannover (Donkey Republic)","Donkey Republic","2026-08-28 00:09:06"
"28714","Döhrener Turm",52.3451819,9.7626023,4,2,2,"DE","Hannover (Donkey Republic)","Donkey Republic","2026-08-28 00:09:06"
"28726","Berckhusenstrasse",52.3764903,9.798772,2,1,2,"DE","Hannover (Donkey Republic)","Donkey Republic","2026-08-28 00:09:06"
"28965","Schützenplatz",52.3635458,9.7320919,5,0,5,"DE","Hannover (Donkey Republic)","Donkey Republic","2026-08-28 00:09:06"
"28716","Medizinische Hochschule",52.3839557,9.8097409,5,4,1,"DE","Hannover (Donkey Republic)","Donkey Republic","2026-08-28 00:09:06"
"28661","Bischofsholer Damm",52.3673949,9.7658315,3,2,2,"DE","Hannover (Donkey Republic)","Donkey Republic","2026-08-28 00:09:06"
"28729","Allerweg / Deisterstrasse ",52.3622158,9.7161121,3,3,0,"DE","Hannover (Donkey Republic)","Donkey Republic","2026-08-28 00:09:06"
"28424","Limmerstrasse",52.3755399,9.7010345,10,5,6,"DE","Hannover (Donkey Republic)","Donkey Republic","2026-08-28 00:09:06"
"29010","Kopernikusstrasse 1",52.3910837,9.7305867,4,5,0,"DE","Hannover (Donkey Republic)","Donkey Republic","2026-08-28 00:09:06"
"28348","Limmerstrasse 39",52.3730843,9.7081897,10,0,10,"DE","Hannover (Donkey Republic)","Donkey Republic","2026-08-28 00:09:06"
"29690","Hanomag",52.3579889,9.7104368,12,1,11,"DE","Hannover (Donkey Republic)","Donkey Republic","2026-08-28 00:09:06"
"28305","Blantyreweg",52.3677976,9.7399176,10,0,10,"DE","Hannover (Donkey Republic)","Donkey Republic","2026-08-28 00:09:06"
"28722","Tegtmeyerstrasse",52.3790424,9.6852757,5,3,3,"DE","Hannover (Donkey Republic)","Donkey Republic","2026-08-28 00:09:06"
"29037","Schmiedestrasse",52.3747854,9.7342076,6,0,6,"DE","Hannover (Donkey Republic)","Donkey Republic","2026-08-28 00:09:06"
"28338","Hildesheimer x Am Graswege",52.3608718,9.7497487,2,0,2,"DE","Hannover (Donkey Republic)","Donkey Republic","2026-08-28 00:09:06"
"28681","Celler Strasse",52.3831437,9.7404231,6,2,5,"DE","Hannover (Donkey Republic)","Donkey Republic","2026-08-28 00:09:06"
"28385","Thielenplatz - Schauspielhaus",52.3745178,9.7447101,10,0,10,"DE","Hannover (Donkey Republic)","Donkey Republic","2026-08-28 00:09:06"
"30203","Lister Bad",52.4065121,9.750566,4,3,1,"DE","Hannover (Donkey Republic)","Donkey Republic","2026-08-28 00:09:06"
"29134","Beekestrasse",52.343296,9.7252688,2,3,0,"DE","Hannover (Donkey Republic)","Donkey Republic","2026-08-28 00:09:06"
"28347","Burgstrasse",52.3716397,9.732492,4,0,4,"DE","Hannover (Donkey Republic)","Donkey Republic","2026-08-28 00:09:06"
"28435","Werderstrasse",52.387214,9.73453,7,4,2,"DE","Hannover (Donkey Republic)","Donkey Republic","2026-08-28 00:09:06"
"28300","Augustenstrasse/Königstrasse ",52.3762498,9.7452742,6,1,6,"DE","Hannover (Donkey Republic)","Donkey Republic","2026-08-28 00:09:06"
"28396","Schlägerstrasse 3",52.3649679,9.7469813,4,0,4,"DE","Hannover (Donkey Republic)","Donkey Republic","2026-08-28 00:09:06"
"29033","Berliner Allee",52.3722412,9.7513467,6,1,6,"DE","Hannover (Donkey Republic)","Donkey Republic","2026-08-28 00:09:06"
"29045","Viktoriastrasse",52.3726437,9.7090994,6,0,6,"DE","Hannover (Donkey Republic)","Donkey Republic","2026-08-28 00:09:06"
"29180","Eppersstrasse",52.3763915,9.6924962,5,5,0,"DE","Hannover (Donkey Republic)","Donkey Republic","2026-08-28 00:09:06"
"28366","Pelikanstrasse 2",52.3976772,9.7712323,4,6,0,"DE","Hannover (Donkey Republic)","Donkey Republic","2026-08-28 00:09:06"
"28974","NDR",52.36065,9.7413071,6,0,6,"DE","Hannover (Donkey Republic)","Donkey Republic","2026-08-28 00:09:06"
"28649","Friesenstrasse",52.3803097,9.7416557,6,2,4,"DE","Hannover (Donkey Republic)","Donkey Republic","2026-08-28 00:09:06"
"31993","Station18",52.3690543,9.7420086,8,0,8,"DE","Hannover (Donkey Republic)","Donkey Republic","2026-08-28 00:09:06"
"28327","Gartenkirche St. Marien",52.3692093,9.746458,10,0,10,"DE","Hannover (Donkey Republic)","Donkey Republic","2026-08-28 00:09:06"
"32000","Station25",52.3779719,9.7238566,8,0,8,"DE","Hannover (Donkey Republic)","Donkey Republic","2026-08-28 00:09:06"
"32030","Parkplatz Rudolf-Hillebrecht-Platz",52.3678117,9.7358104,8,1,7,"DE","Hannover (Donkey Republic)","Donkey Republic","2026-08-28 00:09:06"
"29013","Hohenzollernstrasse",52.3863231,9.753736,2,4,0,"DE","Hannover (Donkey Republic)","Donkey Republic","2026-08-28 00:09:06"
"28982","Pfarrlandplatz",52.375616,9.7073408,6,1,6,"DE","Hannover (Donkey Republic)","Donkey Republic","2026-08-28 00:09:06"
"32007","Station32",52.3785461,9.7324779,8,0,8,"DE","Hannover (Donkey Republic)","Donkey Republic","2026-08-28 00:09:06"
"28313","Congress Centrum Nord",52.3765607,9.7691247,2,2,1,"DE","Hannover (Donkey Republic)","Donkey Republic","2026-08-28 00:09:06"
"28439","Weissekreuzplatz",52.380943,9.744822,10,2,9,"DE","Hannover (Donkey Republic)","Donkey Republic","2026-08-28 00:09:06"
"28731","Waterloostrasse nord",52.3654136,9.7316856,4,1,4,"DE","Hannover (Donkey Republic)","Donkey Republic","2026-08-28 00:09:06"
"29163","Walderstrasse/ Bernadotteallee",52.3896249,9.75494,5,5,0,"DE","Hannover (Donkey Republic)","Donkey Republic","2026-08-28 00:09:06"
"30066","Rathenaustrasse ",52.3740898,9.7407086,4,0,4,"DE","Hannover (Donkey Republic)","Donkey Republic","2026-08-28 00:09:06"
"31997","Mehlstrasse",52.3758634,9.73669,8,0,8,"DE","Hannover (Donkey Republic)","Donkey Republic","2026-08-28 00:09:06"
"32394","Hub Maschsee Quelle ",52.3454161,9.7445472,35,1,34,"DE","Hannover (Donkey Republic)","Donkey Republic","2026-08-28 00:09:06"
"31968","Öffentliche Station: Hannover Rück",52.3918176,9.800229,8,2,6,"DE","Hannover (Donkey Republic)","Donkey Republic","2026-08-28 00:09:06"
"33546","KWR",52.378236,9.761971,2,3,0,"DE","Hannover (Donkey Republic)","Donkey Republic","2026-08-28 00:09:06"
"28351","Lister Kirchweg 1",52.3956152,9.7632601,4,6,0,"DE","Hannover (Donkey Republic)","Donkey Republic","2026-08-28 00:09:06"
"28687","Lister Meile - Fridastrasse",52.382344,9.744912,6,7,0,"DE","Hannover (Donkey Republic)","Donkey Republic","2026-08-28 00:09:06"
"28685","Hotel Am Schloss",52.3918838,9.689171,4,3,1,"DE","Hannover (Donkey Republic)","Donkey Republic","2026-08-28 00:09:06"
"29212","Hilde Schneider Allee",52.3529254,9.7563304,6,6,1,"DE","Hannover (Donkey Republic)","Donkey Republic","2026-08-28 00:09:06"
"28420","Königsworther Platz 1",52.3784124,9.7229189,6,0,6,"DE","Hannover (Donkey Republic)","Donkey Republic","2026-08-28 00:09:06"
"28375","Schillerstrasse 29",52.3760659,9.7383208,10,0,10,"DE","Hannover (Donkey Republic)","Donkey Republic","2026-08-28 00:09:06"
"30966","Hub: Augustenstrasse",52.3771625,9.7446406,6,1,5,"DE","Hannover (Donkey Republic)","Donkey Republic","2026-08-28 00:09:06"
"29181","Pizza Garten",52.3808501,9.6822814,2,0,2,"DE","Hannover (Donkey Republic)","Donkey Republic","2026-08-28 00:09:06"
"29943","Goebenstrasse",52.3911366,9.7416437,3,4,0,"DE","Hannover (Donkey Republic)","Donkey Republic","2026-08-28 00:09:06"
"29951","Kirchhöfnerstrasse",52.3771977,9.6890254,2,4,0,"DE","Hannover (Donkey Republic)","Donkey Republic","2026-08-28 00:09:06"
"31247","Moltkeplatz",52.3925676,9.7465353,2,0,2,"DE","Hannover (Donkey Republic)","Donkey Republic","2026-08-28 00:09:06"
"28427","Karmarschstrasse",52.372376,9.737796,6,0,6,"DE","Hannover (Donkey Republic)","Donkey Republic","2026-08-28 00:09:06"
"30972","Hub: Marktstrasse",52.3704375,9.7374844,8,1,7,"DE","Hannover (Donkey Republic)","Donkey Republic","2026-08-28 00:09:06"
"28717","Karl-Wiechert-Allee 1",52.3747468,9.808259,3,2,1,"DE","Hannover (Donkey Republic)","Donkey Republic","2026-08-28 00:09:06"
"29179","George Westinghouse Weg",52.3700113,9.692683,5,2,4,"DE","Hannover (Donkey Republic)","Donkey Republic","2026-08-28 00:09:06"
"32005","Station30",52.3802161,9.7328947,8,0,8,"DE","Hannover (Donkey Republic)","Donkey Republic","2026-08-28 00:09:06"
"30911","Bünteweg",52.3549062,9.8020072,3,0,3,"DE","Hannover (Donkey Republic)","Donkey Republic","2026-08-28 00:09:06"
"28970","Friedrichswall",52.367812,9.7398858,6,0,6,"DE","Hannover (Donkey Republic)","Donkey Republic","2026-08-28 00:09:06"
"29184","Wyndham",52.3934594,9.7945335,3,2,1,"DE","Hannover (Donkey Republic)","Donkey Republic","2026-08-28 00:09:06"
"28671","Schubertstrasse",52.3855633,9.7469221,6,9,0,"DE","Hannover (Donkey Republic)","Donkey Republic","2026-08-28 00:09:06"
"30149","Maschseefest NDR",52.3588329,9.7426679,4,0,4,"DE","Hannover (Donkey Republic)","Donkey Republic","2026-08-28 00:09:06"
"32026","Station50",52.3742776,9.7434279,8,0,8,"DE","Hannover (Donkey Republic)","Donkey Republic","2026-08-28 00:09:06"
"28443","Goetheplatz",52.373182,9.724649,12,0,12,"DE","Hannover (Donkey Republic)","Donkey Republic","2026-08-28 00:09:06"
"28703","Leibnizufer ",52.3725185,9.7290696,4,0,4,"DE","Hannover (Donkey Republic)","Donkey Republic","2026-08-28 00:09:06"
"28728","Heidjerhof",52.3774921,9.8025247,2,0,1,"DE","Hannover (Donkey Republic)","Donkey Republic","2026-08-28 00:09:06"
"28322","Fössestrasse Kiosk",52.3700858,9.7060782,6,0,6,"DE","Hannover (Donkey Republic)","Donkey Republic","2026-08-28 00:09:06"
"30960","Hub: Brühlstrasse",52.3751875,9.7268281,8,0,8,"DE","Hannover (Donkey Republic)","Donkey Republic","2026-08-28 00:09:06"
"28365","Pelikan - Klopstockstrasse",52.4004216,9.7716439,4,7,0,"DE","Hannover (Donkey Republic)","Donkey Republic","2026-08-28 00:09:06"
"31979","Station4",52.3711423,9.7328472,8,0,7,"DE","Hannover (Donkey Republic)","Donkey Republic","2026-08-28 00:09:06"
"28992","Gerberstrasse",52.3758492,9.7230338,0,2,0,"DE","Hannover (Donkey Republic)","Donkey Republic","2026-08-28 00:09:06"
"29012","Lister Platz",52.3890063,9.750576,3,0,3,"DE","Hannover (Donkey Republic)","Donkey Republic","2026-08-28 00:09:06"
"36826","Roderbruchmarkt",52.388389,9.8136335,4,3,1,"DE","Hannover (Donkey Republic)","Donkey Republic","2026-08-28 00:09:06"
"28645","Münzstrasse",52.3758154,9.7315714,6,0,6,"DE","Hannover (Donkey Republic)","Donkey Republic","2026-08-28 00:09:06"
"31984","Station9",52.3712113,9.7387698,8,0,8,"DE","Hannover (Donkey Republic)","Donkey Republic","2026-08-28 00:09:06"
"31989","Station14",52.3725235,9.7418421,8,2,7,"DE","Hannover (Donkey Republic)","Donkey Republic","2026-08-28 00:09:06"
"29044","Fössestrasse",52.370146,9.7062576,0,1,0,"DE","Hannover (Donkey Republic)","Donkey Republic","2026-08-28 00:09:06"
"32001","Körnerstraße",52.3794014,9.7254816,8,0,8,"DE","Hannover (Donkey Republic)","Donkey Republic","2026-08-28 00:09:06"
"28648","Am Kleinen Felde/ Asternstrasse ",52.3851543,9.7224458,2,3,0,"DE","Hannover (Donkey Republic)","Donkey Republic","2026-08-28 00:09:06"
"28428","Aegidientorplatz Süd",52.3679119,9.7426854,10,1,9,"DE","Hannover (Donkey Republic)","Donkey Republic","2026-08-28 00:09:06"
"28357","Mathildenstrasse",52.371209,9.7103848,10,0,10,"DE","Hannover (Donkey Republic)","Donkey Republic","2026-08-28 00:09:06"
"28683","Ludwigstrasse",52.3814492,9.7384784,6,0,6,"DE","Hannover (Donkey Republic)","Donkey Republic","2026-08-28 00:09:06"
"30903","Göttinger Chaussee ",52.3447482,9.7173747,4,5,0,"DE","Hannover (Donkey Republic)","Donkey Republic","2026-08-28 00:09:06"
"28983","Noltestrasse",52.3720531,9.7056778,6,1,6,"DE","Hannover (Donkey Republic)","Donkey Republic","2026-08-28 00:09:06"
"28440","Neues Haus ",52.3773784,9.7530964,4,1,3,"DE","Hannover (Donkey Republic)","Donkey Republic","2026-08-28 00:09:06"
"28447","Schaumburgstrasse",52.392473,9.693635,8,1,8,"DE","Hannover (Donkey Republic)","Donkey Republic","2026-08-28 00:09:06"
"28656","Charlottenstrasse",52.360543,9.7183001,3,7,0,"DE","Hannover (Donkey Republic)","Donkey Republic","2026-08-28 00:09:06"
"29674","Limmerstrasse 4",52.3716086,9.7127925,3,1,2,"DE","Hannover (Donkey Republic)","Donkey Republic","2026-08-28 00:09:06"
"28643","Bürgermeister-Fink-Strasse",52.3609275,9.7450403,3,1,3,"DE","Hannover (Donkey Republic)","Donkey Republic","2026-08-28 00:09:06"
"28419","Kurt-Schumacher-Strasse",52.3767392,9.7360903,10,2,8,"DE","Hannover (Donkey Republic)","Donkey Republic","2026-08-28 00:09:06"
"29034","Thielenplatz",52.3743063,9.7440593,6,1,6,"DE","Hannover (Donkey Republic)","Donkey Republic","2026-08-28 00:09:06"
"29042","Uhlemeyerstrasse",52.3774394,9.752293,4,0,4,"DE","Hannover (Donkey Republic)","Donkey Republic","2026-08-28 00:09:06"
"29215","Ehrhartstrasse",52.3770467,9.6727122,3,4,0,"DE","Hannover (Donkey Republic)","Donkey Republic","2026-08-28 00:09:06"
"36759","Spannhagengarten U",52.4001873,9.782052,4,4,0,"DE","Hannover (Donkey Republic)","Donkey Republic","2026-08-28 00:09:06"
"28361","Oeltzenstrasse 11",52.3759118,9.7228927,4,0,4,"DE","Hannover (Donkey Republic)","Donkey Republic","2026-08-28 00:09:06"
"28658","An der Strangriede",52.3912409,9.7106393,6,1,5,"DE","Hannover (Donkey Republic)","Donkey Republic","2026-08-28 00:09:06"
"28644","Hamburger Allee",52.383363,9.7370193,8,1,7,"DE","Hannover (Donkey Republic)","Donkey Republic","2026-08-28 00:09:06"
"28306","Bleichenstrasse 1",52.3669431,9.7424908,10,0,10,"DE","Hannover (Donkey Republic)","Donkey Republic","2026-08-28 00:09:06"
"31988","Station13",52.3733109,9.7393963,8,0,8,"DE","Hannover (Donkey Republic)","Donkey Republic","2026-08-28 00:09:06"
"30797","Culemeyertrift",52.396907,9.6921975,3,2,0,"DE","Hannover (Donkey Republic)","Donkey Republic","2026-08-28 00:09:06"
"28353","Marienstrasse 51",52.3695183,9.7511362,3,4,0,"DE","Hannover (Donkey Republic)","Donkey Republic","2026-08-28 00:09:06"
"28990","Santana Bar",52.3862326,9.7169381,4,0,4,"DE","Hannover (Donkey Republic)","Donkey Republic","2026-08-28 00:09:06"
"30963","Hub: Kurtschumacherstrasse",52.3769125,9.7389531,6,1,5,"DE","Hannover (Donkey Republic)","Donkey Republic","2026-08-28 00:09:06"
"28677","Heinrichstrasse",52.3792634,9.7532842,6,5,1,"DE","Hannover (Donkey Republic)","Donkey Republic","2026-08-28 00:09:06"
"28105","Kurt-Schumacher-Strasse 31",52.3766177,9.734096,14,0,14,"DE","Hannover (Donkey Republic)","Donkey Republic","2026-08-28 00:09:06"
"28407","Raschplatz",52.379661,9.744232,10,0,10,"DE","Hannover (Donkey Republic)","Donkey Republic","2026-08-28 00:09:06"
"28444","Celler Strasse",52.382276,9.738173,10,4,7,"DE","Hannover (Donkey Republic)","Donkey Republic","2026-08-28 00:09:06"
"29701","Franziusweg",52.3934232,9.7071196,5,4,1,"DE","Hannover (Donkey Republic)","Donkey Republic","2026-08-28 00:09:06"
"28311","Christuskirche",52.3817394,9.7258337,25,0,25,"DE","Hannover (Donkey Republic)","Donkey Republic","2026-08-28 00:09:06"
"29292","Jahnplaz",52.3942336,9.7290329,6,6,1,"DE","Hannover (Donkey Republic)","Donkey Republic","2026-08-28 00:09:06"
"28339","Hildesheimer x Feldstrasse",52.3637602,9.7478465,5,1,4,"DE","Hannover (Donkey Republic)","Donkey Republic","2026-08-28 00:09:06"
"28651","Asternstrasse",52.38551,9.7241786,6,0,6,"DE","Hannover (Donkey Republic)","Donkey Republic","2026-08-28 00:09:06"
"28294","Fortunastrasse",52.3723602,9.7101838,10,0,9,"DE","Hannover (Donkey Republic)","Donkey Republic","2026-08-28 00:09:06"
"29094","Sonnenweg ",52.3675602,9.756712,4,5,0,"DE","Hannover (Donkey Republic)","Donkey Republic","2026-08-28 00:09:06"
"28383","Strandleben",52.3769343,9.7141745,20,0,20,"DE","Hannover (Donkey Republic)","Donkey Republic","2026-08-28 00:09:06"
"28996","Minigolf Georgengarten",52.3826443,9.7092516,2,0,2,"DE","Hannover (Donkey Republic)","Donkey Republic","2026-08-28 00:09:06"
"28304","Berliner Allee 24",52.3756086,9.7509617,5,0,4,"DE","Hannover (Donkey Republic)","Donkey Republic","2026-08-28 00:09:06"
"28646","Goethestrasse",52.3747928,9.7299473,6,0,6,"DE","Hannover (Donkey Republic)","Donkey Republic","2026-08-28 00:09:06"
"29017","Am Listholze",52.3985363,9.7635823,4,5,0,"DE","Hannover (Donkey Republic)","Donkey Republic","2026-08-28 00:09:06"
"28308","Bödekerstrasse",52.3822524,9.7535248,5,5,1,"DE","Hannover (Donkey Republic)","Donkey Republic","2026-08-28 00:09:06"
"28413","Listerplatz",52.3883814,9.7504816,3,1,2,"DE","Hannover (Donkey Republic)","Donkey Republic","2026-08-28 00:09:06"
"34824","LUH / Appelstrasse",52.3881087,9.7126021,10,0,10,"DE","Hannover (Donkey Republic)","Donkey Republic","2026-08-28 00:09:06"
"28452","Alter Güterbahnhof",52.3836626,9.7319863,10,0,9,"DE","Hannover (Donkey Republic)","Donkey Republic","2026-08-28 00:09:06"
"30971","Hub: Theodor Lessing Platz",52.3693625,9.7375156,8,0,8,"DE","Hannover (Donkey Republic)","Donkey Republic","2026-08-28 00:09:06"
"28693","Werkhof Hotel",52.3888691,9.7190951,6,3,4,"DE","Hannover (Donkey Republic)","Donkey Republic","2026-08-28 00:09:06"
"28698","Kerstingstrasse",52.3645583,9.7733953,6,3,3,"DE","Hannover (Donkey Republic)","Donkey Republic","2026-08-28 00:09:06"
"30133","Maschseefest: Kurt-Schwitters-Platz",52.3633633,9.7392085,3,0,3,"DE","Hannover (Donkey Republic)","Donkey Republic","2026-08-28 00:09:06"
"28441","Braunschweiger Platz",52.3707017,9.7617537,5,1,5,"DE","Hannover (Donkey Republic)","Donkey Republic","2026-08-28 00:09:06"
"30266","Nelkenstrasse",52.3833982,9.7213474,5,0,5,"DE","Hannover (Donkey Republic)","Donkey Republic","2026-08-28 00:09:06"
"28434","Im Moore",52.384453,9.7207022,10,2,9,"DE","Hannover (Donkey Republic)","Donkey Republic","2026-08-28 00:09:06"
"31986","Station11",52.3715883,9.7417145,8,0,8,"DE","Hannover (Donkey Republic)","Donkey Republic","2026-08-28 00:09:06"
"29024","Baumstrasse",52.3676213,9.7506348,4,1,4,"DE","Hannover (Donkey Republic)","Donkey Republic","2026-08-28 00:09:06"
"28963","Waterlooplatz",52.3657759,9.7266228,6,0,6,"DE","Hannover (Donkey Republic)","Donkey Republic","2026-08-28 00:09:06"
"32011","Station36",52.3766074,9.7285891,8,0,8,"DE","Hannover (Donkey Republic)","Donkey Republic","2026-08-28 00:09:06"
"28694","Lützerodestrasse",52.3854201,9.7454549,6,6,0,"DE","Hannover (Donkey Republic)","Donkey Republic","2026-08-28 00:09:06"
"28688","Fahrradkontor GmbH",52.3876325,9.7410076,4,7,0,"DE","Hannover (Donkey Republic)","Donkey Republic","2026-08-28 00:09:06"
"28451","Steintor",52.3760808,9.7317854,10,0,10,"DE","Hannover (Donkey Republic)","Donkey Republic","2026-08-28 00:09:06"
"29027","Seilerstrasse",52.3645696,9.7516158,2,2,1,"DE","Hannover (Donkey Republic)","Donkey Republic","2026-08-28 00:09:06"
"28416","Sprengel Museum",52.364224,9.739798,10,0,10,"DE","Hannover (Donkey Republic)","Donkey Republic","2026-08-28 00:09:06"
"29192","Geibelstrasse 55",52.3593096,9.7517673,2,2,1,"DE","Hannover (Donkey Republic)","Donkey Republic","2026-08-28 00:09:06"
"29262","Am Taubenfelde",52.3802139,9.7256205,6,0,6,"DE","Hannover (Donkey Republic)","Donkey Republic","2026-08-28 00:09:06"
"28417","Am Klagesmarkt",52.380791,9.726797,10,0,10,"DE","Hannover (Donkey Republic)","Donkey Republic","2026-08-28 00:09:06"
"28399","Waldersee-Denkmal",52.3847991,9.7552019,4,3,1,"DE","Hannover (Donkey Republic)","Donkey Republic","2026-08-28 00:09:06"
"28319","Ferdinand-Wallbrecht 26",52.3909528,9.7481987,3,3,1,"DE","Hannover (Donkey Republic)","Donkey Republic","2026-08-28 00:09:06"
"32022","Station48",52.3778927,9.7434423,8,0,7,"DE","Hannover (Donkey Republic)","Donkey Republic","2026-08-28 00:09:06"
"28702","An der Lutherkirche",52.3871247,9.7209308,6,1,5,"DE","Hannover (Donkey Republic)","Donkey Republic","2026-08-28 00:09:06"
"29006","Biergarten Dornröschen",52.3796797,9.7043102,6,0,6,"DE","Hannover (Donkey Republic)","Donkey Republic","2026-08-28 00:09:06"
"31033","Stadtfriedhof Ricklingen",52.3333375,9.7166094,3,0,2,"DE","Hannover (Donkey Republic)","Donkey Republic","2026-08-28 00:09:06"
"36824","Gehägestraße Parkplatz",52.3910294,9.7848176,3,4,0,"DE","Hannover (Donkey Republic)","Donkey Republic","2026-08-28 00:09:06"
"28987","Gartenallee",52.3690021,9.7147173,6,2,4,"DE","Hannover (Donkey Republic)","Donkey Republic","2026-08-28 00:09:06"
"28433","Scheffelstrasse",52.384019,9.725321,10,0,10,"DE","Hannover (Donkey Republic)","Donkey Republic","2026-08-28 00:09:06"
"28664","Kötnerholzweg",52.3752484,9.7045586,6,4,2,"DE","Hannover (Donkey Republic)","Donkey Republic","2026-08-28 00:09:06"
"30157","Gfl Hannover ",52.3512455,9.748835,3,2,2,"DE","Hannover (Donkey Republic)","Donkey Republic","2026-08-28 00:09:06"
"28713","Bandelstrasse",52.3616521,9.754527,3,1,2,"DE","Hannover (Donkey Republic)","Donkey Republic","2026-08-28 00:09:06"
"28334","Hannah-Arendt Platz",52.3709007,9.7335687,10,0,10,"DE","Hannover (Donkey Republic)","Donkey Republic","2026-08-28 00:09:06"
"30573","Bertha-von-Suttner-Platz",52.3590786,9.7614514,6,1,6,"DE","Hannover (Donkey Republic)","Donkey Republic","2026-08-28 00:09:06"
"28989","Callinstrasse/ Nienburger str.",52.3883594,9.7087982,6,0,6,"DE","Hannover (Donkey Republic)","Donkey Republic","2026-08-28 00:09:06"
"30939","Glockseestrasse / Wielandstrasse",52.3706875,9.7212031,5,1,4,"DE","Hannover (Donkey Republic)","Donkey Republic","2026-08-28 00:09:06"
"28371","An der Weide",52.3633938,9.7637504,5,2,2,"DE","Hannover (Donkey Republic)","Donkey Republic","2026-08-28 00:09:06"
"28309","Callinstrasse - Mineralogie",52.3858009,9.7177216,5,5,0,"DE","Hannover (Donkey Republic)","Donkey Republic","2026-08-28 00:09:06"
"28378","Selmastrasse",52.3717992,9.7119325,10,1,9,"DE","Hannover (Donkey Republic)","Donkey Republic","2026-08-28 00:09:06"
"28302","Balsen",52.3896494,9.7522906,3,3,1,"DE","Hannover (Donkey Republic)","Donkey Republic","2026-08-28 00:09:06"
"28367","Podbielski x Buckhardt",52.3902321,9.7535401,4,0,3,"DE","Hannover (Donkey Republic)","Donkey Republic","2026-08-28 00:09:06"
"28667","Altenbekener Damm",52.3553722,9.7548368,6,9,0,"DE","Hannover (Donkey Republic)","Donkey Republic","2026-08-28 00:09:06"
"29261","Kniestrasse",52.3879491,9.720006,4,1,4,"DE","Hannover (Donkey Republic)","Donkey Republic","2026-08-28 00:09:06"
"28415","Marienstrasse",52.3702556,9.7532563,2,0,2,"DE","Hannover (Donkey Republic)","Donkey Republic","2026-08-28 00:09:06"
"30499","Hagenstrasse",52.3810233,9.7359436,4,2,3,"DE","Hannover (Donkey Republic)","Donkey Republic","2026-08-28 00:09:06"
"31244","Herrenhäuser Stadtbibliothek  ",52.3929097,9.6875807,2,2,1,"DE","Hannover (Donkey Republic)","Donkey Republic","2026-08-28 00:09:06"
"29278","Kleine Pfahlstrasse",52.3849412,9.7551345,5,5,0,"DE","Hannover (Donkey Republic)","Donkey Republic","2026-08-28 00:09:06"
"36829","Seelhorststr./Ellernstr.",52.3764311,9.7564151,1,1,0,"DE","Hannover (Donkey Republic)","Donkey Republic","2026-08-28 00:09:06"
"28733","Otto-Brenner-Strasse",52.3778588,9.7278254,6,1,6,"DE","Hannover (Donkey Republic)","Donkey Republic","2026-08-28 00:09:06"
"28332","Göttinger Sieben Platz",52.3701995,9.7349424,2,0,2,"DE","Hannover (Donkey Republic)","Donkey Republic","2026-08-28 00:09:06"
"28408","Limmerstrasse/Offensteinstrasse",52.3739796,9.7051745,10,1,9,"DE","Hannover (Donkey Republic)","Donkey Republic","2026-08-28 00:09:06"
"28325","Friesen x Sedanstrasse",52.3812811,9.747839,3,2,2,"DE","Hannover (Donkey Republic)","Donkey Republic","2026-08-28 00:09:06"
"28429","Sallplatz",52.36182,9.759264,4,6,0,"DE","Hannover (Donkey Republic)","Donkey Republic","2026-08-28 00:09:06"
"28641","Allerweg",52.3622157,9.7223201,6,5,1,"DE","Hannover (Donkey Republic)","Donkey Republic","2026-08-28 00:09:06"
"29023","Kanu-Club",52.3536108,9.7395335,6,1,5,"DE","Hannover (Donkey Republic)","Donkey Republic","2026-08-28 00:09:06"
"28448","LUH / Schlosswender Strasse",52.3798391,9.7240259,10,0,10,"DE","Hannover (Donkey Republic)","Donkey Republic","2026-08-28 00:09:06"
"30132","Maschseefest: Culemannstrasse",52.3634583,9.7380981,10,1,10,"DE","Hannover (Donkey Republic)","Donkey Republic","2026-08-28 00:09:06"
"28301","Ballhofplatz",52.3726867,9.7326806,10,0,10,"DE","Hannover (Donkey Republic)","Donkey Republic","2026-08-28 00:09:06"
"28422","Schneiderberg/Wilhelm-Busch-Museum",52.384996,9.712872,6,0,6,"DE","Hannover (Donkey Republic)","Donkey Republic","2026-08-28 00:09:06"
"30150","Maschseefest Geibelstrasse",52.3571504,9.744109,3,2,1,"DE","Hannover (Donkey Republic)","Donkey Republic","2026-08-28 00:09:06"
"29047","Ungerstrasse",52.3760512,9.7039995,6,2,5,"DE","Hannover (Donkey Republic)","Donkey Republic","2026-08-28 00:09:06"
"31225","Bodestrasse ",52.3917625,9.7214219,5,1,5,"DE","Hannover (Donkey Republic)","Donkey Republic","2026-08-28 00:09:06"
"28382","Stolzestrasse 56",52.3649479,9.7564802,3,3,0,"DE","Hannover (Donkey Republic)","Donkey Republic","2026-08-28 00:09:06"
"28333","Hamburger Allee- Lister Meile",52.3791466,9.7435399,10,0,10,"DE","Hannover (Donkey Republic)","Donkey Republic","2026-08-28 00:09:06"
"28985","Nieschlagstrasse",52.3672216,9.708756,6,4,3,"DE","Hannover (Donkey Republic)","Donkey Republic","2026-08-28 00:09:06"
"28340","Jakobistrasse 6",52.3890748,9.7487794,6,7,0,"DE","Hannover (Donkey Republic)","Donkey Republic","2026-08-28 00:09:06"
"28450","Lindener Marktplatz",52.366675,9.7144424,6,1,5,"DE","Hannover (Donkey Republic)","Donkey Republic","2026-08-28 00:09:06"
"29133","Pfarrstrasse/Ricklinger Stadtweg",52.3470235,9.7236118,3,3,1,"DE","Hannover (Donkey Republic)","Donkey Republic","2026-08-28 00:09:06"
"28295","Am Marstall",52.374518,9.7341063,10,0,10,"DE","Hannover (Donkey Republic)","Donkey Republic","2026-08-28 00:09:06"
"28436","Vahrenwalder Platz",52.391622,9.735144,5,8,0,"DE","Hannover (Donkey Republic)","Donkey Republic","2026-08-28 00:09:06"
"28312","Congress Centrum - Ost",52.3758452,9.7706992,3,1,2,"DE","Hannover (Donkey Republic)","Donkey Republic","2026-08-28 00:09:06"
"28672","Herrenhäuser Kirchweg",52.3931088,9.7139653,6,1,5,"DE","Hannover (Donkey Republic)","Donkey Republic","2026-08-28 00:09:06"
"29031","Krausenstrasse",52.3642355,9.7575767,3,3,1,"DE","Hannover (Donkey Republic)","Donkey Republic","2026-08-28 00:09:06"
"29185","Shell",52.3968343,9.7930147,0,1,0,"DE","Hannover (Donkey Republic)","Donkey Republic","2026-08-28 00:09:06"
"29197","Schneiderberg ",52.3847998,9.7130168,6,0,6,"DE","Hannover (Donkey Republic)","Donkey Republic","2026-08-28 00:09:06"
"29025","Wilhelmstrasse",52.3681941,9.7486467,2,2,0,"DE","Hannover (Donkey Republic)","Donkey Republic","2026-08-28 00:09:06"
"28324","Franz-Nause-Strasse 3",52.3746595,9.6944948,5,2,4,"DE","Hannover (Donkey Republic)","Donkey Republic","2026-08-28 00:09:06"
"28303","Berggarten/Sealife",52.3918451,9.6985856,7,0,7,"DE","Hannover (Donkey Republic)","Donkey Republic","2026-08-28 00:09:06"
"28430","Hildesheimer Strasse 98",52.3587235,9.7513576,1,2,0,"DE","Hannover (Donkey Republic)","Donkey Republic","2026-08-28 00:09:06"
"31994","Station19",52.3689183,9.7410101,8,0,8,"DE","Hannover (Donkey Republic)","Donkey Republic","2026-08-28 00:09:06"
"28679","Friedrichswall",52.3688034,9.7361579,6,1,6,"DE","Hannover (Donkey Republic)","Donkey Republic","2026-08-28 00:09:06"
"28997","Jägerstrasse",52.3798484,9.7175789,6,0,6,"DE","Hannover (Donkey Republic)","Donkey Republic","2026-08-28 00:09:06"
"28675","Stadionbrücke",52.3576783,9.7232991,2,2,1,"DE","Hannover (Donkey Republic)","Donkey Republic","2026-08-28 00:09:06"
"29219","Dragonerstrasse",52.3936293,9.7355846,5,7,0,"DE","Hannover (Donkey Republic)","Donkey Republic","2026-08-28 00:09:06"
"28317","Faustwiese",52.3755909,9.710559,3,3,0,"DE","Hannover (Donkey Republic)","Donkey Republic","2026-08-28 00:09:06"
"28720","Studentenwohnheim Dorotheenstrasse",52.3922273,9.6857199,5,5,0,"DE","Hannover (Donkey Republic)","Donkey Republic","2026-08-28 00:09:06"
"29004","Harenberger Strasse ",52.3769952,9.6896495,2,2,1,"DE","Hannover (Donkey Republic)","Donkey Republic","2026-08-28 00:09:06"
"31602","LUH / Audimax",52.3825213,9.7191489,15,0,15,"DE","Hannover (Donkey Republic)","Donkey Republic","2026-08-28 00:09:06"
"28700","An der Lutherkirche",52.3875021,9.721071,6,0,5,"DE","Hannover (Donkey Republic)","Donkey Republic","2026-08-28 00:09:06"
"28699","Am Lindener Hafen",52.3650896,9.6934493,6,2,5,"DE","Hannover (Donkey Republic)","Donkey Republic","2026-08-28 00:09:06"
"29930","Mecklenburgische",52.3787166,9.8087814,2,2,1,"DE","Hannover (Donkey Republic)","Donkey Republic","2026-08-28 00:09:06"
"30959","Hub: Nikolaistrasse",52.3798125,9.7329375,6,0,6,"DE","Hannover (Donkey Republic)","Donkey Republic","2026-08-28 00:09:06"
"28647","Neustädter Strasse",52.3702806,9.727164,6,8,0,"DE","Hannover (Donkey Republic)","Donkey Republic","2026-08-28 00:09:06"
"29046","Pfarrlandstrasse",52.3764535,9.7076209,6,2,5,"DE","Hannover (Donkey Republic)","Donkey Republic","2026-08-28 00:09:06"
"28689","Callinstrasse",52.3879708,9.7107916,6,0,5,"DE","Hannover (Donkey Republic)","Donkey Republic","2026-08-28 00:09:06"
"28715","Bismarckstrasse",52.3567134,9.7689459,6,3,2,"DE","Hannover (Donkey Republic)","Donkey Republic","2026-08-28 00:09:06"
"29173","Am Küchengarten/ Fösserstrasse",52.3713279,9.7137303,6,13,0,"DE","Hannover (Donkey Republic)","Donkey Republic","2026-08-28 00:09:06"
"30956","Hub: Am Klagesmarkt",52.3805625,9.7266406,8,0,8,"DE","Hannover (Donkey Republic)","Donkey Republic","2026-08-28 00:09:06"
"29040","Königsworther Platz",52.3779873,9.7226704,3,0,3,"DE","Hannover (Donkey Republic)","Donkey Republic","2026-08-28 00:09:06"
"30190","Schneiderberg",52.3890332,9.7173556,3,1,3,"DE","Hannover (Donkey Republic)","Donkey Republic","2026-08-28 00:09:06"
"28995","Lodemannbrücke",52.3554074,9.7295792,3,2,2,"DE","Hannover (Donkey Republic)","Donkey Republic","2026-08-28 00:09:06"
"31995","Station20",52.368457,9.7438378,8,1,7,"DE","Hannover (Donkey Republic)","Donkey Republic","2026-08-28 00:09:06"
"31248","Bierweg",52.3425875,9.7134844,2,1,0,"DE","Hannover (Donkey Republic)","Donkey Republic","2026-08-28 00:09:06"
"28961","Schützenplatz",52.3644411,9.7281289,6,1,5,"DE","Hannover (Donkey Republic)","Donkey Republic","2026-08-28 00:09:06"
"29132","Schünemannplatz",52.34805,9.7234566,2,1,1,"DE","Hannover (Donkey Republic)","Donkey Republic","2026-08-28 00:09:06"
"28690","Aegidientorplatz",52.3688326,9.7434814,6,0,5,"DE","Hannover (Donkey Republic)","Donkey Republic","2026-08-28 00:09:06"
"28330","Georgstrasse",52.3724225,9.7401369,10,0,10,"DE","Hannover (Donkey Republic)","Donkey Republic","2026-08-28 00:09:06"
"30004","Kiliøn",52.3818374,9.7241343,1,0,1,"DE","Hannover (Donkey Republic)","Donkey Republic","2026-08-28 00:09:06"
"30421","Kaiserallee",52.3797429,9.7617026,2,2,1,"DE","Hannover (Donkey Republic)","Donkey Republic","2026-08-28 00:09:06"
"28298","Arnswaldtstrasse 19",52.3702042,9.7468706,10,0,10,"DE","Hannover (Donkey Republic)","Donkey Republic","2026-08-28 00:09:06"
"30973","Hub: Leinstrasse",52.3701419,9.7354504,3,0,3,"DE","Hannover (Donkey Republic)","Donkey Republic","2026-08-28 00:09:06"
"28389","Vahrenwalderstrasse 238",52.412081,9.7347765,4,2,2,"DE","Hannover (Donkey Republic)","Donkey Republic","2026-08-28 00:09:06"
"31977","Station2",52.3698499,9.7352656,8,0,8,"DE","Hannover (Donkey Republic)","Donkey Republic","2026-08-28 00:09:06"
"32002","Station27",52.3805712,9.725126,8,0,8,"DE","Hannover (Donkey Republic)","Donkey Republic","2026-08-28 00:09:06"
"28315","Eulenkamp",52.4030833,9.7913577,2,2,0,"DE","Hannover (Donkey Republic)","Donkey Republic","2026-08-28 00:09:06"
"28668","Dragonerstrasse",52.3939852,9.7350666,4,5,0,"DE","Hannover (Donkey Republic)","Donkey Republic","2026-08-28 00:09:06"
"28345","Landschaftstrasse 7",52.3717979,9.7440719,3,2,2,"DE","Hannover (Donkey Republic)","Donkey Republic","2026-08-28 00:09:06"
"28394","U Noltemeyerbrücke N",52.4059469,9.8002955,5,2,4,"DE","Hannover (Donkey Republic)","Donkey Republic","2026-08-28 00:09:06"
"29015","Siemensstrasse",52.3563221,9.7511237,3,3,1,"DE","Hannover (Donkey Republic)","Donkey Republic","2026-08-28 00:09:06"
"30908","Fiedelerplatz",52.3398238,9.7638725,2,4,0,"DE","Hannover (Donkey Republic)","Donkey Republic","2026-08-28 00:09:06"
"28307","Bleichenstrasse Park",52.3671008,9.7402365,10,0,10,"DE","Hannover (Donkey Republic)","Donkey Republic","2026-08-28 00:09:06"
"30932","Hannover-Buchholz-Kleefeld",52.3945875,9.8036719,3,0,2,"DE","Hannover (Donkey Republic)","Donkey Republic","2026-08-28 00:09:06"
"29221","Auf der Bult 8",52.3601142,9.7762113,5,0,5,"DE","Hannover (Donkey Republic)","Donkey Republic","2026-08-28 00:09:06"
"31215","Tierärztliche Hochschule",52.3695425,9.7672095,3,1,2,"DE","Hannover (Donkey Republic)","Donkey Republic","2026-08-28 00:09:06"
"28696","Arndtstrasse",52.3811945,9.7276652,6,0,6,"DE","Hannover (Donkey Republic)","Donkey Republic","2026-08-28 00:09:06"
"28654","Sallstrasse",52.3671148,9.7552043,2,1,0,"DE","Hannover (Donkey Republic)","Donkey Republic","2026-08-28 00:09:06"
"28960","Robert-Enke-Strasse",52.3617464,9.7293548,6,0,6,"DE","Hannover (Donkey Republic)","Donkey Republic","2026-08-28 00:09:06"
"30962","Hub: Mehlstrasse",52.3758625,9.7367656,0,1,0,"DE","Hannover (Donkey Republic)","Donkey Republic","2026-08-28 00:09:06"
"30636","Nikolai-Fuchs-Strasse",52.3884177,9.8020075,2,3,0,"DE","Hannover (Donkey Republic)","Donkey Republic","2026-08-28 00:09:06"
"29018","Misburger Strasse",52.3791084,9.8085097,3,1,2,"DE","Hannover (Donkey Republic)","Donkey Republic","2026-08-28 00:09:06"
"32544","Heidring",52.3808505,9.8127299,3,3,0,"DE","Hannover (Donkey Republic)","Donkey Republic","2026-08-28 00:09:06"
"30498","Plathnerstrasse",52.3745318,9.7606491,3,1,3,"DE","Hannover (Donkey Republic)","Donkey Republic","2026-08-28 00:09:06"
"28386","U Aegidientorplatz",52.3691393,9.7430839,10,0,10,"DE","Hannover (Donkey Republic)","Donkey Republic","2026-08-28 00:09:06"
"29167","Hohenzollernstrasse Mitte",52.3844927,9.7544666,2,3,0,"DE","Hannover (Donkey Republic)","Donkey Republic","2026-08-28 00:09:06"
"29604","Detmoldstrasse",52.3694366,9.7534521,1,0,0,"DE","Hannover (Donkey Republic)","Donkey Republic","2026-08-28 00:09:06"
"28719","Uhlhornstrasse",52.3714332,9.7931424,3,1,1,"DE","Hannover (Donkey Republic)","Donkey Republic","2026-08-28 00:09:06"
"29021","Kinderkrankenhaus auf der Bult",52.3623466,9.7775605,4,0,3,"DE","Hannover (Donkey Republic)","Donkey Republic","2026-08-28 00:09:06"
"28708","Am Soltekampe",52.3572084,9.6765409,4,4,0,"DE","Hannover (Donkey Republic)","Donkey Republic","2026-08-28 00:09:06"
"29162","Hannover Congress Centum ",52.377738,9.7691886,2,1,1,"DE","Hannover (Donkey Republic)","Donkey Republic","2026-08-28 00:09:06"
"30974","Hub: Schmiedestrasse ",52.3728125,9.7350781,8,1,7,"DE","Hannover (Donkey Republic)","Donkey Republic","2026-08-28 00:09:06"
"28296","Am Marstall 17",52.3741864,9.7314699,10,0,10,"DE","Hannover (Donkey Republic)","Donkey Republic","2026-08-28 00:09:06"
"29970","Seilerstrasse 1",52.3639534,9.7501161,2,1,1,"DE","Hannover (Donkey Republic)","Donkey Republic","2026-08-28 00:09:06"
"28640","Lister Kirchweg",52.395011,9.7444126,5,1,5,"DE","Hannover (Donkey Republic)","Donkey Republic","2026-08-28 00:09:06"
"29191","Carlo Schmid Allee/ Davenstedter Strasse",52.3657884,9.6784502,3,6,0,"DE","Hannover (Donkey Republic)","Donkey Republic","2026-08-28 00:09:06"
"28363","Otto Almstadt",52.3692633,9.7386298,10,0,10,"DE","Hannover (Donkey Republic)","Donkey Republic","2026-08-28 00:09:06"
"31983","Station8",52.3720861,9.7374976,8,0,8,"DE","Hannover (Donkey Republic)","Donkey Republic","2026-08-28 00:09:06"
"32004","Station29",52.381333,9.7329305,8,0,8,"DE","Hannover (Donkey Republic)","Donkey Republic","2026-08-28 00:09:06"
"32006","Station31",52.3797946,9.7323839,8,0,8,"DE","Hannover (Donkey Republic)","Donkey Republic","2026-08-28 00:09:06"
"29208","Hannover Kleefeld",52.3742026,9.8211896,2,1,1,"DE","Hannover (Donkey Republic)","Donkey Republic","2026-08-28 00:09:06"
"29277","Riechersstrasse",52.3546696,9.6694483,3,0,3,"DE","Hannover (Donkey Republic)","Donkey Republic","2026-08-28 00:09:06"
"28718","Kirchroder Strasse",52.3707634,9.8027848,6,0,6,"DE","Hannover (Donkey Republic)","Donkey Republic","2026-08-28 00:09:06"
"28682","Fundstrasse",52.3835806,9.7534008,3,3,0,"DE","Hannover (Donkey Republic)","Donkey Republic","2026-08-28 00:09:06"
"30700","Büttnerstrasse ",52.4028158,9.7358133,3,4,0,"DE","Hannover (Donkey Republic)","Donkey Republic","2026-08-28 00:09:06"
"28697","Burgstrasse",52.372325,9.7319428,6,0,6,"DE","Hannover (Donkey Republic)","Donkey Republic","2026-08-28 00:09:06"
"28360","Bruchmeisterallee",52.362285,9.7319673,6,1,5,"DE","Hannover (Donkey Republic)","Donkey Republic","2026-08-28 00:09:06"
"28676","Gretchenstrasse",52.3838984,9.7484563,6,6,0,"DE","Hannover (Donkey Republic)","Donkey Republic","2026-08-28 00:09:06"
"28376","Schmiedestrasse Parkhaus",52.3734451,9.734601,10,0,10,"DE","Hannover (Donkey Republic)","Donkey Republic","2026-08-28 00:09:06"
"28318","Ferdinand-Wallbrecht 12",52.3901077,9.7492607,3,2,2,"DE","Hannover (Donkey Republic)","Donkey Republic","2026-08-28 00:09:06"
"28659","Stadtbibliothek",52.3668708,9.7453043,6,1,4,"DE","Hannover (Donkey Republic)","Donkey Republic","2026-08-28 00:09:06"
"68577704","Julius-Raab-Platz",48.211544,16.382374,17,3,14,"AT","Wien","nextbike","2026-08-28 00:09:06"
"68577989","Hoher Markt",48.210666,16.372983,25,1,24,"AT","Wien","nextbike","2026-08-28 00:09:06"
"68578292","Oper / Karlsplatz U",48.202683,16.369702,21,3,15,"AT","Wien","nextbike","2026-08-28 00:09:06"
"68578979","Ring / Volkstheater U",48.206516,16.3604,15,10,5,"AT","Wien","nextbike","2026-08-28 00:09:06"
"68579304","Stephansplatz U",48.207836,16.372111,22,1,17,"AT","Wien","nextbike","2026-08-28 00:09:06"
"68579972","Taborstraße U",48.219522,16.382218,23,27,0,"AT","Wien","nextbike","2026-08-28 00:09:06"
"68580182","WU-Campus / Südportalstraße ",48.212856,16.407665,35,20,12,"AT","Wien","nextbike","2026-08-28 00:09:06"
"68580553","Radetzkyplatz",48.211058,16.38939,10,1,9,"AT","Wien","nextbike","2026-08-28 00:09:06"
"68580955","Erdberg U",48.190465,16.415318,36,35,0,"AT","Wien","nextbike","2026-08-28 00:09:06"
"68581183","Media Quarter Marx",48.188763,16.404503,48,21,26,"AT","Wien","nextbike","2026-08-28 00:09:06"
"68582032","Rennweg S",48.194261,16.386578,9,20,0,"AT","Wien","nextbike","2026-08-28 00:09:06"
"68582393","Rochusgasse U",48.203416,16.389789,16,2,14,"AT","Wien","nextbike","2026-08-28 00:09:06"
"68582598","Schwarzenbergplatz",48.198852,16.376962,20,18,1,"AT","Wien","nextbike","2026-08-28 00:09:06"
"68582758","Preßgasse",48.195304,16.363308,18,24,0,"AT","Wien","nextbike","2026-08-28 00:09:06"
"68583064","Margaretengürtel U",48.188489,16.343992,30,15,15,"AT","Wien","nextbike","2026-08-28 00:09:06"
"68583190","Mittersteig",48.189735,16.361331,23,10,12,"AT","Wien","nextbike","2026-08-28 00:09:06"
"68583368","Ceija-Stojka-Platz",48.207702,16.342199,11,2,7,"AT","Wien","nextbike","2026-08-28 00:09:06"
"68583487","Volkstheater U",48.205994,16.356442,18,12,5,"AT","Wien","nextbike","2026-08-28 00:09:06"
"68583665","Zieglergasse U",48.196724,16.343985,14,2,10,"AT","Wien","nextbike","2026-08-28 00:09:06"
"68583873","Oskar-Morgenstern-Platz",48.219182,16.366349,38,43,0,"AT","Wien","nextbike","2026-08-28 00:09:06"
"68584195","Frankhplatz",48.215164,16.355172,21,10,10,"AT","Wien","nextbike","2026-08-28 00:09:06"
"68584504","Friedensbrücke U",48.226825,16.365311,19,15,4,"AT","Wien","nextbike","2026-08-28 00:09:06"
"68584898","Spittelau S U",48.235289,16.35875,19,28,0,"AT","Wien","nextbike","2026-08-28 00:09:06"
"68585081","Absbergbrücke ",48.167276,16.386339,24,27,0,"AT","Wien","nextbike","2026-08-28 00:09:06"
"68586340","Altes Landgut U",48.160985,16.383653,30,0,30,"AT","Wien","nextbike","2026-08-28 00:09:06"
"68586628","Bloch-Bauer-Promenade",48.179521,16.385926,12,7,3,"AT","Wien","nextbike","2026-08-28 00:09:06"
"68586882","Hauptbahnhof S U ",48.186287,16.375631,54,13,38,"AT","Wien","nextbike","2026-08-28 00:09:06"
"68587431","Keplerplatz U",48.179192,16.375793,16,10,4,"AT","Wien","nextbike","2026-08-28 00:09:06"
"68587603","Puchsbaumgasse",48.172123,16.389296,13,15,0,"AT","Wien","nextbike","2026-08-28 00:09:06"
"68587889","Enkplatz U",48.17625,16.41326,16,10,4,"AT","Wien","nextbike","2026-08-28 00:09:06"
"68588081","Gasometer U",48.185253,16.417358,16,27,0,"AT","Wien","nextbike","2026-08-28 00:09:06"
"68588324","Geiselbergstraße S",48.174951,16.406785,16,11,4,"AT","Wien","nextbike","2026-08-28 00:09:06"
"68588588","Simmering S U",48.169601,16.420754,16,8,7,"AT","Wien","nextbike","2026-08-28 00:09:06"
"68588759","Niederhofstraße U",48.180233,16.330812,14,27,0,"AT","Wien","nextbike","2026-08-28 00:09:06"
"68589011","Hietzing U",48.187845,16.302445,32,11,20,"AT","Wien","nextbike","2026-08-28 00:09:06"
"68589226","Westbahnhof S U",48.19681,16.338577,40,5,35,"AT","Wien","nextbike","2026-08-28 00:09:06"
"68589424","Richard-Wagner-Platz",48.210054,16.328049,24,17,5,"AT","Wien","nextbike","2026-08-28 00:09:06"
"68589618","Alser Straße U",48.216588,16.3416,21,13,7,"AT","Wien","nextbike","2026-08-28 00:09:06"
"68589785","Währinger Straße U",48.225482,16.349795,24,22,2,"AT","Wien","nextbike","2026-08-28 00:09:06"
"68590091","Hardtgasse",48.236591,16.348719,25,21,3,"AT","Wien","nextbike","2026-08-28 00:09:06"
"68590324","Handelskai S U",48.24201,16.384797,28,35,0,"AT","Wien","nextbike","2026-08-28 00:09:06"
"68590453","Wallensteinplatz",48.229911,16.371579,23,43,0,"AT","Wien","nextbike","2026-08-28 00:09:06"
"68590734","Brünner Straße S",48.267376,16.403725,17,15,1,"AT","Wien","nextbike","2026-08-28 00:09:06"
"68590949","Floridsdorf S U",48.255621,16.400137,28,22,3,"AT","Wien","nextbike","2026-08-28 00:09:06"
"68591140","Großfeldsiedlung U",48.271948,16.447562,14,33,0,"AT","Wien","nextbike","2026-08-28 00:09:06"
"68591336","Siemensstraße S",48.27113,16.42081,12,25,0,"AT","Wien","nextbike","2026-08-28 00:09:06"
"68592270","Aspernstraße U",48.223008,16.475255,24,9,14,"AT","Wien","nextbike","2026-08-28 00:09:06"
"68592591","Donauspital U",48.219878,16.464588,22,21,1,"AT","Wien","nextbike","2026-08-28 00:09:06"
"68593797","Erzherzog-Karl-Straße S",48.229619,16.45357,20,20,0,"AT","Wien","nextbike","2026-08-28 00:09:06"
"68594003","Hausfeldstraße S U",48.233624,16.486825,22,20,1,"AT","Wien","nextbike","2026-08-28 00:09:06"
"68594176","Kagran U",48.243746,16.433508,32,26,4,"AT","Wien","nextbike","2026-08-28 00:09:06"
"68594313","Maria-Tusch-Straße",48.224719,16.498557,30,23,4,"AT","Wien","nextbike","2026-08-28 00:09:06"
"68594670","Rennbahnweg U",48.257535,16.44959,20,24,0,"AT","Wien","nextbike","2026-08-28 00:09:06"
"68594877","Schüttauplatz",48.225856,16.423761,16,22,0,"AT","Wien","nextbike","2026-08-28 00:09:06"
"68595050","Stadlau S U",48.21978,16.44922,18,18,0,"AT","Wien","nextbike","2026-08-28 00:09:06"
"68595226","Kaisermühlen-VIC U",48.232362,16.415692,22,12,5,"AT","Wien","nextbike","2026-08-28 00:09:06"
"68595381","Kagraner Platz U",48.251071,16.443794,14,11,2,"AT","Wien","nextbike","2026-08-28 00:09:06"
"68595540","Alterlaa U",48.150204,16.317214,22,13,9,"AT","Wien","nextbike","2026-08-28 00:09:06"
"71501335","Bacherplatz",48.188786,16.354482,NA,13,0,"AT","Wien","nextbike","2026-08-28 00:09:06"
"71502675","Carl-Appel-Straße",48.169012,16.343611,18,6,12,"AT","Wien","nextbike","2026-08-28 00:09:06"
"71502970","Otto-Probst-Platz",48.154212,16.348729,NA,22,0,"AT","Wien","nextbike","2026-08-28 00:09:06"
"71504091","Alaudagasse U",48.15271,16.38247,NA,14,0,"AT","Wien","nextbike","2026-08-28 00:09:06"
"71504398","Svetelskystraße",48.154248,16.465893,NA,23,0,"AT","Wien","nextbike","2026-08-28 00:09:06"
"71504628","Weißenböckstraße",48.162067,16.42849,NA,11,0,"AT","Wien","nextbike","2026-08-28 00:09:06"
"71506305","Zentralfriedhof 2. Tor",48.154665,16.442269,20,16,4,"AT","Wien","nextbike","2026-08-28 00:09:06"
"71506495","Simoningplatz",48.179097,16.420704,NA,13,0,"AT","Wien","nextbike","2026-08-28 00:09:06"
"71506714","Etrichstraße",48.148286,16.462449,NA,19,0,"AT","Wien","nextbike","2026-08-28 00:09:06"
"71507082","Zippererstraße U",48.17915,16.411219,NA,23,0,"AT","Wien","nextbike","2026-08-28 00:09:06"
"71507263","Hetzendorf S / Altmannsdorfer Straße",48.167527,16.316119,12,2,10,"AT","Wien","nextbike","2026-08-28 00:09:06"
"71508860","Gatterhölzl",48.175409,16.320534,14,1,13,"AT","Wien","nextbike","2026-08-28 00:09:06"
"71510056","Speising S",48.17377,16.282425,NA,9,0,"AT","Wien","nextbike","2026-08-28 00:09:06"
"71510354","Landstraßer Gürtel Eurogate",48.18782,16.393576,8,1,7,"AT","Wien","nextbike","2026-08-28 00:09:06"
"71511715","Hasnerstraße / Hofferplatz",48.208195,16.332566,15,11,4,"AT","Wien","nextbike","2026-08-28 00:09:06"
"71511892","Nietzscheplatz",48.220453,16.306123,NA,4,0,"AT","Wien","nextbike","2026-08-28 00:09:06"
"71512025","Wattgasse",48.217837,16.319961,15,7,6,"AT","Wien","nextbike","2026-08-28 00:09:06"
"71512384","Grinzing",48.255793,16.342947,11,1,9,"AT","Wien","nextbike","2026-08-28 00:09:06"
"71512698","Oberdöbling S",48.244386,16.344711,15,25,0,"AT","Wien","nextbike","2026-08-28 00:09:06"
"71513155","Kantnergasse",48.277738,16.410474,NA,15,0,"AT","Wien","nextbike","2026-08-28 00:09:06"
"71513386","Leopoldau S U",48.276824,16.45017,NA,9,0,"AT","Wien","nextbike","2026-08-28 00:09:06"
"71513576","Josef-Baumann-Gasse",48.25227,16.430805,14,8,6,"AT","Wien","nextbike","2026-08-28 00:09:06"
"71513732","Fultonstraße",48.252916,16.413875,15,17,0,"AT","Wien","nextbike","2026-08-28 00:09:06"
"71513842","Hopfengasse",48.269651,16.392036,NA,28,0,"AT","Wien","nextbike","2026-08-28 00:09:06"
"71513967","Jedlesee / Bellgasse",48.262909,16.386918,NA,9,0,"AT","Wien","nextbike","2026-08-28 00:09:06"
"71514129","Jedleseer Friedhof",48.270076,16.384403,NA,4,0,"AT","Wien","nextbike","2026-08-28 00:09:06"
"71514234","Strebersdorf / Meriangasse",48.291474,16.386194,NA,11,0,"AT","Wien","nextbike","2026-08-28 00:09:06"
"71514394","Kagraner Anger",48.239166,16.448733,NA,11,0,"AT","Wien","nextbike","2026-08-28 00:09:06"
"71514513","mdw Campus",48.202346,16.384805,NA,2,0,"AT","Wien","nextbike","2026-08-28 00:09:06"
"71514663","Stavangergasse",48.213317,16.474986,NA,8,0,"AT","Wien","nextbike","2026-08-28 00:09:06"
"71514791","Hans-Steger-Gasse",48.224465,16.456828,NA,14,0,"AT","Wien","nextbike","2026-08-28 00:09:06"
"71514929","Hirschstetten S",48.232992,16.470367,12,24,0,"AT","Wien","nextbike","2026-08-28 00:09:06"
"71515384","Atzgersdorf S",48.147137,16.28842,NA,3,0,"AT","Wien","nextbike","2026-08-28 00:09:06"
"71515681","Siebenhirten U",48.129845,16.310018,NA,6,0,"AT","Wien","nextbike","2026-08-28 00:09:06"
"84043210","Erlaaer Straße U",48.142919,16.316576,NA,5,0,"AT","Wien","nextbike","2026-08-28 00:09:06"
"84043446","Perfektastraße U",48.136491,16.313367,NA,14,0,"AT","Wien","nextbike","2026-08-28 00:09:06"
"84043886","Meidling S U / Vivenotgasse",48.175247,16.331659,22,1,21,"AT","Wien","nextbike","2026-08-28 00:09:06"
"84044298","Praterstern Ausstellungsstraße",48.21785,16.395483,25,24,0,"AT","Wien","nextbike","2026-08-28 00:09:06"
"86734914","Muthgasse",48.252055,16.369822,17,24,0,"AT","Wien","nextbike","2026-08-28 00:09:06"
"87590679","Liesing S",48.134253,16.283428,13,5,8,"AT","Wien","nextbike","2026-08-28 00:09:06"
"94505684","Aspern Nord S U",48.235615,16.503965,NA,11,0,"AT","Wien","nextbike","2026-08-28 00:09:06"
"94506147","Seepark",48.226593,16.504396,NA,0,0,"AT","Wien","nextbike","2026-08-28 00:09:06"
"94506325","Seestadt U",48.224865,16.507619,18,15,1,"AT","Wien","nextbike","2026-08-28 00:09:06"
"102158706","Schwedenplatz U",48.211721,16.376628,30,0,28,"AT","Wien","nextbike","2026-08-28 00:09:06"
"102178715","Waldmüllerpark",48.18136,16.367618,12,8,4,"AT","Wien","nextbike","2026-08-28 00:09:06"
"103301435","Stubentor U",48.206812,16.380441,16,8,7,"AT","Wien","nextbike","2026-08-28 00:09:06"
"103316881","Landstraße - Wien Mitte S U",48.205847,16.385246,25,17,8,"AT","Wien","nextbike","2026-08-28 00:09:06"
"103317151","Praterstern S U",48.218454,16.390281,56,69,0,"AT","Wien","nextbike","2026-08-28 00:09:06"
"103317402","Rustengasse",48.190832,16.326461,15,15,0,"AT","Wien","nextbike","2026-08-28 00:09:06"
"103317675","Heiligenstadt S U",48.248272,16.36813,18,1,16,"AT","Wien","nextbike","2026-08-28 00:09:06"
"103317902","Breitensee S",48.198242,16.306901,14,1,12,"AT","Wien","nextbike","2026-08-28 00:09:06"
"103318155","Hütteldorf S U",48.197969,16.261895,33,22,11,"AT","Wien","nextbike","2026-08-28 00:09:06"
"103318491","Rathaus U",48.211441,16.356586,41,31,8,"AT","Wien","nextbike","2026-08-28 00:09:06"
"103318689","Hans-Mandl-Berufsschule",48.181161,16.338769,15,12,2,"AT","Wien","nextbike","2026-08-28 00:09:06"
"103319213","Dänenstraße / BOKU",48.23737,16.33448,NA,2,0,"AT","Wien","nextbike","2026-08-28 00:09:06"
"103319515","Schloss Schönbrunn",48.187201,16.312659,36,12,23,"AT","Wien","nextbike","2026-08-28 00:09:06"
"103319780","Eslarngasse / Juchgasse",48.196678,16.395204,22,12,10,"AT","Wien","nextbike","2026-08-28 00:09:06"
"103320049","Plößlgasse / Belvedere",48.194578,16.377147,22,16,6,"AT","Wien","nextbike","2026-08-28 00:09:06"
"103320289","Sankt-Elisabeth-Platz",48.190903,16.375826,23,43,0,"AT","Wien","nextbike","2026-08-28 00:09:06"
"103320500","Laudongasse / Schönbornpark",48.21339,16.350695,23,7,16,"AT","Wien","nextbike","2026-08-28 00:09:06"
"103320795","Rossauer Lände U",48.222729,16.367425,28,37,0,"AT","Wien","nextbike","2026-08-28 00:09:06"
"103321191","Lazarettgasse",48.219312,16.352461,18,10,7,"AT","Wien","nextbike","2026-08-28 00:09:06"
"103587074","Edelsinnstraße",48.170578,16.310926,15,2,13,"AT","Wien","nextbike","2026-08-28 00:09:06"
"105011519","Karlsplatz U / TU Wien",48.199877,16.368227,19,1,18,"AT","Wien","nextbike","2026-08-28 00:09:06"
"105539739","Amerlingstraße",48.197306,16.350981,12,0,12,"AT","Wien","nextbike","2026-08-28 00:09:06"
"106776330","Albertgasse",48.210475,16.343998,28,27,1,"AT","Wien","nextbike","2026-08-28 00:09:06"
"107176004","Universitätsring",48.21192,16.360781,33,21,12,"AT","Wien","nextbike","2026-08-28 00:09:06"
"107176172","Herrengasse U",48.209724,16.366685,24,16,8,"AT","Wien","nextbike","2026-08-28 00:09:06"
"107177260","Sensengasse",48.220335,16.35638,20,18,1,"AT","Wien","nextbike","2026-08-28 00:09:06"
"108294385","Belgradplatz",48.174228,16.361368,NA,14,0,"AT","Wien","nextbike","2026-08-28 00:09:06"
"108328961","Rathausplatz / Burgtheater",48.209524,16.360021,40,32,8,"AT","Wien","nextbike","2026-08-28 00:09:06"
"108329236","Arbeitergasse - Gürtel",48.18392,16.345801,20,31,0,"AT","Wien","nextbike","2026-08-28 00:09:06"
"108330011","Bauernfeldplatz / Palais Lichtenstein",48.221085,16.360193,24,22,2,"AT","Wien","nextbike","2026-08-28 00:09:06"
"108330262","Johannesgasse / Stadtpark",48.203384,16.376708,17,0,17,"AT","Wien","nextbike","2026-08-28 00:09:06"
"108575312","Bischof-Faber-Platz",48.233868,16.325099,NA,1,0,"AT","Wien","nextbike","2026-08-28 00:09:06"
"110075845","Am Schöpfwerk U",48.160951,16.324922,27,8,18,"AT","Wien","nextbike","2026-08-28 00:09:06"
"110076109","Alserbachstraße",48.225138,16.354893,22,25,0,"AT","Wien","nextbike","2026-08-28 00:09:06"
"110076578","Petrusgasse",48.192988,16.398459,26,22,3,"AT","Wien","nextbike","2026-08-28 00:09:06"
"110076854","Wassergasse",48.199234,16.394335,22,27,0,"AT","Wien","nextbike","2026-08-28 00:09:06"
"110077149","Löwengasse",48.2057,16.395998,23,37,0,"AT","Wien","nextbike","2026-08-28 00:09:06"
"110077394","Kardinal-Nagl-Platz U",48.197069,16.400874,16,52,0,"AT","Wien","nextbike","2026-08-28 00:09:06"
"110420108","Kärntner Ring",48.202161,16.3713,17,5,12,"AT","Wien","nextbike","2026-08-28 00:09:06"
"110474164","Schottenring U",48.215972,16.372194,18,7,11,"AT","Wien","nextbike","2026-08-28 00:09:06"
"111035034","Strozzigasse",48.207744,16.349122,22,5,15,"AT","Wien","nextbike","2026-08-28 00:09:06"
"112096063","Yppengasse",48.214561,16.335624,23,16,7,"AT","Wien","nextbike","2026-08-28 00:09:06"
"112972587","Stefan-Fadinger-Platz",48.168439,16.354862,12,1,11,"AT","Wien","nextbike","2026-08-28 00:09:06"
"112972732","Brünnlbadgasse",48.215262,16.346523,11,11,0,"AT","Wien","nextbike","2026-08-28 00:09:06"
"113851857","Obere Augartenstraße",48.223,16.374752,14,17,0,"AT","Wien","nextbike","2026-08-28 00:09:06"
"113852160","Gußhausstraße / Argentinierstraße",48.197287,16.371572,9,15,0,"AT","Wien","nextbike","2026-08-28 00:09:06"
"113852535","Marschallplatz",48.165635,16.303146,10,11,0,"AT","Wien","nextbike","2026-08-28 00:09:06"
"113852718","Ober St. Veit U",48.192296,16.274813,15,20,0,"AT","Wien","nextbike","2026-08-28 00:09:06"
"113852877","Auf der Schmelz",48.203673,16.316414,20,3,15,"AT","Wien","nextbike","2026-08-28 00:09:06"
"113853038","Grimmgasse",48.186805,16.327679,19,15,4,"AT","Wien","nextbike","2026-08-28 00:09:06"
"113853202","Parhamerplatz",48.216137,16.328093,29,4,23,"AT","Wien","nextbike","2026-08-28 00:09:06"
"114191041","Kendlerstraße U",48.205571,16.30959,20,3,15,"AT","Wien","nextbike","2026-08-28 00:09:06"
"114192844","Dornerplatz",48.221223,16.33459,25,24,0,"AT","Wien","nextbike","2026-08-28 00:09:06"
"114193118","Hernals S",48.22321,16.315256,20,4,15,"AT","Wien","nextbike","2026-08-28 00:09:06"
"114193703","Schmelzbrücke",48.19623,16.330241,21,19,2,"AT","Wien","nextbike","2026-08-28 00:09:06"
"114194532","Michelbeuern-AKH U",48.221804,16.343735,27,17,9,"AT","Wien","nextbike","2026-08-28 00:09:06"
"114194796","Johann-Nepomuk-Vogl-Platz",48.223756,16.337543,12,5,7,"AT","Wien","nextbike","2026-08-28 00:09:06"
"114195490","Mayerhofgasse",48.192488,16.367014,12,14,0,"AT","Wien","nextbike","2026-08-28 00:09:06"
"114195856","Westbahnstraße / Schottenfeldgasse",48.201942,16.343241,15,2,13,"AT","Wien","nextbike","2026-08-28 00:09:06"
"115734327","Vorgartenstraße U",48.223192,16.399795,34,50,0,"AT","Wien","nextbike","2026-08-28 00:09:06"
"115734503","Krieau U",48.214384,16.414663,30,27,3,"AT","Wien","nextbike","2026-08-28 00:09:06"
"115734657","Ottakring S U",48.211841,16.311806,38,6,31,"AT","Wien","nextbike","2026-08-28 00:09:06"
"115735030","Hartmanngasse ",48.187123,16.363965,23,19,1,"AT","Wien","nextbike","2026-08-28 00:09:06"
"115737941","Nestroyplatz U",48.215566,16.386328,NA,24,0,"AT","Wien","nextbike","2026-08-28 00:09:06"
"116474003","Messe-Prater U",48.217295,16.406163,44,17,26,"AT","Wien","nextbike","2026-08-28 00:09:06"
"117147572","Loquaiplatz",48.194597,16.349121,19,10,7,"AT","Wien","nextbike","2026-08-28 00:09:06"
"117147809","Rosensteingasse",48.21955,16.326586,21,3,16,"AT","Wien","nextbike","2026-08-28 00:09:06"
"117148042","Gumpendorfer Gürtel",48.18934,16.338321,26,23,2,"AT","Wien","nextbike","2026-08-28 00:09:06"
"117148276","Burggasse-Stadthalle U",48.203657,16.337419,20,2,18,"AT","Wien","nextbike","2026-08-28 00:09:06"
"117148509","Urban-Loritz-Platz",48.201034,16.337727,22,2,20,"AT","Wien","nextbike","2026-08-28 00:09:06"
"117148697","Hanusch Krankenhaus",48.19853,16.29393,18,19,0,"AT","Wien","nextbike","2026-08-28 00:09:06"
"117149012","Westbahnhof S U / Gerstnerstraße",48.195315,16.337344,32,2,28,"AT","Wien","nextbike","2026-08-28 00:09:06"
"117149230","Wieningerplatz",48.194063,16.31846,22,8,12,"AT","Wien","nextbike","2026-08-28 00:09:06"
"117329509","Markgraf-Rüdiger Straße",48.202473,16.329897,28,6,21,"AT","Wien","nextbike","2026-08-28 00:09:06"
"117329675","Plunkergasse",48.199892,16.327151,24,24,0,"AT","Wien","nextbike","2026-08-28 00:09:06"
"117329972","Westbahnhof S U / Felberstraße",48.197958,16.3377,38,2,36,"AT","Wien","nextbike","2026-08-28 00:09:06"
"117632826","Kundratstraße",48.176146,16.355224,15,11,4,"AT","Wien","nextbike","2026-08-28 00:09:06"
"117633648","Arthaberplatz",48.173447,16.371831,24,10,14,"AT","Wien","nextbike","2026-08-28 00:09:06"
"117753032","Karmeliterplatz",48.215683,16.379649,15,14,0,"AT","Wien","nextbike","2026-08-28 00:09:06"
"117753367","Fröbelgasse",48.205827,16.330869,24,6,17,"AT","Wien","nextbike","2026-08-28 00:09:06"
"117753498","Reumannplatz U",48.172937,16.378663,19,18,0,"AT","Wien","nextbike","2026-08-28 00:09:06"
"117753757","Brestelgasse",48.214001,16.330753,13,2,11,"AT","Wien","nextbike","2026-08-28 00:09:06"
"117753925","Thaliastraße U",48.207995,16.337984,24,8,15,"AT","Wien","nextbike","2026-08-28 00:09:06"
"119161164","Nussdorfer Straße S",48.231717,16.353124,17,16,1,"AT","Wien","nextbike","2026-08-28 00:09:06"
"119161712","Elterleinplatz",48.217936,16.332271,14,21,0,"AT","Wien","nextbike","2026-08-28 00:09:06"
"119161997","Canisiusgasse",48.229011,16.354359,22,15,7,"AT","Wien","nextbike","2026-08-28 00:09:06"
"119163086","Meidling S U / Schedifkaplatz",48.172862,16.332105,NA,3,0,"AT","Wien","nextbike","2026-08-28 00:09:06"
"119164521","Palffygasse",48.217217,16.337131,25,16,9,"AT","Wien","nextbike","2026-08-28 00:09:06"
"119164831","Gersthof S",48.231029,16.329505,24,22,1,"AT","Wien","nextbike","2026-08-28 00:09:06"
"119165095","Reinprechtsdorfer Brücke",48.189633,16.351143,20,12,8,"AT","Wien","nextbike","2026-08-28 00:09:06"
"119165301","Siebensterngasse",48.202223,16.352486,18,0,18,"AT","Wien","nextbike","2026-08-28 00:09:06"
"119165695","Siebenbrunnenplatz",48.184975,16.352986,20,21,0,"AT","Wien","nextbike","2026-08-28 00:09:06"
"119166015","Rosensteingasse / Blumengasse",48.222824,16.328474,22,6,14,"AT","Wien","nextbike","2026-08-28 00:09:06"
"119166984","Schottenring U /Herminengasse",48.217784,16.373083,18,17,1,"AT","Wien","nextbike","2026-08-28 00:09:06"
"119199656","Josefstädter Straße U",48.212106,16.33912,22,16,6,"AT","Wien","nextbike","2026-08-28 00:09:06"
"119467705","Friedrich-Engels-Platz",48.244111,16.379304,25,26,0,"AT","Wien","nextbike","2026-08-28 00:09:06"
"119468010","Dresdner Straße U",48.237487,16.380363,26,34,0,"AT","Wien","nextbike","2026-08-28 00:09:06"
"119471185","Jägerstraße U",48.235062,16.369919,22,20,2,"AT","Wien","nextbike","2026-08-28 00:09:06"
"119471390","Traisengasse S",48.233821,16.383263,22,15,7,"AT","Wien","nextbike","2026-08-28 00:09:06"
"120664252","Kettenbrückengasse U / Naschmarkt",48.196328,16.357468,14,21,0,"AT","Wien","nextbike","2026-08-28 00:09:06"
"120665264","Aumannplatz",48.228561,16.335125,22,11,11,"AT","Wien","nextbike","2026-08-28 00:09:06"
"120665659","Längenfeldgasse U",48.18424,16.333886,24,28,0,"AT","Wien","nextbike","2026-08-28 00:09:06"
"120666295","Althanstraße",48.228936,16.3596,20,18,2,"AT","Wien","nextbike","2026-08-28 00:09:06"
"120666475","Schottentor U",48.214558,16.361492,36,16,17,"AT","Wien","nextbike","2026-08-28 00:09:06"
"120666709","Neubaugasse U",48.198527,16.35093,18,1,15,"AT","Wien","nextbike","2026-08-28 00:09:06"
"120666888","Museumsquartier U",48.202344,16.361117,34,3,31,"AT","Wien","nextbike","2026-08-28 00:09:06"
"120667066","Johnstrasse U",48.19834,16.318975,22,13,9,"AT","Wien","nextbike","2026-08-28 00:09:06"
"120667255","Turnergasse",48.193052,16.334208,17,26,0,"AT","Wien","nextbike","2026-08-28 00:09:06"
"136959192","Kutschkergasse",48.225707,16.344196,16,7,6,"AT","Wien","nextbike","2026-08-28 00:09:06"
"140182214","Stadion U",48.210893,16.420795,21,6,14,"AT","Wien","nextbike","2026-08-28 00:09:06"
"141457598","Brückengasse",48.19126,16.347918,22,14,7,"AT","Wien","nextbike","2026-08-28 00:09:06"
"167316120","Schuhmeierplatz",48.21069,16.318802,20,18,2,"AT","Wien","nextbike","2026-08-28 00:09:06"
"167316710","Schönbrunn U",48.185845,16.319898,14,11,3,"AT","Wien","nextbike","2026-08-28 00:09:06"
"179031019","Hermesstraße / Oscar-Straus-Park ",48.167976,16.282246,16,15,1,"AT","Wien","nextbike","2026-08-28 00:09:06"
"189949517","Modecenterstraße / The Marks",48.184348,16.413837,20,35,0,"AT","Wien","nextbike","2026-08-28 00:09:06"
"189949978","Am Langen Felde",48.250336,16.450206,10,11,0,"AT","Wien","nextbike","2026-08-28 00:09:06"
"233846163","Pilgramgasse U",48.192945,16.354936,15,10,5,"AT","Wien","nextbike","2026-08-28 00:09:06"
"314316648","Purkytgasse ",48.15011,16.33364,10,1,9,"AT","Wien","nextbike","2026-08-28 00:09:06"
"314317046","Neue Donau U",48.246414,16.395676,35,56,0,"AT","Wien","nextbike","2026-08-28 00:09:06"
"314317548","Franz-Josef Bahnhof S",48.225991,16.360327,19,22,0,"AT","Wien","nextbike","2026-08-28 00:09:06"
"314318676","Niederpointenstraße",48.20326,16.275366,NA,6,0,"AT","Wien","nextbike","2026-08-28 00:09:06"
"314319510","Leopoldauer Platz",48.263377,16.440686,NA,8,0,"AT","Wien","nextbike","2026-08-28 00:09:06"
"314319618","ArbeiterInnenstrand",48.242946,16.414669,NA,0,0,"AT","Wien","nextbike","2026-08-28 00:09:06"
"314319771","Gewerbepark Stadlau",48.245575,16.462515,NA,7,0,"AT","Wien","nextbike","2026-08-28 00:09:06"
"314319930","Atzgersdorf Bildungscampus",48.153174,16.301623,NA,25,0,"AT","Wien","nextbike","2026-08-28 00:09:06"
"314320002","Adelheid-Popp-Gasse",48.230723,16.46149,NA,17,0,"AT","Wien","nextbike","2026-08-28 00:09:06"
"314320082","Alte Donau U",48.237534,16.423788,NA,17,0,"AT","Wien","nextbike","2026-08-28 00:09:06"
"314320171","VHS Kulturgarage",48.231445,16.51109,NA,0,0,"AT","Wien","nextbike","2026-08-28 00:09:06"
"315515024","Siebenbrunnenfeldgasse",48.18142,16.352644,12,6,5,"AT","Wien","nextbike","2026-08-28 00:09:06"
"382198275","Technisches Museum",48.190316,16.317929,25,21,2,"AT","Wien","nextbike","2026-08-28 00:09:06"
"382208440","Währinger Park",48.232184,16.346819,NA,0,0,"AT","Wien","nextbike","2026-08-28 00:09:06"
"382209200","Ettenreichgasse / Schulzentrum ",48.16717,16.37359,NA,5,0,"AT","Wien","nextbike","2026-08-28 00:09:06"
"382209656","Wendstattgasse",48.14679,16.391242,NA,8,0,"AT","Wien","nextbike","2026-08-28 00:09:06"
"382209822","Neilreichgasse",48.176253,16.366421,NA,7,0,"AT","Wien","nextbike","2026-08-28 00:09:06"
"382868179","Gutheil-Schoder-Gasse / Badner Bahn",48.158662,16.334796,NA,14,0,"AT","Wien","nextbike","2026-08-28 00:09:06"
"382868302","Neu Leopoldau",48.273397,16.426352,NA,10,0,"AT","Wien","nextbike","2026-08-28 00:09:06"
"382868398","Strebersdorf S",48.286421,16.381676,NA,11,0,"AT","Wien","nextbike","2026-08-28 00:09:06"
"382868474","Rodlergasse",48.240775,16.332898,NA,2,0,"AT","Wien","nextbike","2026-08-28 00:09:06"
"382868775","Nussbaumallee",48.181554,16.42316,NA,7,0,"AT","Wien","nextbike","2026-08-28 00:09:06"
"391402716","Raxstraße",48.163234,16.366437,NA,0,0,"AT","Wien","nextbike","2026-08-28 00:09:06"
"391402906","Wattmanngasse",48.171677,16.291818,NA,8,0,"AT","Wien","nextbike","2026-08-28 00:09:06"
"391403113","Joachimsthaler Platz",48.208885,16.303775,NA,3,0,"AT","Wien","nextbike","2026-08-28 00:09:06"
"391403257","Floridsdorfer Markt",48.263052,16.399257,NA,16,0,"AT","Wien","nextbike","2026-08-28 00:09:06"
"391403425","Nussdorf S",48.259495,16.367553,NA,19,0,"AT","Wien","nextbike","2026-08-28 00:09:06"
"469857109","Bertha-von-Suttner-Gasse",48.251355,16.45281,6,6,0,"AT","Wien","nextbike","2026-08-28 00:09:06"
"484600160","Hauptbahnhof Ost",48.183836,16.379774,NA,20,0,"AT","Wien","nextbike","2026-08-28 00:09:06"
"493435055","Hafen Wien",48.183217,16.458423,NA,11,0,"AT","Wien","nextbike","2026-08-28 00:09:06"
"494974455","Hundertwasserhaus",48.207691,16.394724,12,23,0,"AT","Wien","nextbike","2026-08-28 00:09:06"
"494974574","Seestadt U - Lina-Bo-Bardi-Platz",48.227143,16.508852,20,10,8,"AT","Wien","nextbike","2026-08-28 00:09:06"
"494974639","Barbara-Prammer-Allee",48.229561,16.510147,NA,8,0,"AT","Wien","nextbike","2026-08-28 00:09:06"
"494974704","Sonnenallee",48.224888,16.502422,NA,6,0,"AT","Wien","nextbike","2026-08-28 00:09:06"
"495021824","AIT Austrian Institute of Technology / Giefinggasse ",48.268033,16.426886,NA,7,0,"AT","Wien","nextbike","2026-08-28 00:09:06"
"502274432","Hannovermarkt",48.23103,16.368755,6,3,0,"AT","Wien","nextbike","2026-08-28 00:09:06"
"517349484","Blériotgasse",48.171395,16.42565,NA,7,0,"AT","Wien","nextbike","2026-08-28 00:09:06"
"517349595","Vetmed Haupteingang",48.25442,16.431427,NA,3,0,"AT","Wien","nextbike","2026-08-28 00:09:06"
"517349665","Vetmed UB",48.253112,16.430644,NA,6,0,"AT","Wien","nextbike","2026-08-28 00:09:06"
"521340519","Rebhanngasse / Nordbahnstrasse",48.227231,16.388737,20,27,0,"AT","Wien","nextbike","2026-08-28 00:09:06"
"569993947","Nordbahnstrasse",48.224594,16.389338,20,21,0,"AT","Wien","nextbike","2026-08-28 00:09:06"
"570009598","Bruno-Pezzey-Weg",48.249494,16.454447,14,8,6,"AT","Wien","nextbike","2026-08-28 00:09:06"
"570012794","Ziegelofengasse / Margaretenstraße",48.192035,16.359592,20,22,0,"AT","Wien","nextbike","2026-08-28 00:09:06"
"1","LEOPOLD II",50.836304,4.41505,20,9,11,"BE","Bruessel (Villo)","cyclocity/JCDecaux","2026-08-28 00:09:06"
"2","ELOY",50.836151,4.326019,25,9,16,"BE","Bruessel (Villo)","cyclocity/JCDecaux","2026-08-28 00:09:06"
"3","PORTE DE FLANDRE / VLAAMSEPOORT",50.853203,4.341823,21,10,9,"BE","Bruessel (Villo)","cyclocity/JCDecaux","2026-08-28 00:09:06"
"4","JARDIN AUX FLEURS / BLOEMENHOF",50.847865,4.343521,20,9,11,"BE","Bruessel (Villo)","cyclocity/JCDecaux","2026-08-28 00:09:06"
"5","",50.848893,4.349396,44,0,0,"BE","Bruessel (Villo)","cyclocity/JCDecaux","2026-08-28 00:09:06"
"6","GARE CENTRALE / CENTRAAL STATION",50.845333,4.356475,40,10,29,"BE","Bruessel (Villo)","cyclocity/JCDecaux","2026-08-28 00:09:06"
"7","PARC / PARK",50.846319,4.362244,25,11,14,"BE","Bruessel (Villo)","cyclocity/JCDecaux","2026-08-28 00:09:06"
"8","ARTS-LOI / KUNST-WET",50.845683,4.368582,42,18,24,"BE","Bruessel (Villo)","cyclocity/JCDecaux","2026-08-28 00:09:06"
"9","ANNEESSENS",50.844045,4.345048,35,14,20,"BE","Bruessel (Villo)","cyclocity/JCDecaux","2026-08-28 00:09:06"
"10","CHAPELLE / KAPELLEKERK",50.841345,4.351729,20,8,9,"BE","Bruessel (Villo)","cyclocity/JCDecaux","2026-08-28 00:09:06"
"11","SABLON / ZAVEL",50.8404045367738,4.3569983981935,17,5,11,"BE","Bruessel (Villo)","cyclocity/JCDecaux","2026-08-28 00:09:06"
"12","TRONE / TROON",50.840458,4.365981,32,10,20,"BE","Bruessel (Villo)","cyclocity/JCDecaux","2026-08-28 00:09:06"
"13","LEMONNIER",50.840184,4.341324,25,13,11,"BE","Bruessel (Villo)","cyclocity/JCDecaux","2026-08-28 00:09:06"
"14","PORTE DE NAMUR / NAAMSEPOORT",50.838816,4.361557,42,28,13,"BE","Bruessel (Villo)","cyclocity/JCDecaux","2026-08-28 00:09:06"
"15","MONTGOMERY",50.837036,4.406826,25,5,20,"BE","Bruessel (Villo)","cyclocity/JCDecaux","2026-08-28 00:09:06"
"16","LOUISE / LOUIZA",50.835968,4.355508,40,15,24,"BE","Bruessel (Villo)","cyclocity/JCDecaux","2026-08-28 00:09:06"
"17","COMTE DE FLANDRE / GRAAF VAN VLAANDEREN",50.855358,4.339465,18,10,7,"BE","Bruessel (Villo)","cyclocity/JCDecaux","2026-08-28 00:09:06"
"18","GUTENBERG",50.84771,4.377552,25,11,14,"BE","Bruessel (Villo)","cyclocity/JCDecaux","2026-08-28 00:09:06"
"19","PLACE MORICHAR / MORICHARPLEIN",50.828046,4.347596,20,7,13,"BE","Bruessel (Villo)","cyclocity/JCDecaux","2026-08-28 00:09:06"
"20","PALAIS ROYAL / KONINKLIJK PALEIS",50.843613,4.360628,20,5,15,"BE","Bruessel (Villo)","cyclocity/JCDecaux","2026-08-28 00:09:06"
"21","DE BROUCKERE",50.85223,4.35316,43,6,37,"BE","Bruessel (Villo)","cyclocity/JCDecaux","2026-08-28 00:09:06"
"22","JACQMAIN",50.85587,4.35585,23,3,20,"BE","Bruessel (Villo)","cyclocity/JCDecaux","2026-08-28 00:09:06"
"23","AGORA",50.846331,4.355193,19,5,14,"BE","Bruessel (Villo)","cyclocity/JCDecaux","2026-08-28 00:09:06"
"24","ROGIER",50.855268,4.358717,36,18,15,"BE","Bruessel (Villo)","cyclocity/JCDecaux","2026-08-28 00:09:06"
"25","PORTE D'ANDERLECHT / ANDERLECHTSEPOORT",50.845769,4.338961,25,4,20,"BE","Bruessel (Villo)","cyclocity/JCDecaux","2026-08-28 00:09:06"
"26","VAN LINT",50.839413,4.328914,23,9,13,"BE","Bruessel (Villo)","cyclocity/JCDecaux","2026-08-28 00:09:06"
"27","SQUARE ALBERT I / ALBERT I SQUARE",50.838733,4.32176,25,6,17,"BE","Bruessel (Villo)","cyclocity/JCDecaux","2026-08-28 00:09:06"
"28","CLEMENCEAU",50.842098,4.330422,27,11,15,"BE","Bruessel (Villo)","cyclocity/JCDecaux","2026-08-28 00:09:06"
"29","",50.856584,4.352877,0,0,0,"BE","Bruessel (Villo)","cyclocity/JCDecaux","2026-08-28 00:09:06"
"30","LAEKEN / LAKEN",50.853666,4.351771,25,6,19,"BE","Bruessel (Villo)","cyclocity/JCDecaux","2026-08-28 00:09:06"
"31","MUSEE DE LA BD / STRIPMUSEUM",50.850303,4.360706,25,12,13,"BE","Bruessel (Villo)","cyclocity/JCDecaux","2026-08-28 00:09:06"
"32","DANSAERT",50.850224,4.346137,35,12,22,"BE","Bruessel (Villo)","cyclocity/JCDecaux","2026-08-28 00:09:06"
"33","MORT SUBITE",50.848701,4.356055,25,6,19,"BE","Bruessel (Villo)","cyclocity/JCDecaux","2026-08-28 00:09:06"
"34","FONTAINAS",50.84563,4.346942,35,0,0,"BE","Bruessel (Villo)","cyclocity/JCDecaux","2026-08-28 00:09:06"
"35","",50.845814,4.358013,0,0,0,"BE","Bruessel (Villo)","cyclocity/JCDecaux","2026-08-28 00:09:06"
"36","PLACE SAINT-JEAN / SINT-JANSPLEIN",50.845224,4.351484,35,6,29,"BE","Bruessel (Villo)","cyclocity/JCDecaux","2026-08-28 00:09:06"
"37","POELAERT",50.83795,4.353019,25,11,13,"BE","Bruessel (Villo)","cyclocity/JCDecaux","2026-08-28 00:09:06"
"38","JEU DE BALLE / VOSSENPLEIN",50.837912,4.347421,19,12,7,"BE","Bruessel (Villo)","cyclocity/JCDecaux","2026-08-28 00:09:06"
"39","HOTEL DES MONNAIES / MUNTHOTEL",50.834237,4.350732,25,9,15,"BE","Bruessel (Villo)","cyclocity/JCDecaux","2026-08-28 00:09:06"
"40","PORTE DE HAL / HALLEPOORT",50.833931,4.343155,25,10,15,"BE","Bruessel (Villo)","cyclocity/JCDecaux","2026-08-28 00:09:06"
"41","SAINT-ROCH / SINT-ROCHUS",50.859302,4.35485,24,9,15,"BE","Bruessel (Villo)","cyclocity/JCDecaux","2026-08-28 00:09:06"
"42","PORTE DE NINOVE / NINOOFSEPOORT",50.84851,4.338064,25,6,19,"BE","Bruessel (Villo)","cyclocity/JCDecaux","2026-08-28 00:09:06"
"43","JOSEPH II / JOZEF II",50.845256,4.374501,25,11,13,"BE","Bruessel (Villo)","cyclocity/JCDecaux","2026-08-28 00:09:06"
"44","",50.841707,4.370986,0,0,0,"BE","Bruessel (Villo)","cyclocity/JCDecaux","2026-08-28 00:09:06"
"45","STEPHANIE / STEFANIA",50.83308,4.35743,25,13,12,"BE","Bruessel (Villo)","cyclocity/JCDecaux","2026-08-28 00:09:06"
"46","ALBERTINE / ALBERTINA",50.843892,4.355012,24,5,18,"BE","Bruessel (Villo)","cyclocity/JCDecaux","2026-08-28 00:09:06"
"47","LES QUAIS / KAAIEN",50.854714,4.347151,20,5,14,"BE","Bruessel (Villo)","cyclocity/JCDecaux","2026-08-28 00:09:06"
"48","CONGRES",50.849358,4.363589,23,0,0,"BE","Bruessel (Villo)","cyclocity/JCDecaux","2026-08-28 00:09:06"
"49","WILLEBROECK / WILLEBROEK",50.8615,4.351143,25,17,6,"BE","Bruessel (Villo)","cyclocity/JCDecaux","2026-08-28 00:09:06"
"50","RIBAUCOURT",50.860862,4.339182,25,16,8,"BE","Bruessel (Villo)","cyclocity/JCDecaux","2026-08-28 00:09:06"
"51","MIDI FONSNY / ZUID FONSNY",50.835699,4.338826,25,8,17,"BE","Bruessel (Villo)","cyclocity/JCDecaux","2026-08-28 00:09:06"
"52","",50.859212,4.34551,0,0,0,"BE","Bruessel (Villo)","cyclocity/JCDecaux","2026-08-28 00:09:06"
"53","GARE DU MIDI / ZUIDSTATION",50.837499,4.335947,40,7,33,"BE","Bruessel (Villo)","cyclocity/JCDecaux","2026-08-28 00:09:06"
"54","TOUR ET TAXIS / THURN & TAXIS",50.863445,4.34635,39,18,19,"BE","Bruessel (Villo)","cyclocity/JCDecaux","2026-08-28 00:09:06"
"55","BOTANIQUE / KRUIDTUIN",50.853248,4.366188,25,10,14,"BE","Bruessel (Villo)","cyclocity/JCDecaux","2026-08-28 00:09:06"
"56","ARCHIMEDE / ARCHIMEDES",50.845817,4.383722,25,7,17,"BE","Bruessel (Villo)","cyclocity/JCDecaux","2026-08-28 00:09:06"
"57","MADOU",50.848712,4.369509,24,0,24,"BE","Bruessel (Villo)","cyclocity/JCDecaux","2026-08-28 00:09:06"
"58","GARE DU NORD / NOORDSTATION",50.859181,4.35942,43,10,31,"BE","Bruessel (Villo)","cyclocity/JCDecaux","2026-08-28 00:09:06"
"59","PLACE ST-JOSSE / ST-JOOSTPLEIN",50.849681,4.375312,24,13,11,"BE","Bruessel (Villo)","cyclocity/JCDecaux","2026-08-28 00:09:06"
"60","SAINT-LAZARE / SINT-LAZARUS",50.857385,4.361858,14,5,9,"BE","Bruessel (Villo)","cyclocity/JCDecaux","2026-08-28 00:09:06"
"61","MAELBEEK / MAALBEEK",50.843836,4.378002,35,2,33,"BE","Bruessel (Villo)","cyclocity/JCDecaux","2026-08-28 00:09:06"
"62","CORTENBERGH / KORTENBERG",50.84177,4.38418,35,2,32,"BE","Bruessel (Villo)","cyclocity/JCDecaux","2026-08-28 00:09:06"
"63","JULES CESAR / JULIUS CAESAR",50.834705,4.421643,20,17,3,"BE","Bruessel (Villo)","cyclocity/JCDecaux","2026-08-28 00:09:06"
"64","VETERINAIRES / VEEARTSEN",50.832749,4.331058,25,8,17,"BE","Bruessel (Villo)","cyclocity/JCDecaux","2026-08-28 00:09:06"
"65","PARVIS DE ST-GILLES / ST-GILLISVOORPLEIN",50.829985,4.344557,25,14,9,"BE","Bruessel (Villo)","cyclocity/JCDecaux","2026-08-28 00:09:06"
"66","SCHUMAN",50.843359,4.379946,40,24,13,"BE","Bruessel (Villo)","cyclocity/JCDecaux","2026-08-28 00:09:06"
"67","PARC CINQUANTENAIRE / JUBELPARK",50.83975,4.385426,35,1,33,"BE","Bruessel (Villo)","cyclocity/JCDecaux","2026-08-28 00:09:06"
"68","JEAN REY",50.840282,4.380131,33,11,21,"BE","Bruessel (Villo)","cyclocity/JCDecaux","2026-08-28 00:09:06"
"69","LESBROUSSART",50.827577,4.363797,29,11,17,"BE","Bruessel (Villo)","cyclocity/JCDecaux","2026-08-28 00:09:06"
"70","AURORE / DAGERAAD",50.818113,4.371446,25,7,15,"BE","Bruessel (Villo)","cyclocity/JCDecaux","2026-08-28 00:09:06"
"71","LEGRAND",50.815019,4.371982,22,7,13,"BE","Bruessel (Villo)","cyclocity/JCDecaux","2026-08-28 00:09:06"
"72","ULB SOLBOSCH / VUB  SOLBOSCH",50.812489,4.379203,24,14,10,"BE","Bruessel (Villo)","cyclocity/JCDecaux","2026-08-28 00:09:06"
"73","VLEURGAT",50.823898,4.367752,25,17,8,"BE","Bruessel (Villo)","cyclocity/JCDecaux","2026-08-28 00:09:06"
"74","PLACE LOIX / LOIXPLEIN",50.831936,4.353037,24,7,14,"BE","Bruessel (Villo)","cyclocity/JCDecaux","2026-08-28 00:09:06"
"75","GENERAL BARON / GENERAAL BARON",50.825888,4.340388,25,8,16,"BE","Bruessel (Villo)","cyclocity/JCDecaux","2026-08-28 00:09:06"
"76","PLACE VAN MEENEN / VAN MEENENPLEIN",50.825749,4.345165,25,17,6,"BE","Bruessel (Villo)","cyclocity/JCDecaux","2026-08-28 00:09:06"
"77","PAUL JANSON",50.827399,4.355281,25,15,8,"BE","Bruessel (Villo)","cyclocity/JCDecaux","2026-08-28 00:09:06"
"78","DUCPETIAUX",50.823699,4.351623,25,14,10,"BE","Bruessel (Villo)","cyclocity/JCDecaux","2026-08-28 00:09:06"
"79","LOI / WET",50.84413,4.374871,22,2,19,"BE","Bruessel (Villo)","cyclocity/JCDecaux","2026-08-28 00:09:06"
"80","CERES",50.814852,4.376794,20,12,7,"BE","Bruessel (Villo)","cyclocity/JCDecaux","2026-08-28 00:09:06"
"81","PONT BOCKSTAEL / BRUG BOCKSTAEL",50.870259,4.343195,25,12,13,"BE","Bruessel (Villo)","cyclocity/JCDecaux","2026-08-28 00:09:06"
"82","",50.872811,4.341149,0,0,0,"BE","Bruessel (Villo)","cyclocity/JCDecaux","2026-08-28 00:09:06"
"83","SIMONIS",50.86284,4.33126,29,14,12,"BE","Bruessel (Villo)","cyclocity/JCDecaux","2026-08-28 00:09:06"
"84","SAINTE-ANNE / SINT-ANNA",50.85896,4.330107,20,8,12,"BE","Bruessel (Villo)","cyclocity/JCDecaux","2026-08-28 00:09:06"
"85","ETANGS NOIRS / ZWARTE VIJVERS",50.857266,4.332368,25,13,7,"BE","Bruessel (Villo)","cyclocity/JCDecaux","2026-08-28 00:09:06"
"86","MAISON COMMUNALE JETTE / GEMEENTEHUIS JETTE",50.876195,4.324477,25,13,11,"BE","Bruessel (Villo)","cyclocity/JCDecaux","2026-08-28 00:09:06"
"87","MIROIR / SPIEGEL",50.871391,4.323914,25,12,13,"BE","Bruessel (Villo)","cyclocity/JCDecaux","2026-08-28 00:09:06"
"88","WOESTE",50.873354,4.334311,25,23,2,"BE","Bruessel (Villo)","cyclocity/JCDecaux","2026-08-28 00:09:06"
"89","ATHENEE DE JETTE / ATHENEUM VAN JETTE",50.87106,4.32985,25,18,7,"BE","Bruessel (Villo)","cyclocity/JCDecaux","2026-08-28 00:09:06"
"90","BROUSTIN",50.867448,4.326807,17,10,7,"BE","Bruessel (Villo)","cyclocity/JCDecaux","2026-08-28 00:09:06"
"91","BELGICA",50.867773,4.335217,25,9,15,"BE","Bruessel (Villo)","cyclocity/JCDecaux","2026-08-28 00:09:06"
"92","LENOIR",50.875826,4.329921,24,13,10,"BE","Bruessel (Villo)","cyclocity/JCDecaux","2026-08-28 00:09:06"
"93","CLOVIS",50.850333,4.380461,19,10,9,"BE","Bruessel (Villo)","cyclocity/JCDecaux","2026-08-28 00:09:06"
"94","DUCHESSE DE BRABANT / HERTOGIN VAN BRABANT",50.849215,4.329184,20,9,10,"BE","Bruessel (Villo)","cyclocity/JCDecaux","2026-08-28 00:09:06"
"95","PLACE BOCKSTAEL / BOCKSTAELPLAATS",50.87808,4.34793,25,0,0,"BE","Bruessel (Villo)","cyclocity/JCDecaux","2026-08-28 00:09:06"
"96","HOTEL PRESIDENT / PRESIDENT HOTEL",50.863875,4.358708,25,15,10,"BE","Bruessel (Villo)","cyclocity/JCDecaux","2026-08-28 00:09:06"
"97","KARREVELD",50.858058,4.318689,25,11,11,"BE","Bruessel (Villo)","cyclocity/JCDecaux","2026-08-28 00:09:06"
"98","CIMETIERE / KERKHOF",50.85904,4.312402,20,11,9,"BE","Bruessel (Villo)","cyclocity/JCDecaux","2026-08-28 00:09:06"
"99","JUBILE / JUBELFEEST",50.864992,4.338431,25,16,9,"BE","Bruessel (Villo)","cyclocity/JCDecaux","2026-08-28 00:09:06"
"100","LUXEMBOURG / LUXEMBURG",50.838411,4.37302,44,11,32,"BE","Bruessel (Villo)","cyclocity/JCDecaux","2026-08-28 00:09:06"
"101","ZELLIK",50.869204,4.291663,25,10,14,"BE","Bruessel (Villo)","cyclocity/JCDecaux","2026-08-28 00:09:06"
"102","MUSEUM",50.83579,4.375782,25,6,18,"BE","Bruessel (Villo)","cyclocity/JCDecaux","2026-08-28 00:09:06"
"103","ERNEST SOLVAY",50.83479,4.363772,20,13,7,"BE","Bruessel (Villo)","cyclocity/JCDecaux","2026-08-28 00:09:06"
"104","",50.833304,4.366611,0,0,0,"BE","Bruessel (Villo)","cyclocity/JCDecaux","2026-08-28 00:09:06"
"105","DE HENNIN",50.830077,4.369545,20,6,11,"BE","Bruessel (Villo)","cyclocity/JCDecaux","2026-08-28 00:09:06"
"106","GERMOIR / MOUTERIJ",50.830012,4.378625,25,15,10,"BE","Bruessel (Villo)","cyclocity/JCDecaux","2026-08-28 00:09:06"
"107","DEFACQZ",50.827652,4.359031,25,15,10,"BE","Bruessel (Villo)","cyclocity/JCDecaux","2026-08-28 00:09:06"
"108","FLAGEY",50.828012,4.371756,35,13,18,"BE","Bruessel (Villo)","cyclocity/JCDecaux","2026-08-28 00:09:06"
"109","CHATELAIN / KASTELEIN",50.824048,4.359896,18,6,11,"BE","Bruessel (Villo)","cyclocity/JCDecaux","2026-08-28 00:09:06"
"110","RODIN",50.826992,4.382379,22,19,3,"BE","Bruessel (Villo)","cyclocity/JCDecaux","2026-08-28 00:09:06"
"111","ETANGS MELLAERTS / MELLAERTS VIJVERS",50.827831,4.431822,25,13,8,"BE","Bruessel (Villo)","cyclocity/JCDecaux","2026-08-28 00:09:06"
"112","PAGE / EDELKNAAP",50.821567,4.356508,18,7,10,"BE","Bruessel (Villo)","cyclocity/JCDecaux","2026-08-28 00:09:06"
"113","ABBAYE DE LA CAMBRE / ABDIJ TER KAMEREN",50.820042,4.374785,20,10,9,"BE","Bruessel (Villo)","cyclocity/JCDecaux","2026-08-28 00:09:06"
"114","SAISONS / JAARGETIJDEN",50.820391,4.385358,25,17,8,"BE","Bruessel (Villo)","cyclocity/JCDecaux","2026-08-28 00:09:06"
"115","PETITE SUISSE / KLEIN-ZWITSERLAND",50.817807,4.38547,24,6,16,"BE","Bruessel (Villo)","cyclocity/JCDecaux","2026-08-28 00:09:06"
"116","ULB PLAINE",50.818253,4.395749,25,11,12,"BE","Bruessel (Villo)","cyclocity/JCDecaux","2026-08-28 00:09:06"
"117","CIMETIERE D'IXELLES/BEGRAAFPLAATS VAN ELSENE",50.816029,4.391006,34,7,26,"BE","Bruessel (Villo)","cyclocity/JCDecaux","2026-08-28 00:09:06"
"118","SCHWEITZER",50.864622,4.297878,25,15,10,"BE","Bruessel (Villo)","cyclocity/JCDecaux","2026-08-28 00:09:06"
"119","PAQUOT",50.82559,4.379555,20,8,10,"BE","Bruessel (Villo)","cyclocity/JCDecaux","2026-08-28 00:09:06"
"120","BLYCKAERTS",50.832872,4.37483,25,16,9,"BE","Bruessel (Villo)","cyclocity/JCDecaux","2026-08-28 00:09:06"
"121","ETANGS / VIJVERS",50.823986,4.37379,25,7,17,"BE","Bruessel (Villo)","cyclocity/JCDecaux","2026-08-28 00:09:06"
"122","ETTERBEEK GARE / ETTERBEEK STATION",50.822207,4.389325,30,7,23,"BE","Bruessel (Villo)","cyclocity/JCDecaux","2026-08-28 00:09:06"
"123","BASCULE",50.817507,4.366498,25,12,6,"BE","Bruessel (Villo)","cyclocity/JCDecaux","2026-08-28 00:09:06"
"124","CHARLES GRAUX",50.818283,4.363568,25,18,7,"BE","Bruessel (Villo)","cyclocity/JCDecaux","2026-08-28 00:09:06"
"125","GEORGES BRUGMANN",50.817392,4.354105,25,10,11,"BE","Bruessel (Villo)","cyclocity/JCDecaux","2026-08-28 00:09:06"
"126","FABRY",50.837288,4.43462,25,14,11,"BE","Bruessel (Villo)","cyclocity/JCDecaux","2026-08-28 00:09:06"
"127","GRAY",50.832194,4.377694,18,4,14,"BE","Bruessel (Villo)","cyclocity/JCDecaux","2026-08-28 00:09:06"
"128","MUSEE DU TRAM / TRAMMUSEUM",50.832355,4.432358,25,11,14,"BE","Bruessel (Villo)","cyclocity/JCDecaux","2026-08-28 00:09:06"
"130","ROND-POINT DU SOUVERAIN / VORSTRONDPUNT",50.819448,4.429082,23,9,6,"BE","Bruessel (Villo)","cyclocity/JCDecaux","2026-08-28 00:09:06"
"131","JARDIN MASSART / MASSARTTUIN",50.81329,4.434751,25,9,16,"BE","Bruessel (Villo)","cyclocity/JCDecaux","2026-08-28 00:09:06"
"132","DEUX CHAUSSEES / TWEESTEENWEGEN",50.816338,4.433895,19,10,5,"BE","Bruessel (Villo)","cyclocity/JCDecaux","2026-08-28 00:09:06"
"133","CHÂTEAU / KASTEEL",50.866795,4.3092224,24,7,15,"BE","Bruessel (Villo)","cyclocity/JCDecaux","2026-08-28 00:09:06"
"134","BASTOGNE / BASTENAKEN",50.862652,4.316644,25,13,11,"BE","Bruessel (Villo)","cyclocity/JCDecaux","2026-08-28 00:09:06"
"135","PARC LACROIX / LACROIX PARK",50.872343,4.37646,25,16,8,"BE","Bruessel (Villo)","cyclocity/JCDecaux","2026-08-28 00:09:06"
"136","PAVILLON / PAVILJOEN",50.869809,4.371808,24,14,9,"BE","Bruessel (Villo)","cyclocity/JCDecaux","2026-08-28 00:09:06"
"137","MAISON COMM SCHAERBEEK/GEMEENTEH. SCHAARBEEK",50.86661,4.373102,25,13,12,"BE","Bruessel (Villo)","cyclocity/JCDecaux","2026-08-28 00:09:06"
"138","HOUFFALIZE",50.86511,4.378466,20,11,9,"BE","Bruessel (Villo)","cyclocity/JCDecaux","2026-08-28 00:09:06"
"139","LIEDTS",50.863872,4.366741,25,14,10,"BE","Bruessel (Villo)","cyclocity/JCDecaux","2026-08-28 00:09:06"
"140","AZALEES / AZALEA",50.862704,4.381289,25,19,5,"BE","Bruessel (Villo)","cyclocity/JCDecaux","2026-08-28 00:09:06"
"141","GARE DU NORD / NOORDSTATION",50.860754,4.358886,42,5,35,"BE","Bruessel (Villo)","cyclocity/JCDecaux","2026-08-28 00:09:06"
"142","BIENFAITEURS / WELDOENERS",50.857319,4.386724,24,16,8,"BE","Bruessel (Villo)","cyclocity/JCDecaux","2026-08-28 00:09:06"
"143","RTL",50.857218,4.407879,25,18,6,"BE","Bruessel (Villo)","cyclocity/JCDecaux","2026-08-28 00:09:06"
"144","SAINTE-MARIE / SINTE-MARIA",50.85778,4.368144,25,10,15,"BE","Bruessel (Villo)","cyclocity/JCDecaux","2026-08-28 00:09:06"
"145","COTEAUX / WIJNHEUVELEN",50.859096,4.379117,25,10,15,"BE","Bruessel (Villo)","cyclocity/JCDecaux","2026-08-28 00:09:06"
"146","LEOPOLD III",50.859243,4.401022,25,19,5,"BE","Bruessel (Villo)","cyclocity/JCDecaux","2026-08-28 00:09:06"
"147","LYCEE EMILE MAX / EMILE MAX LYCEUM",50.861874,4.372146,25,15,9,"BE","Bruessel (Villo)","cyclocity/JCDecaux","2026-08-28 00:09:06"
"148","GARE DE MEISER / MEISER STATION",50.855629,4.394807,22,10,9,"BE","Bruessel (Villo)","cyclocity/JCDecaux","2026-08-28 00:09:06"
"149","JULES LEBRUN",50.856208,4.403386,25,12,11,"BE","Bruessel (Villo)","cyclocity/JCDecaux","2026-08-28 00:09:06"
"150","MEISER",50.854654,4.398451,25,16,8,"BE","Bruessel (Villo)","cyclocity/JCDecaux","2026-08-28 00:09:06"
"151","LOUVAIN 494 / LEUVEN 494",50.853518,4.392491,25,15,9,"BE","Bruessel (Villo)","cyclocity/JCDecaux","2026-08-28 00:09:06"
"152","PLACE DAILLY / DAILLYPLEIN",50.852389,4.387373,25,11,13,"BE","Bruessel (Villo)","cyclocity/JCDecaux","2026-08-28 00:09:06"
"153","SQUARE ARMAND STEURS / ARMAND STEURSSQUARE",50.854128,4.378002,25,19,6,"BE","Bruessel (Villo)","cyclocity/JCDecaux","2026-08-28 00:09:06"
"154","PLASKY",50.851241,4.396386,25,18,7,"BE","Bruessel (Villo)","cyclocity/JCDecaux","2026-08-28 00:09:06"
"155","LES MARRONNIERS",50.824953,4.399088,25,5,12,"BE","Bruessel (Villo)","cyclocity/JCDecaux","2026-08-28 00:09:06"
"156","JAMBLINNE DE MEUX",50.847158,4.393255,25,19,5,"BE","Bruessel (Villo)","cyclocity/JCDecaux","2026-08-28 00:09:06"
"157","HELIOTROPES / HELIOTROPEN",50.863388,4.386222,25,10,14,"BE","Bruessel (Villo)","cyclocity/JCDecaux","2026-08-28 00:09:06"
"158","VAN YSENDYCK",50.867955,4.379577,24,3,21,"BE","Bruessel (Villo)","cyclocity/JCDecaux","2026-08-28 00:09:06"
"159","MASUI",50.869297,4.36257,25,1,22,"BE","Bruessel (Villo)","cyclocity/JCDecaux","2026-08-28 00:09:06"
"160","ELISA",50.877501,4.380315,23,12,10,"BE","Bruessel (Villo)","cyclocity/JCDecaux","2026-08-28 00:09:06"
"161","DEMOLDER",50.872592,4.379886,25,14,11,"BE","Bruessel (Villo)","cyclocity/JCDecaux","2026-08-28 00:09:06"
"163","CHAZAL",50.859112,4.39157,25,20,5,"BE","Bruessel (Villo)","cyclocity/JCDecaux","2026-08-28 00:09:06"
"164","KENNIS",50.867643,4.385817,25,0,0,"BE","Bruessel (Villo)","cyclocity/JCDecaux","2026-08-28 00:09:06"
"165","CIMETIERE DE JETTE / KERKHOF VAN JETTE",50.879668,4.33425,20,8,9,"BE","Bruessel (Villo)","cyclocity/JCDecaux","2026-08-28 00:09:06"
"166","GC ESSEGEM",50.876205,4.337137,25,16,9,"BE","Bruessel (Villo)","cyclocity/JCDecaux","2026-08-28 00:09:06"
"167","CHARLES V / KAREL V",50.869032,4.309731,22,12,9,"BE","Bruessel (Villo)","cyclocity/JCDecaux","2026-08-28 00:09:06"
"168","HOPITAL FRANÇAIS / FRANS GASTHUIS",50.866379,4.303281,25,9,13,"BE","Bruessel (Villo)","cyclocity/JCDecaux","2026-08-28 00:09:06"
"169","GEORGES EEKHOUD",50.877125,4.387515,25,17,6,"BE","Bruessel (Villo)","cyclocity/JCDecaux","2026-08-28 00:09:06"
"170","RIGA",50.87453,4.385378,20,11,9,"BE","Bruessel (Villo)","cyclocity/JCDecaux","2026-08-28 00:09:06"
"171","PISCINE LOUIS NAMECHE/ZWEMBAD LOUIS NAMECHE",50.854789,4.312201,25,6,16,"BE","Bruessel (Villo)","cyclocity/JCDecaux","2026-08-28 00:09:06"
"172","AEROPOLIS",50.869764,4.388191,25,7,17,"BE","Bruessel (Villo)","cyclocity/JCDecaux","2026-08-28 00:09:06"
"173","BICHON",50.864656,4.394448,24,9,15,"BE","Bruessel (Villo)","cyclocity/JCDecaux","2026-08-28 00:09:06"
"174","MENNEKENS",50.853947,4.31635,22,11,10,"BE","Bruessel (Villo)","cyclocity/JCDecaux","2026-08-28 00:09:06"
"175","BEEKKANT",50.854166,4.322948,25,13,11,"BE","Bruessel (Villo)","cyclocity/JCDecaux","2026-08-28 00:09:06"
"176","COLONEL BOURG / KOLONEL BOURG",50.852356,4.408635,25,17,8,"BE","Bruessel (Villo)","cyclocity/JCDecaux","2026-08-28 00:09:06"
"177","CHASSEURS ARDENNAIS / ARDENSE JAGERS",50.849409,4.389263,25,16,9,"BE","Bruessel (Villo)","cyclocity/JCDecaux","2026-08-28 00:09:06"
"178","DIAMANT",50.85043,4.402169,22,8,12,"BE","Bruessel (Villo)","cyclocity/JCDecaux","2026-08-28 00:09:06"
"179","CELTES / KELTEN",50.839217,4.398015,44,23,18,"BE","Bruessel (Villo)","cyclocity/JCDecaux","2026-08-28 00:09:06"
"180","JOURDAN",50.837726,4.381565,25,1,22,"BE","Bruessel (Villo)","cyclocity/JCDecaux","2026-08-28 00:09:06"
"181","LOUIS TITZ",50.835723,4.394395,25,8,15,"BE","Bruessel (Villo)","cyclocity/JCDecaux","2026-08-28 00:09:06"
"182","BOILEAU",50.83168,4.404769,25,10,15,"BE","Bruessel (Villo)","cyclocity/JCDecaux","2026-08-28 00:09:06"
"183","LA CHASSE / JACHT",50.829928,4.390357,25,15,8,"BE","Bruessel (Villo)","cyclocity/JCDecaux","2026-08-28 00:09:06"
"184","PHILIPPE BAUCQ",50.831592,4.385786,25,12,13,"BE","Bruessel (Villo)","cyclocity/JCDecaux","2026-08-28 00:09:06"
"185","PERE DE DEKEN / PATER DE DEKEN",50.835797,4.401599,25,13,12,"BE","Bruessel (Villo)","cyclocity/JCDecaux","2026-08-28 00:09:06"
"186","GENOT",50.861783,4.302607,17,7,10,"BE","Bruessel (Villo)","cyclocity/JCDecaux","2026-08-28 00:09:06"
"187","ARSENAL / ARSENAAL",50.826603,4.397117,25,9,16,"BE","Bruessel (Villo)","cyclocity/JCDecaux","2026-08-28 00:09:06"
"188","OSSEGHEM",50.857235,4.324354,24,17,6,"BE","Bruessel (Villo)","cyclocity/JCDecaux","2026-08-28 00:09:06"
"189","PLACE VAN MEYEL / VAN MEYELPLEIN",50.836924,4.389073,17,10,7,"BE","Bruessel (Villo)","cyclocity/JCDecaux","2026-08-28 00:09:06"
"190","TERDELT",50.867904,4.390696,22,10,10,"BE","Bruessel (Villo)","cyclocity/JCDecaux","2026-08-28 00:09:06"
"191","ARTAN",50.853973,4.38374,24,22,2,"BE","Bruessel (Villo)","cyclocity/JCDecaux","2026-08-28 00:09:06"
"192","AUBERGE DE JEUNESSE / JEUGDHERBERG",50.851562,4.332924,25,14,9,"BE","Bruessel (Villo)","cyclocity/JCDecaux","2026-08-28 00:09:06"
"193","GARE DE L'OUEST / WESTSTATION",50.848866,4.320628,30,19,9,"BE","Bruessel (Villo)","cyclocity/JCDecaux","2026-08-28 00:09:06"
"194","STUYVENBERG",50.885885,4.342003,25,9,16,"BE","Bruessel (Villo)","cyclocity/JCDecaux","2026-08-28 00:09:06"
"195","WESTLAND SHOPPING",50.838356,4.284213,26,16,10,"BE","Bruessel (Villo)","cyclocity/JCDecaux","2026-08-28 00:09:06"
"196","PRINCE DE LIEGE / PRINS VAN LUIK",50.846874,4.29817,25,21,4,"BE","Bruessel (Villo)","cyclocity/JCDecaux","2026-08-28 00:09:06"
"197","DE SMET",50.848255,4.314854,25,14,10,"BE","Bruessel (Villo)","cyclocity/JCDecaux","2026-08-28 00:09:06"
"198","",50.847649,4.307714,0,0,0,"BE","Bruessel (Villo)","cyclocity/JCDecaux","2026-08-28 00:09:06"
"199","HENRI REY",50.843693,4.304986,15,10,5,"BE","Bruessel (Villo)","cyclocity/JCDecaux","2026-08-28 00:09:06"
"200","VETERANS COLONIAUX / KOLONIALE VETERANEN",50.844006,4.313818,25,21,4,"BE","Bruessel (Villo)","cyclocity/JCDecaux","2026-08-28 00:09:06"
"201","PETERBOS",50.8414,4.296013,25,10,12,"BE","Bruessel (Villo)","cyclocity/JCDecaux","2026-08-28 00:09:06"
"202","AUMALE",50.840217,4.313386,21,0,0,"BE","Bruessel (Villo)","cyclocity/JCDecaux","2026-08-28 00:09:06"
"203","DEMOSTHENE",50.84045,4.305055,15,9,6,"BE","Bruessel (Villo)","cyclocity/JCDecaux","2026-08-28 00:09:06"
"204","",50.837326,4.293932,0,0,0,"BE","Bruessel (Villo)","cyclocity/JCDecaux","2026-08-28 00:09:06"
"205","DE LINDE",50.835503,4.299573,20,15,4,"BE","Bruessel (Villo)","cyclocity/JCDecaux","2026-08-28 00:09:06"
"206","SAINT-GUIDON / SINT-GUIDO",50.834929,4.305659,25,12,13,"BE","Bruessel (Villo)","cyclocity/JCDecaux","2026-08-28 00:09:06"
"207","BIESTEBROECK / BIESTEBROEK",50.83362,4.313592,25,10,15,"BE","Bruessel (Villo)","cyclocity/JCDecaux","2026-08-28 00:09:06"
"208","MELBA",50.832565,4.294311,25,12,12,"BE","Bruessel (Villo)","cyclocity/JCDecaux","2026-08-28 00:09:06"
"209","VEEWEYDE / VEEWEIDE",50.828602,4.299621,25,8,16,"BE","Bruessel (Villo)","cyclocity/JCDecaux","2026-08-28 00:09:06"
"210","MARIUS RENARD",50.827873,4.288707,25,18,5,"BE","Bruessel (Villo)","cyclocity/JCDecaux","2026-08-28 00:09:06"
"211","METRO CERIA / METRO COOVI",50.816704,4.290857,22,14,8,"BE","Bruessel (Villo)","cyclocity/JCDecaux","2026-08-28 00:09:06"
"212","THEO LAMBERT",50.82701,4.292098,25,12,13,"BE","Bruessel (Villo)","cyclocity/JCDecaux","2026-08-28 00:09:06"
"213","LA ROUE / HET RAD",50.821018,4.293865,15,9,6,"BE","Bruessel (Villo)","cyclocity/JCDecaux","2026-08-28 00:09:06"
"214","CAMPUS CERIA / CAMPUS COOVI",50.815942,4.295095,30,12,18,"BE","Bruessel (Villo)","cyclocity/JCDecaux","2026-08-28 00:09:06"
"215","",50.836864,4.317321,0,0,0,"BE","Bruessel (Villo)","cyclocity/JCDecaux","2026-08-28 00:09:06"
"216","ARISTIDE BRIAND",50.828873,4.303918,25,14,10,"BE","Bruessel (Villo)","cyclocity/JCDecaux","2026-08-28 00:09:06"
"217","BIZET",50.82496,4.297422,23,15,8,"BE","Bruessel (Villo)","cyclocity/JCDecaux","2026-08-28 00:09:06"
"218","DELACROIX",50.845978,4.323226,25,8,17,"BE","Bruessel (Villo)","cyclocity/JCDecaux","2026-08-28 00:09:06"
"219","VAN HELLEMONT",50.829491,4.286006,23,10,13,"BE","Bruessel (Villo)","cyclocity/JCDecaux","2026-08-28 00:09:06"
"220","LUTHER KING",50.824867,4.287059,25,13,12,"BE","Bruessel (Villo)","cyclocity/JCDecaux","2026-08-28 00:09:06"
"221","CURIE",50.821793,4.284648,25,8,17,"BE","Bruessel (Villo)","cyclocity/JCDecaux","2026-08-28 00:09:06"
"222","MERCKX",50.817246,4.280445,25,12,13,"BE","Bruessel (Villo)","cyclocity/JCDecaux","2026-08-28 00:09:06"
"223","WIELS",50.824055,4.326376,12,0,0,"BE","Bruessel (Villo)","cyclocity/JCDecaux","2026-08-28 00:09:06"
"224","ROCHEFORT",50.824379,4.334202,25,11,13,"BE","Bruessel (Villo)","cyclocity/JCDecaux","2026-08-28 00:09:06"
"225","",50.846755,4.352001,0,0,0,"BE","Bruessel (Villo)","cyclocity/JCDecaux","2026-08-28 00:09:06"
"226","UNION / UNIE",50.819892,4.325187,25,7,17,"BE","Bruessel (Villo)","cyclocity/JCDecaux","2026-08-28 00:09:06"
"227","PATINAGE / SCHAATSEN",50.816695,4.319891,20,12,7,"BE","Bruessel (Villo)","cyclocity/JCDecaux","2026-08-28 00:09:06"
"228","ALTITUDE CENT / HOOGTE HONDERD",50.816525,4.336212,25,13,11,"BE","Bruessel (Villo)","cyclocity/JCDecaux","2026-08-28 00:09:06"
"229","ZAMAN-FOREST NAT. / ZAMAN-VORST NAT.",50.813708,4.324706,18,12,6,"BE","Bruessel (Villo)","cyclocity/JCDecaux","2026-08-28 00:09:06"
"230","BERKENDAEL / BERKENDAAL",50.818382,4.346061,24,16,6,"BE","Bruessel (Villo)","cyclocity/JCDecaux","2026-08-28 00:09:06"
"231","KERSBEEK",50.805801,4.3194,19,10,8,"BE","Bruessel (Villo)","cyclocity/JCDecaux","2026-08-28 00:09:06"
"232","DOMAINE / DOMEIN",50.810875,4.329158,25,12,11,"BE","Bruessel (Villo)","cyclocity/JCDecaux","2026-08-28 00:09:06"
"233","PARC DUDEN / DUDENPARK",50.813938,4.330966,20,9,7,"BE","Bruessel (Villo)","cyclocity/JCDecaux","2026-08-28 00:09:06"
"234","",50.809799,4.317546,0,0,0,"BE","Bruessel (Villo)","cyclocity/JCDecaux","2026-08-28 00:09:06"
"235","FOREST NATIONAL / VORST NATIONAAL",50.810085,4.324864,25,15,8,"BE","Bruessel (Villo)","cyclocity/JCDecaux","2026-08-28 00:09:06"
"236","MAISON COMMUNALE FOREST / GEMEENTEHUIS VORST",50.812482,4.31887,25,11,8,"BE","Bruessel (Villo)","cyclocity/JCDecaux","2026-08-28 00:09:06"
"237","PARVIS ST-ANTOINE / ST-ANTONIUSVOORPLEIN",50.827999,4.330638,25,13,12,"BE","Bruessel (Villo)","cyclocity/JCDecaux","2026-08-28 00:09:06"
"238","UNION SAINT-GILLOISE / UNION SINT-GILLIS",50.820199,4.330806,20,9,9,"BE","Bruessel (Villo)","cyclocity/JCDecaux","2026-08-28 00:09:06"
"239","DARWIN",50.817777,4.350406,25,9,11,"BE","Bruessel (Villo)","cyclocity/JCDecaux","2026-08-28 00:09:06"
"240","VANDERKINDERE",50.81418,4.347721,23,9,13,"BE","Bruessel (Villo)","cyclocity/JCDecaux","2026-08-28 00:09:06"
"241","STATUAIRES / BEELDHOUWERS",50.804006,4.349493,25,8,14,"BE","Bruessel (Villo)","cyclocity/JCDecaux","2026-08-28 00:09:06"
"242","MAISON COMMUNALE UCCLE / GEMEENTEHUIS UKKEL",50.803791,4.333321,25,9,14,"BE","Bruessel (Villo)","cyclocity/JCDecaux","2026-08-28 00:09:06"
"243","ROND-POINT CHURCHILL / CHURCHILLPLEIN",50.811696,4.353263,25,10,9,"BE","Bruessel (Villo)","cyclocity/JCDecaux","2026-08-28 00:09:06"
"244","BOIS DE LA CAMBRE / TERKAMERENBOS",50.81218,4.368321,20,7,11,"BE","Bruessel (Villo)","cyclocity/JCDecaux","2026-08-28 00:09:06"
"245","HAMOIR",50.798988,4.375581,25,10,11,"BE","Bruessel (Villo)","cyclocity/JCDecaux","2026-08-28 00:09:06"
"246","GATTI DE GAMOND",50.796471,4.328415,20,8,12,"BE","Bruessel (Villo)","cyclocity/JCDecaux","2026-08-28 00:09:06"
"247","STALLE",50.79586,4.32058,25,6,18,"BE","Bruessel (Villo)","cyclocity/JCDecaux","2026-08-28 00:09:06"
"248","PRINCE DE LIGNE / PRINS DE LIGNE",50.795777,4.373405,22,8,13,"BE","Bruessel (Villo)","cyclocity/JCDecaux","2026-08-28 00:09:06"
"249","SAINT-JOB / SINT-JOB",50.794173,4.366414,25,10,13,"BE","Bruessel (Villo)","cyclocity/JCDecaux","2026-08-28 00:09:06"
"250","SAINTE-ELISABETH / SINT-ELISABETH",50.805409,4.371953,25,11,11,"BE","Bruessel (Villo)","cyclocity/JCDecaux","2026-08-28 00:09:06"
"251","PAOLA",50.800377,4.326985,20,9,6,"BE","Bruessel (Villo)","cyclocity/JCDecaux","2026-08-28 00:09:06"
"252","BEMPT",50.803413,4.314756,23,3,17,"BE","Bruessel (Villo)","cyclocity/JCDecaux","2026-08-28 00:09:06"
"253","REINE FABIOLA / KONINGIN FABIOLA",50.872676,4.314497,25,18,7,"BE","Bruessel (Villo)","cyclocity/JCDecaux","2026-08-28 00:09:06"
"254","BASILIQUE / BASILIEK",50.867393,4.320344,22,6,15,"BE","Bruessel (Villo)","cyclocity/JCDecaux","2026-08-28 00:09:06"
"255","SACRE-COEUR DE GANSHOREN",50.868038,4.314122,25,11,14,"BE","Bruessel (Villo)","cyclocity/JCDecaux","2026-08-28 00:09:06"
"256","VAN OVERBEKE",50.874767,4.308977,24,11,13,"BE","Bruessel (Villo)","cyclocity/JCDecaux","2026-08-28 00:09:06"
"257","MARGUERITE D'AUTR. / MARGARETHA VAN OOSTENR.",50.872249,4.298174,25,18,7,"BE","Bruessel (Villo)","cyclocity/JCDecaux","2026-08-28 00:09:06"
"258","LIBERTE / VRIJHEID",50.862199,4.323446,18,8,10,"BE","Bruessel (Villo)","cyclocity/JCDecaux","2026-08-28 00:09:06"
"259","NOVILLE",50.859608,4.33409,20,12,7,"BE","Bruessel (Villo)","cyclocity/JCDecaux","2026-08-28 00:09:06"
"260","TRITON",50.86702,4.406995,25,15,10,"BE","Bruessel (Villo)","cyclocity/JCDecaux","2026-08-28 00:09:06"
"261","CONSCIENCE",50.86879,4.399587,20,10,8,"BE","Bruessel (Villo)","cyclocity/JCDecaux","2026-08-28 00:09:06"
"262","PLACE DE LA PAIX / VREDEPLEIN",50.87693,4.400722,20,5,15,"BE","Bruessel (Villo)","cyclocity/JCDecaux","2026-08-28 00:09:06"
"263","MAISON COMMUNALE EVERE / GEMEENTEHUIS EVERE",50.871919,4.403183,19,15,4,"BE","Bruessel (Villo)","cyclocity/JCDecaux","2026-08-28 00:09:06"
"264","NOTRE-DAME / ONZE-LIEVE-VROUW",50.871013,4.397616,20,6,14,"BE","Bruessel (Villo)","cyclocity/JCDecaux","2026-08-28 00:09:06"
"265","EVERE SHOPPING",50.867241,4.40287,25,12,12,"BE","Bruessel (Villo)","cyclocity/JCDecaux","2026-08-28 00:09:06"
"266","GARE DE BORDET / BORDET STATION",50.877476,4.409133,21,11,10,"BE","Bruessel (Villo)","cyclocity/JCDecaux","2026-08-28 00:09:06"
"267","GENEVE",50.862912,4.403226,25,12,12,"BE","Bruessel (Villo)","cyclocity/JCDecaux","2026-08-28 00:09:06"
"268","DUNANT",50.862808,4.410791,20,9,11,"BE","Bruessel (Villo)","cyclocity/JCDecaux","2026-08-28 00:09:06"
"269","CICERON / CICERO",50.860957,4.421515,25,10,13,"BE","Bruessel (Villo)","cyclocity/JCDecaux","2026-08-28 00:09:06"
"270","DE PADUWA",50.859215,4.414115,25,12,12,"BE","Bruessel (Villo)","cyclocity/JCDecaux","2026-08-28 00:09:06"
"271","DUBOIS",50.851158,4.309591,25,12,13,"BE","Bruessel (Villo)","cyclocity/JCDecaux","2026-08-28 00:09:06"
"272","SCHEUTBOS",50.851129,4.299792,24,12,10,"BE","Bruessel (Villo)","cyclocity/JCDecaux","2026-08-28 00:09:06"
"273","TAMARIS / TAMARISKEN",50.854809,4.306337,25,15,9,"BE","Bruessel (Villo)","cyclocity/JCDecaux","2026-08-28 00:09:06"
"274","CORHAY",50.860027,4.307686,25,17,8,"BE","Bruessel (Villo)","cyclocity/JCDecaux","2026-08-28 00:09:06"
"275","VERSAILLES",50.896278,4.372427,20,11,9,"BE","Bruessel (Villo)","cyclocity/JCDecaux","2026-08-28 00:09:06"
"276","CROIX DE GUERRE / OORLOGSKRUISEN",50.889521,4.380226,25,9,16,"BE","Bruessel (Villo)","cyclocity/JCDecaux","2026-08-28 00:09:06"
"277","VAN PRAET",50.881588,4.373817,21,6,12,"BE","Bruessel (Villo)","cyclocity/JCDecaux","2026-08-28 00:09:06"
"278","STADE / STADION",50.893923,4.332117,25,13,12,"BE","Bruessel (Villo)","cyclocity/JCDecaux","2026-08-28 00:09:06"
"279","HOUBA-BRUGMANN",50.890231,4.336993,25,8,17,"BE","Bruessel (Villo)","cyclocity/JCDecaux","2026-08-28 00:09:06"
"280","HEYSEL / HEIZEL",50.897522,4.334831,25,14,10,"BE","Bruessel (Villo)","cyclocity/JCDecaux","2026-08-28 00:09:06"
"281","ATOMIUM",50.895485,4.341311,25,15,10,"BE","Bruessel (Villo)","cyclocity/JCDecaux","2026-08-28 00:09:06"
"282","CENTENAIRE / EEUWFEEST",50.89097,4.344827,25,4,21,"BE","Bruessel (Villo)","cyclocity/JCDecaux","2026-08-28 00:09:06"
"283","PISCINE / ZWEMBAD",50.893166,4.376996,14,7,7,"BE","Bruessel (Villo)","cyclocity/JCDecaux","2026-08-28 00:09:06"
"284","CLAESSENS",50.873085,4.35859,25,16,8,"BE","Bruessel (Villo)","cyclocity/JCDecaux","2026-08-28 00:09:06"
"285","COGHEN",50.813469,4.338951,25,14,10,"BE","Bruessel (Villo)","cyclocity/JCDecaux","2026-08-28 00:09:06"
"286","BENS",50.8081,4.336816,18,7,10,"BE","Bruessel (Villo)","cyclocity/JCDecaux","2026-08-28 00:09:06"
"287","FLOREAL",50.809334,4.345243,23,6,17,"BE","Bruessel (Villo)","cyclocity/JCDecaux","2026-08-28 00:09:06"
"288","HOUZEAU",50.80351,4.3589,18,3,11,"BE","Bruessel (Villo)","cyclocity/JCDecaux","2026-08-28 00:09:06"
"289","SQUARE GEORGES MARLOW / GEORGES MARLOWSQUARE",50.801818,4.340812,25,14,8,"BE","Bruessel (Villo)","cyclocity/JCDecaux","2026-08-28 00:09:06"
"290","GARE DE CALEVOET / KALEVOET STATION",50.791568,4.332586,24,11,12,"BE","Bruessel (Villo)","cyclocity/JCDecaux","2026-08-28 00:09:06"
"291","DECROLY",50.804661,4.327886,19,8,11,"BE","Bruessel (Villo)","cyclocity/JCDecaux","2026-08-28 00:09:06"
"292","RITTWEGER",50.797739,4.336083,20,9,10,"BE","Bruessel (Villo)","cyclocity/JCDecaux","2026-08-28 00:09:06"
"293","KEYM",50.810528,4.40231,25,13,12,"BE","Bruessel (Villo)","cyclocity/JCDecaux","2026-08-28 00:09:06"
"294","WIENER",50.798344,4.419014,25,10,9,"BE","Bruessel (Villo)","cyclocity/JCDecaux","2026-08-28 00:09:06"
"295","COIN DU BALAI / BEZEMHOEK",50.793682,4.418497,25,12,11,"BE","Bruessel (Villo)","cyclocity/JCDecaux","2026-08-28 00:09:06"
"296","BOITSFORT GARE / BOSVOORDE STATION",50.795209,4.408152,25,7,15,"BE","Bruessel (Villo)","cyclocity/JCDecaux","2026-08-28 00:09:06"
"297","TENREUKEN",50.804951,4.426541,25,10,13,"BE","Bruessel (Villo)","cyclocity/JCDecaux","2026-08-28 00:09:06"
"298","HALL DES SPORTS / SPORTHAL",50.877082,4.301232,25,12,13,"BE","Bruessel (Villo)","cyclocity/JCDecaux","2026-08-28 00:09:06"
"299","SAINT-ADRIEN / SINT-ADRIANUS",50.809494,4.386465,20,16,4,"BE","Bruessel (Villo)","cyclocity/JCDecaux","2026-08-28 00:09:06"
"300","BOONDAEL GARE / BOONDAAL STATION",50.801455,4.392831,25,5,20,"BE","Bruessel (Villo)","cyclocity/JCDecaux","2026-08-28 00:09:06"
"301","MARIE-JOSE",50.806552,4.387843,22,8,12,"BE","Bruessel (Villo)","cyclocity/JCDecaux","2026-08-28 00:09:06"
"303","VIEUX TILLEUL / OUDE LINDE",50.807938,4.392845,25,11,12,"BE","Bruessel (Villo)","cyclocity/JCDecaux","2026-08-28 00:09:06"
"304","",50.893497,4.363297,0,0,0,"BE","Bruessel (Villo)","cyclocity/JCDecaux","2026-08-28 00:09:06"
"305","PETER BENOIT",50.895592,4.387965,25,12,11,"BE","Bruessel (Villo)","cyclocity/JCDecaux","2026-08-28 00:09:06"
"306","HEEMBEEK",50.889187,4.37499,25,12,12,"BE","Bruessel (Villo)","cyclocity/JCDecaux","2026-08-28 00:09:06"
"307","KAREL BOGAERD",50.88194,4.347501,20,13,7,"BE","Bruessel (Villo)","cyclocity/JCDecaux","2026-08-28 00:09:06"
"308","TIVOLI",50.872276,4.351953,19,7,11,"BE","Bruessel (Villo)","cyclocity/JCDecaux","2026-08-28 00:09:06"
"309","SQUARE DU CENTENAIRE / EEUWFEESTSQUARE",50.875535,4.318377,25,14,10,"BE","Bruessel (Villo)","cyclocity/JCDecaux","2026-08-28 00:09:06"
"310","SAINT-VINCENT / SINT-VINCENTIUS",50.87992,4.400427,20,15,3,"BE","Bruessel (Villo)","cyclocity/JCDecaux","2026-08-28 00:09:06"
"311","DELTA",50.818322,4.404122,22,9,11,"BE","Bruessel (Villo)","cyclocity/JCDecaux","2026-08-28 00:09:06"
"312","CENTRE CULTUREL / CULTUREEL CENTRUM",50.817087,4.426761,25,9,14,"BE","Bruessel (Villo)","cyclocity/JCDecaux","2026-08-28 00:09:06"
"313","DEMEY",50.814858,4.417184,25,18,7,"BE","Bruessel (Villo)","cyclocity/JCDecaux","2026-08-28 00:09:06"
"314","HERRMANN-DEBROUX",50.812325,4.427962,30,9,21,"BE","Bruessel (Villo)","cyclocity/JCDecaux","2026-08-28 00:09:06"
"315","SACRE-COEUR AUDERGHEM / HEILIG HART OUDERGEM",50.810322,4.435789,19,7,9,"BE","Bruessel (Villo)","cyclocity/JCDecaux","2026-08-28 00:09:06"
"317","GEYSKENS",50.820097,4.42214,20,6,10,"BE","Bruessel (Villo)","cyclocity/JCDecaux","2026-08-28 00:09:06"
"318","CARDINAL MERCIER / KARDINAAL MERCIER",50.880539,4.32823,20,15,5,"BE","Bruessel (Villo)","cyclocity/JCDecaux","2026-08-28 00:09:06"
"319","ANCIENNE BARRIERE / OUDE AFSPANNING",50.884954,4.317553,20,10,9,"BE","Bruessel (Villo)","cyclocity/JCDecaux","2026-08-28 00:09:06"
"320","UZ BRUSSEL",50.886451,4.310966,20,4,16,"BE","Bruessel (Villo)","cyclocity/JCDecaux","2026-08-28 00:09:06"
"321","SACRE-CŒUR DE JETTE / HEILIG HART VAN JETTE",50.884229,4.330276,19,8,11,"BE","Bruessel (Villo)","cyclocity/JCDecaux","2026-08-28 00:09:06"
"322","PARC ROI BAUDOUIN / KONING BOUDEWIJNPARK",50.889582,4.316351,20,5,15,"BE","Bruessel (Villo)","cyclocity/JCDecaux","2026-08-28 00:09:06"
"323","CARENE / CARINA",50.85517,4.415303,20,11,9,"BE","Bruessel (Villo)","cyclocity/JCDecaux","2026-08-28 00:09:06"
"324","THOMAS BALIS",50.819641,4.412926,25,10,13,"BE","Bruessel (Villo)","cyclocity/JCDecaux","2026-08-28 00:09:06"
"325","HANKAR",50.821441,4.406925,25,14,7,"BE","Bruessel (Villo)","cyclocity/JCDecaux","2026-08-28 00:09:06"
"326","ADEPS",50.809406,4.443777,22,11,10,"BE","Bruessel (Villo)","cyclocity/JCDecaux","2026-08-28 00:09:06"
"327","SIBELGA",50.874082,4.362205,20,10,9,"BE","Bruessel (Villo)","cyclocity/JCDecaux","2026-08-28 00:09:06"
"328","HEYDENBERG",50.849386,4.41712,20,16,4,"BE","Bruessel (Villo)","cyclocity/JCDecaux","2026-08-28 00:09:06"
"329","ROODEBEEK",50.847617,4.436084,24,8,15,"BE","Bruessel (Villo)","cyclocity/JCDecaux","2026-08-28 00:09:06"
"330","VANDERVELDE",50.847546,4.450015,25,8,14,"BE","Bruessel (Villo)","cyclocity/JCDecaux","2026-08-28 00:09:06"
"331","GEORGES HENRI",50.842319,4.406295,20,12,8,"BE","Bruessel (Villo)","cyclocity/JCDecaux","2026-08-28 00:09:06"
"332","VERGOTE",50.845229,4.404311,24,8,16,"BE","Bruessel (Villo)","cyclocity/JCDecaux","2026-08-28 00:09:06"
"333","TRACTEBEL",50.856582,4.430988,25,20,5,"BE","Bruessel (Villo)","cyclocity/JCDecaux","2026-08-28 00:09:06"
"334","MARCEL THIRY",50.855593,4.439625,20,5,15,"BE","Bruessel (Villo)","cyclocity/JCDecaux","2026-08-28 00:09:06"
"335","THIRY",50.854231,4.444034,20,16,4,"BE","Bruessel (Villo)","cyclocity/JCDecaux","2026-08-28 00:09:06"
"336","KRAAINEM",50.848578,4.459038,17,5,12,"BE","Bruessel (Villo)","cyclocity/JCDecaux","2026-08-28 00:09:06"
"337","SHOPPING",50.843779,4.437698,20,8,12,"BE","Bruessel (Villo)","cyclocity/JCDecaux","2026-08-28 00:09:06"
"338","UCL",50.851073,4.452706,24,18,6,"BE","Bruessel (Villo)","cyclocity/JCDecaux","2026-08-28 00:09:06"
"339","MEUDON",50.845365,4.41788,22,5,16,"BE","Bruessel (Villo)","cyclocity/JCDecaux","2026-08-28 00:09:06"
"340","TOMBERG",50.843617,4.425324,24,11,13,"BE","Bruessel (Villo)","cyclocity/JCDecaux","2026-08-28 00:09:06"
"341","",50.840942,4.436529,0,0,0,"BE","Bruessel (Villo)","cyclocity/JCDecaux","2026-08-28 00:09:06"
"342","MAISON COMM. BERCHEM / GEMEENTEH. BERCHEM",50.864771,4.294266,20,7,12,"BE","Bruessel (Villo)","cyclocity/JCDecaux","2026-08-28 00:09:06"
"343","VANDENDRIESCH",50.861754,4.292798,20,12,7,"BE","Bruessel (Villo)","cyclocity/JCDecaux","2026-08-28 00:09:06"
"344","BETHLEEM / BETHLEHEM",50.830235,4.337965,20,11,8,"BE","Bruessel (Villo)","cyclocity/JCDecaux","2026-08-28 00:09:06"
"345","TROIS TILLEULS / DRIE LINDEN",50.802713,4.411871,18,6,9,"BE","Bruessel (Villo)","cyclocity/JCDecaux","2026-08-28 00:09:06"
"346","RECHERCHE / RESEARCH",50.81595,4.273669,20,11,8,"BE","Bruessel (Villo)","cyclocity/JCDecaux","2026-08-28 00:09:06"
"347","ERASME / ERASMUS",50.8149606388997,4.26542850805528,25,9,16,"BE","Bruessel (Villo)","cyclocity/JCDecaux","2026-08-28 00:09:06"
"348","HANSEN-SOULIE",50.831078,4.398546,24,11,13,"BE","Bruessel (Villo)","cyclocity/JCDecaux","2026-08-28 00:09:06"
"349","FONSNY",50.833444,4.334857,20,5,15,"BE","Bruessel (Villo)","cyclocity/JCDecaux","2026-08-28 00:09:06"
"350","VERHEYLEWEGHEN",50.848184,4.425621,22,15,5,"BE","Bruessel (Villo)","cyclocity/JCDecaux","2026-08-28 00:09:06"
"351","ULB",50.813945,4.384019,25,11,14,"BE","Bruessel (Villo)","cyclocity/JCDecaux","2026-08-28 00:09:06"
"352","ROUGE-CLOÎTRE / ROODKLOOSTER",50.814264,4.443479,23,11,6,"BE","Bruessel (Villo)","cyclocity/JCDecaux","2026-08-28 00:09:06"
"353","BEAULIEU",50.815681,4.40812,20,6,9,"BE","Bruessel (Villo)","cyclocity/JCDecaux","2026-08-28 00:09:06"
"354","TRIOMPHE / TRIOMF",50.821515,4.402259,20,4,16,"BE","Bruessel (Villo)","cyclocity/JCDecaux","2026-08-28 00:09:06"
"355","PARNASSE / PARNASSUS",50.837738,4.3692,22,7,14,"BE","Bruessel (Villo)","cyclocity/JCDecaux","2026-08-28 00:09:06"
"356","SPORTCITY",50.829715,4.455151,16,7,7,"BE","Bruessel (Villo)","cyclocity/JCDecaux","2026-08-28 00:09:06"
"357","AVIATION / LUCHTVAART",50.834556,4.456873,20,7,13,"BE","Bruessel (Villo)","cyclocity/JCDecaux","2026-08-28 00:09:06"
"358","MADOUX",50.82708,4.444795,25,12,13,"BE","Bruessel (Villo)","cyclocity/JCDecaux","2026-08-28 00:09:06"
"359","JCDECAUX",50.867708,4.357532,20,12,7,"BE","Bruessel (Villo)","cyclocity/JCDecaux","2026-08-28 00:09:06"
"360","STOCKEL / STOKKEL",50.841609,4.465632,24,8,16,"BE","Bruessel (Villo)","cyclocity/JCDecaux","2026-08-28 00:09:06"
"362","GARE DE BERCHEM / BERCHEM STATION",50.872491,4.290227,20,10,8,"BE","Bruessel (Villo)","cyclocity/JCDecaux","2026-08-28 00:09:06"
"364","DOCKS BRUXSEL",50.879086,4.374729,20,4,16,"BE","Bruessel (Villo)","cyclocity/JCDecaux","2026-08-28 00:09:06"
"365","ADOLPHE MAX",50.854062,4.356368,21,4,17,"BE","Bruessel (Villo)","cyclocity/JCDecaux","2026-08-28 00:09:06"
"1005","BORNE ATELIER MECANOS SPL",50.797869,4.289803,2,0,2,"BE","Bruessel (Villo)","cyclocity/JCDecaux","2026-08-28 00:09:06"
"001","001- Centraal Station - Astrid",51.21782,4.42065,33,0,33,"BE","Antwerpen","smartbike.com","2026-08-28 00:09:06"
"002","002- Centraal Station - Astrid 2",51.21756,4.42073,36,0,36,"BE","Antwerpen","smartbike.com","2026-08-28 00:09:06"
"003","003- Centraal station Kievit 2",51.21309,4.42177,36,5,30,"BE","Antwerpen","smartbike.com","2026-08-28 00:09:06"
"004","004- De Keyserlei",51.21736,4.42009,21,0,21,"BE","Antwerpen","smartbike.com","2026-08-28 00:09:06"
"005","005- Centraal Station / Kievit",51.21301,4.42173,36,8,28,"BE","Antwerpen","smartbike.com","2026-08-28 00:09:06"
"006","006- Premetro Plantin",51.21032,4.42218,24,13,10,"BE","Antwerpen","smartbike.com","2026-08-28 00:09:06"
"007","007- NMBS Berchem ",51.20108,4.43395,36,0,35,"BE","Antwerpen","smartbike.com","2026-08-28 00:09:06"
"008","008- NMBS Berchem 2",51.20109,4.43396,30,0,29,"BE","Antwerpen","smartbike.com","2026-08-28 00:09:06"
"009","009- NMBS Oost",51.20906,4.43602,30,24,6,"BE","Antwerpen","smartbike.com","2026-08-28 00:09:06"
"010","010- NMBS Zuid",51.19847,4.39072,36,27,9,"BE","Antwerpen","smartbike.com","2026-08-28 00:09:06"
"012","012- Brussel",51.19931,4.39014,36,28,7,"BE","Antwerpen","smartbike.com","2026-08-28 00:09:06"
"013","013- De Singel 1",51.19388,4.40225,36,1,33,"BE","Antwerpen","smartbike.com","2026-08-28 00:09:06"
"014","014- Markgrave",51.19681,4.40569,36,29,7,"BE","Antwerpen","smartbike.com","2026-08-28 00:09:06"
"015","015- Schone Kunsten",51.20782,4.39439,36,4,32,"BE","Antwerpen","smartbike.com","2026-08-28 00:09:06"
"016","016- Marnixplaats",51.21016,4.39661,27,16,11,"BE","Antwerpen","smartbike.com","2026-08-28 00:09:06"
"017","017- Groenplaats",51.21888,4.4012,18,0,16,"BE","Antwerpen","smartbike.com","2026-08-28 00:09:06"
"018","018- Meirbrug",51.21819,4.40617,34,4,30,"BE","Antwerpen","smartbike.com","2026-08-28 00:09:06"
"020","020- Groenplaats 2",51.21866,4.40084,27,2,25,"BE","Antwerpen","smartbike.com","2026-08-28 00:09:06"
"021","021- Driekoningen",51.19548,4.41919,28,10,17,"BE","Antwerpen","smartbike.com","2026-08-28 00:09:06"
"022","022- Statie",51.19992,4.43099,33,0,31,"BE","Antwerpen","smartbike.com","2026-08-28 00:09:06"
"023","023- Hopland",51.21649,4.41042,35,2,33,"BE","Antwerpen","smartbike.com","2026-08-28 00:09:06"
"024","024- Opera",51.21796,4.41795,30,1,29,"BE","Antwerpen","smartbike.com","2026-08-28 00:09:06"
"025","025- Teniersplaats",51.21819,4.41431,34,1,33,"BE","Antwerpen","smartbike.com","2026-08-28 00:09:06"
"026","026- Meir-Antoon Van Dijck",51.21823,4.41248,36,5,29,"BE","Antwerpen","smartbike.com","2026-08-28 00:09:06"
"027","027- Lange Nieuwstraat",51.2195,4.41195,36,9,27,"BE","Antwerpen","smartbike.com","2026-08-28 00:09:06"
"028","028- Keizerstraat",51.22149,4.40866,24,7,16,"BE","Antwerpen","smartbike.com","2026-08-28 00:09:06"
"029","029- Lozana",51.20161,4.40611,30,28,1,"BE","Antwerpen","smartbike.com","2026-08-28 00:09:06"
"030","030- Het Laar",51.21634,4.43334,24,22,2,"BE","Antwerpen","smartbike.com","2026-08-28 00:09:06"
"031","031- Wezenberg",51.19312,4.40803,36,3,33,"BE","Antwerpen","smartbike.com","2026-08-28 00:09:06"
"032","032- Permeke",51.22173,4.42071,27,9,16,"BE","Antwerpen","smartbike.com","2026-08-28 00:09:06"
"033","033- Hessenhuis",51.22622,4.40965,21,7,14,"BE","Antwerpen","smartbike.com","2026-08-28 00:09:06"
"034","034- M HKA",51.21101,4.39073,36,2,34,"BE","Antwerpen","smartbike.com","2026-08-28 00:09:06"
"035","035- Cockerillkaai",51.21032,4.3877,36,9,27,"BE","Antwerpen","smartbike.com","2026-08-28 00:09:06"
"036","036- Bourla",51.21534,4.4088,30,1,28,"BE","Antwerpen","smartbike.com","2026-08-28 00:09:06"
"037","037- Theater",51.21559,4.41237,30,13,14,"BE","Antwerpen","smartbike.com","2026-08-28 00:09:06"
"038","038- Pastorijstraat",51.22016,4.43264,21,0,21,"BE","Antwerpen","smartbike.com","2026-08-28 00:09:06"
"039","039- Koxplein",51.21106,4.4341,36,15,21,"BE","Antwerpen","smartbike.com","2026-08-28 00:09:06"
"040","040- Desguinlei",51.19676,4.39662,36,24,11,"BE","Antwerpen","smartbike.com","2026-08-28 00:09:06"
"041","041- Van Eyck",51.2108,4.41161,27,26,0,"BE","Antwerpen","smartbike.com","2026-08-28 00:09:06"
"042","042- Harmonie",51.20228,4.41207,35,11,24,"BE","Antwerpen","smartbike.com","2026-08-28 00:09:06"
"043","043- Grétrystraat",51.20368,4.41528,30,12,17,"BE","Antwerpen","smartbike.com","2026-08-28 00:09:06"
"044","044- Belgielei",51.20572,4.41819,36,16,20,"BE","Antwerpen","smartbike.com","2026-08-28 00:09:06"
"045","045- Falconplein",51.22688,4.4055,36,6,29,"BE","Antwerpen","smartbike.com","2026-08-28 00:09:06"
"046","046- De Merode",51.19939,4.41502,36,7,28,"BE","Antwerpen","smartbike.com","2026-08-28 00:09:06"
"047","047- Militair Hospitaal",51.20141,4.42371,36,18,18,"BE","Antwerpen","smartbike.com","2026-08-28 00:09:06"
"048","048- De Keyserlei 2",51.2173,4.42015,33,1,30,"BE","Antwerpen","smartbike.com","2026-08-28 00:09:06"
"049","049- Tolhuis",51.22576,4.40092,27,1,26,"BE","Antwerpen","smartbike.com","2026-08-28 00:09:06"
"050","050- Klapdorp",51.22373,4.40302,21,9,10,"BE","Antwerpen","smartbike.com","2026-08-28 00:09:06"
"051","051- Mutsaardplein",51.2229,4.40611,36,12,24,"BE","Antwerpen","smartbike.com","2026-08-28 00:09:06"
"052","052- Waaslandtunnel",51.22802,4.41169,36,11,25,"BE","Antwerpen","smartbike.com","2026-08-28 00:09:06"
"054","054- Ossenmarkt",51.22186,4.41299,21,12,9,"BE","Antwerpen","smartbike.com","2026-08-28 00:09:06"
"055","055- Zonnebloemstraat",51.19698,4.42823,33,18,14,"BE","Antwerpen","smartbike.com","2026-08-28 00:09:06"
"056","056- Minderbroedersrui",51.22219,4.40459,30,29,1,"BE","Antwerpen","smartbike.com","2026-08-28 00:09:06"
"057","057- Wolstraat",51.22154,4.40267,21,10,10,"BE","Antwerpen","smartbike.com","2026-08-28 00:09:06"
"058","058- Noorderterras",51.22439,4.3991,30,12,17,"BE","Antwerpen","smartbike.com","2026-08-28 00:09:06"
"059","059- Het Steen",51.2211,4.3968,36,15,17,"BE","Antwerpen","smartbike.com","2026-08-28 00:09:06"
"060","060- Grote Markt",51.22166,4.40056,36,10,25,"BE","Antwerpen","smartbike.com","2026-08-28 00:09:06"
"061","061- Victor Jacobslei",51.19781,4.42541,33,7,26,"BE","Antwerpen","smartbike.com","2026-08-28 00:09:06"
"062","062- Station Dam",51.23183,4.42698,24,10,14,"BE","Antwerpen","smartbike.com","2026-08-28 00:09:06"
"063","063- Slachthuis",51.2293,4.43307,36,8,28,"BE","Antwerpen","smartbike.com","2026-08-28 00:09:06"
"064","064- Zuiderterras",51.21907,4.39495,36,10,25,"BE","Antwerpen","smartbike.com","2026-08-28 00:09:06"
"065","065- Plantinkaai",51.21619,4.39343,33,21,12,"BE","Antwerpen","smartbike.com","2026-08-28 00:09:06"
"066","066- Modemuseum",51.21709,4.39925,24,6,16,"BE","Antwerpen","smartbike.com","2026-08-28 00:09:06"
"067","067- Oudaan",51.21578,4.40314,36,26,10,"BE","Antwerpen","smartbike.com","2026-08-28 00:09:06"
"068","068-  Turnhoutsepoort",51.21457,4.44368,30,24,6,"BE","Antwerpen","smartbike.com","2026-08-28 00:09:06"
"069","069- Fonteinstraat",51.21116,4.44196,36,15,18,"BE","Antwerpen","smartbike.com","2026-08-28 00:09:06"
"070","070- Sint Andries",51.21485,4.39634,30,27,2,"BE","Antwerpen","smartbike.com","2026-08-28 00:09:06"
"071","071- Sint-Michielskaai",51.21456,4.39205,30,24,4,"BE","Antwerpen","smartbike.com","2026-08-28 00:09:06"
"072","072- Tropisch Instituut",51.21189,4.39894,36,14,19,"BE","Antwerpen","smartbike.com","2026-08-28 00:09:06"
"073","073- Maarschalk Gérard",51.21231,4.40372,36,17,17,"BE","Antwerpen","smartbike.com","2026-08-28 00:09:06"
"074","074- Vismijn",51.21233,4.39402,30,0,28,"BE","Antwerpen","smartbike.com","2026-08-28 00:09:06"
"075","075- Vlaamsekaai",51.21031,4.3913,36,9,26,"BE","Antwerpen","smartbike.com","2026-08-28 00:09:06"
"076","076- Prekersplein",51.21404,4.39809,24,24,0,"BE","Antwerpen","smartbike.com","2026-08-28 00:09:06"
"077","077- Blauwtorenplein",51.21275,4.40947,36,4,32,"BE","Antwerpen","smartbike.com","2026-08-28 00:09:06"
"078","078- Oud Gerechtshof",51.2092,4.40301,27,26,1,"BE","Antwerpen","smartbike.com","2026-08-28 00:09:06"
"079","079- Nationale Bank",51.21103,4.40726,36,35,0,"BE","Antwerpen","smartbike.com","2026-08-28 00:09:06"
"080","080- Montigny",51.20607,4.39339,36,29,7,"BE","Antwerpen","smartbike.com","2026-08-28 00:09:06"
"081","081- Justitiepaleis",51.20468,4.38767,27,25,2,"BE","Antwerpen","smartbike.com","2026-08-28 00:09:06"
"082","082- Fotografiemuseum",51.20862,4.38747,36,12,22,"BE","Antwerpen","smartbike.com","2026-08-28 00:09:06"
"083","083- Brederode",51.20775,4.39851,27,12,15,"BE","Antwerpen","smartbike.com","2026-08-28 00:09:06"
"084","084- Elzenveld",51.21344,4.40497,33,5,26,"BE","Antwerpen","smartbike.com","2026-08-28 00:09:06"
"085","085- Den Bell",51.20585,4.39866,36,2,33,"BE","Antwerpen","smartbike.com","2026-08-28 00:09:06"
"086","086- Troonplaats",51.20335,4.39235,27,19,7,"BE","Antwerpen","smartbike.com","2026-08-28 00:09:06"
"087","087- Lange Elzen",51.20066,4.39424,21,20,0,"BE","Antwerpen","smartbike.com","2026-08-28 00:09:06"
"088","088- Haantjeslei",51.20114,4.40221,21,20,1,"BE","Antwerpen","smartbike.com","2026-08-28 00:09:06"
"089","089- Hof van Leysen",51.19843,4.40223,36,24,12,"BE","Antwerpen","smartbike.com","2026-08-28 00:09:06"
"090","090- Ballaarstraat",51.20447,4.40474,30,28,1,"BE","Antwerpen","smartbike.com","2026-08-28 00:09:06"
"091","091- Hemelstraat",51.20882,4.4083,18,18,0,"BE","Antwerpen","smartbike.com","2026-08-28 00:09:06"
"092","092- Sint-Thomas",51.20451,4.41063,21,18,3,"BE","Antwerpen","smartbike.com","2026-08-28 00:09:06"
"093","093- Sint Vincentius",51.20541,4.41356,30,26,2,"BE","Antwerpen","smartbike.com","2026-08-28 00:09:06"
"094","094- Paleisstraat",51.2048,4.3961,33,24,7,"BE","Antwerpen","smartbike.com","2026-08-28 00:09:06"
"095","095- Quinten Matsijslei",51.21415,4.41632,30,10,19,"BE","Antwerpen","smartbike.com","2026-08-28 00:09:06"
"096","096- Stadspark",51.21328,4.41311,24,0,22,"BE","Antwerpen","smartbike.com","2026-08-28 00:09:06"
"097","097- Cuperus",51.20278,4.42883,21,16,5,"BE","Antwerpen","smartbike.com","2026-08-28 00:09:06"
"099","099- Generaal Leman",51.1973,4.41048,24,18,5,"BE","Antwerpen","smartbike.com","2026-08-28 00:09:06"
"100","100- Van Hombeeckplein",51.19485,4.4166,33,12,21,"BE","Antwerpen","smartbike.com","2026-08-28 00:09:06"
"101","101- Premetro Handel",51.2241,4.432,36,24,12,"BE","Antwerpen","smartbike.com","2026-08-28 00:09:06"
"102","102- Duinstraat",51.22246,4.43026,36,20,15,"BE","Antwerpen","smartbike.com","2026-08-28 00:09:06"
"103","103- Oude Kerk Berchem",51.19256,4.42146,36,11,24,"BE","Antwerpen","smartbike.com","2026-08-28 00:09:06"
"104","104- Mercator",51.20821,4.42429,18,16,1,"BE","Antwerpen","smartbike.com","2026-08-28 00:09:06"
"105","105- Plantin en Moretus",51.20902,4.43157,33,27,6,"BE","Antwerpen","smartbike.com","2026-08-28 00:09:06"
"106","106- Draakplaats",51.20561,4.43221,33,0,30,"BE","Antwerpen","smartbike.com","2026-08-28 00:09:06"
"107","107- Moorkensplein",51.21338,4.43381,36,27,8,"BE","Antwerpen","smartbike.com","2026-08-28 00:09:06"
"108","108- Krugerpark",51.21602,4.43997,36,34,2,"BE","Antwerpen","smartbike.com","2026-08-28 00:09:06"
"109","109- Kerkstraat",51.21858,4.43051,33,33,0,"BE","Antwerpen","smartbike.com","2026-08-28 00:09:06"
"110","110- Dageraadplaats",51.20694,4.4301,36,1,34,"BE","Antwerpen","smartbike.com","2026-08-28 00:09:06"
"111","111- Van Der Meyden",51.21018,4.42776,30,20,10,"BE","Antwerpen","smartbike.com","2026-08-28 00:09:06"
"112","112- Pretoriastraat",51.20345,4.43684,36,22,13,"BE","Antwerpen","smartbike.com","2026-08-28 00:09:06"
"113","113- Helmstraat",51.21861,4.43862,36,24,11,"BE","Antwerpen","smartbike.com","2026-08-28 00:09:06"
"114","114- ZNA Stuivenberg",51.22199,4.43384,36,33,3,"BE","Antwerpen","smartbike.com","2026-08-28 00:09:06"
"115","115- Metro Elisabeth",51.22275,4.42418,21,7,13,"BE","Antwerpen","smartbike.com","2026-08-28 00:09:06"
"116","116- Loosplaats",51.2101,4.41722,18,15,3,"BE","Antwerpen","smartbike.com","2026-08-28 00:09:06"
"117","117- Sint Jansplein",51.22542,4.4184,30,27,3,"BE","Antwerpen","smartbike.com","2026-08-28 00:09:06"
"118","118- Dambrugge",51.22739,4.42243,30,24,5,"BE","Antwerpen","smartbike.com","2026-08-28 00:09:06"
"119","119- Ploeg",51.21537,4.42537,24,20,4,"BE","Antwerpen","smartbike.com","2026-08-28 00:09:06"
"120","120- Eendracht",51.22753,4.43904,24,12,11,"BE","Antwerpen","smartbike.com","2026-08-28 00:09:06"
"121","121- Stuivenbergplein",51.22746,4.43053,30,9,20,"BE","Antwerpen","smartbike.com","2026-08-28 00:09:06"
"122","122- Schijnpoort",51.22462,4.4366,21,14,6,"BE","Antwerpen","smartbike.com","2026-08-28 00:09:06"
"123","123- Park Spoor Noord 2",51.22904,4.42494,18,10,8,"BE","Antwerpen","smartbike.com","2026-08-28 00:09:06"
"124","124- Park Spoor Noord 1",51.22996,4.41961,30,15,14,"BE","Antwerpen","smartbike.com","2026-08-28 00:09:06"
"125","125- Sint-Norbertus",51.22596,4.42347,36,31,5,"BE","Antwerpen","smartbike.com","2026-08-28 00:09:06"
"126","126- Lange Dijk",51.22805,4.41902,36,35,0,"BE","Antwerpen","smartbike.com","2026-08-28 00:09:06"
"127","127- FOD Financiën",51.22827,4.41352,30,16,14,"BE","Antwerpen","smartbike.com","2026-08-28 00:09:06"
"128","128- ZNA Cadix",51.23177,4.41729,30,5,24,"BE","Antwerpen","smartbike.com","2026-08-28 00:09:06"
"129","129- Godefriduskaai",51.22808,4.40888,36,0,36,"BE","Antwerpen","smartbike.com","2026-08-28 00:09:06"
"130","130- Lamoriniere",51.2038,4.4208,18,12,6,"BE","Antwerpen","smartbike.com","2026-08-28 00:09:06"
"131","131- De Wittestraat",51.19376,4.41215,27,13,14,"BE","Antwerpen","smartbike.com","2026-08-28 00:09:06"
"132","132- Montgomery",51.21177,4.43779,18,15,3,"BE","Antwerpen","smartbike.com","2026-08-28 00:09:06"
"133","133- Willemdok",51.22958,4.41135,24,11,13,"BE","Antwerpen","smartbike.com","2026-08-28 00:09:06"
"134","134- MAS",51.22827,4.40557,36,0,35,"BE","Antwerpen","smartbike.com","2026-08-28 00:09:06"
"135","135- Loodswezen",51.22797,4.40203,36,9,26,"BE","Antwerpen","smartbike.com","2026-08-28 00:09:06"
"136","136- Spoor Noord Skatebowl",51.23176,4.42101,36,14,19,"BE","Antwerpen","smartbike.com","2026-08-28 00:09:06"
"137","137- Sint-Laureiskaai",51.22978,4.40575,36,0,36,"BE","Antwerpen","smartbike.com","2026-08-28 00:09:06"
"138","138- Amsterdamstraat",51.2312,4.40355,24,0,24,"BE","Antwerpen","smartbike.com","2026-08-28 00:09:06"
"139","139- Londenstraat",51.23105,4.41267,21,9,11,"BE","Antwerpen","smartbike.com","2026-08-28 00:09:06"
"140","140- Jachthaven LO",51.23142,4.39163,36,23,13,"BE","Antwerpen","smartbike.com","2026-08-28 00:09:06"
"141","141- Sint-Anna",51.23525,4.38688,36,3,30,"BE","Antwerpen","smartbike.com","2026-08-28 00:09:06"
"142","142- Esmoreitlaan",51.23344,4.38254,36,11,25,"BE","Antwerpen","smartbike.com","2026-08-28 00:09:06"
"143","143- Melis Stokelaan",51.23122,4.38531,36,13,23,"BE","Antwerpen","smartbike.com","2026-08-28 00:09:06"
"144","144- August Vermeylenlaan",51.23127,4.37867,36,15,21,"BE","Antwerpen","smartbike.com","2026-08-28 00:09:06"
"145","145- De Coster",51.22784,4.37855,24,11,12,"BE","Antwerpen","smartbike.com","2026-08-28 00:09:06"
"146","146- Reinaartlaan",51.22778,4.38589,33,18,15,"BE","Antwerpen","smartbike.com","2026-08-28 00:09:06"
"147","147- Halewijnlaan",51.22392,4.37788,24,9,15,"BE","Antwerpen","smartbike.com","2026-08-28 00:09:06"
"148","148- Verhaerenlaan",51.2232,4.38622,36,10,26,"BE","Antwerpen","smartbike.com","2026-08-28 00:09:06"
"149","149- Van Eedenplein",51.22061,4.38633,36,19,17,"BE","Antwerpen","smartbike.com","2026-08-28 00:09:06"
"150","150- Waterhoenlaan",51.22007,4.38172,24,6,18,"BE","Antwerpen","smartbike.com","2026-08-28 00:09:06"
"151","151- Van Cauwelaert",51.22031,4.37841,33,13,19,"BE","Antwerpen","smartbike.com","2026-08-28 00:09:06"
"152","152- Blancefloerlaan",51.22007,4.37559,36,6,29,"BE","Antwerpen","smartbike.com","2026-08-28 00:09:06"
"153","153- Beatrijslaan",51.21853,4.38571,36,20,16,"BE","Antwerpen","smartbike.com","2026-08-28 00:09:06"
"154","154- Terloplein",51.21907,4.44436,33,8,22,"BE","Antwerpen","smartbike.com","2026-08-28 00:09:06"
"155","155- Statielei",51.2162,4.44564,36,15,21,"BE","Antwerpen","smartbike.com","2026-08-28 00:09:06"
"156","156- Gasstraat",51.22603,4.42551,30,21,7,"BE","Antwerpen","smartbike.com","2026-08-28 00:09:06"
"157","157- Borsbeeksebrug",51.20145,4.4354,33,1,32,"BE","Antwerpen","smartbike.com","2026-08-28 00:09:06"
"158","158- Zuidervelodroom",51.20193,4.39839,36,35,1,"BE","Antwerpen","smartbike.com","2026-08-28 00:09:06"
"159","159- Den Bell 2",51.2056,4.39928,15,7,7,"BE","Antwerpen","smartbike.com","2026-08-28 00:09:06"
"160","160- Vlinderpaleis",51.20338,4.3888,36,19,17,"BE","Antwerpen","smartbike.com","2026-08-28 00:09:06"
"161","161 - Hospitaalplein",51.20356,4.42566,32,4,27,"BE","Antwerpen","smartbike.com","2026-08-28 00:09:06"
"162","162 - Regatta 1",51.21993,4.36874,36,5,30,"BE","Antwerpen","smartbike.com","2026-08-28 00:09:06"
"163","163 - Pluvier",51.21748,4.37798,36,23,12,"BE","Antwerpen","smartbike.com","2026-08-28 00:09:06"
"164","164 - AP Ellermanstraat",51.22993,4.41499,36,8,28,"BE","Antwerpen","smartbike.com","2026-08-28 00:09:06"
"165","165- Den Roscam",51.22501,4.40847,30,25,5,"BE","Antwerpen","smartbike.com","2026-08-28 00:09:06"
"166","166 - Schoenmarkt",51.21831,4.40331,33,1,30,"BE","Antwerpen","smartbike.com","2026-08-28 00:09:06"
"167","167 - Fod Financiën 2 ",51.22845,4.41339,30,4,26,"BE","Antwerpen","smartbike.com","2026-08-28 00:09:06"
"170","170-Quellin",51.21736,4.41654,21,0,20,"BE","Antwerpen","smartbike.com","2026-08-28 00:09:06"
"171","171 - Centraal Station 3 ",51.21788,4.42061,11,0,10,"BE","Antwerpen","smartbike.com","2026-08-28 00:09:06"
"172","172 - Centraal Station 4",51.2179,4.42066,12,0,11,"BE","Antwerpen","smartbike.com","2026-08-28 00:09:06"
"173","173 - Franklin Roosevelt",51.2202,4.41706,36,12,21,"BE","Antwerpen","smartbike.com","2026-08-28 00:09:06"
"174","174- Offerande",51.21954,4.4233,36,18,18,"BE","Antwerpen","smartbike.com","2026-08-28 00:09:06"
"175","175 - Asiadok",51.23518,4.4202,36,3,33,"BE","Antwerpen","smartbike.com","2026-08-28 00:09:06"
"176","176 - Slachthuissite 1",51.23058,4.43502,36,21,15,"BE","Antwerpen","smartbike.com","2026-08-28 00:09:06"
"177","177 - Slachthuissite 2",51.22991,4.43514,36,6,29,"BE","Antwerpen","smartbike.com","2026-08-28 00:09:06"
"178","178 - Universiteitsplein 2 ",51.16354,4.40011,36,13,23,"BE","Antwerpen","smartbike.com","2026-08-28 00:09:06"
"179","179 - Den Bleek",51.21306,4.42862,30,24,3,"BE","Antwerpen","smartbike.com","2026-08-28 00:09:06"
"180","180 - P&R LO 1",51.21933,4.34921,36,15,19,"BE","Antwerpen","smartbike.com","2026-08-28 00:09:06"
"182","182 - Mediahuis",51.21929,4.36003,36,9,27,"BE","Antwerpen","smartbike.com","2026-08-28 00:09:06"
"183","183 - Veer LO",51.22495,4.39009,36,21,14,"BE","Antwerpen","smartbike.com","2026-08-28 00:09:06"
"184","184 - Jan Palfijn",51.25793,4.45307,36,14,22,"BE","Antwerpen","smartbike.com","2026-08-28 00:09:06"
"185","185 - Kwadevelden",51.25848,4.44179,30,8,21,"BE","Antwerpen","smartbike.com","2026-08-28 00:09:06"
"186","186 - Universiteitsplein",51.16362,4.40032,36,10,26,"BE","Antwerpen","smartbike.com","2026-08-28 00:09:06"
"187","187 - Krijgslaan",51.16286,4.3902,30,16,13,"BE","Antwerpen","smartbike.com","2026-08-28 00:09:06"
"188","188 - Regatta 2",51.21795,4.3643,35,11,23,"BE","Antwerpen","smartbike.com","2026-08-28 00:09:06"
"190","190 - De Singel 2",51.19382,4.40216,36,9,27,"BE","Antwerpen","smartbike.com","2026-08-28 00:09:06"
"191","191 - Rijnpoort",51.22594,4.41309,36,4,32,"BE","Antwerpen","smartbike.com","2026-08-28 00:09:06"
"192","192 - Station LO",51.2164,4.3597,36,2,31,"BE","Antwerpen","smartbike.com","2026-08-28 00:09:06"
"201","201- P&R Luchtbal",51.26263,4.41869,33,22,11,"BE","Antwerpen","smartbike.com","2026-08-28 00:09:06"
"202","202- Squarepark",51.25727,4.42164,24,9,15,"BE","Antwerpen","smartbike.com","2026-08-28 00:09:06"
"203","203- Venezuelastraat",51.25361,4.42317,36,12,24,"BE","Antwerpen","smartbike.com","2026-08-28 00:09:06"
"204","204- Luchtbal winkelcentrum",51.24996,4.4209,36,15,21,"BE","Antwerpen","smartbike.com","2026-08-28 00:09:06"
"205","205- Kinepolis",51.24478,4.41434,36,16,20,"BE","Antwerpen","smartbike.com","2026-08-28 00:09:06"
"206","206- Station Luchtbal",51.2445,4.42309,33,12,21,"BE","Antwerpen","smartbike.com","2026-08-28 00:09:06"
"207","207- P&R Merksem",51.25812,4.46196,36,9,27,"BE","Antwerpen","smartbike.com","2026-08-28 00:09:06"
"208","208- Ringlaan Atheneum",51.25451,4.45469,36,3,33,"BE","Antwerpen","smartbike.com","2026-08-28 00:09:06"
"209","209- Melgeshof",51.25644,4.44715,36,12,24,"BE","Antwerpen","smartbike.com","2026-08-28 00:09:06"
"210","210- Maantjessteenweg",51.25523,4.43576,36,21,15,"BE","Antwerpen","smartbike.com","2026-08-28 00:09:06"
"211","211- Cultuurcentrum",51.25131,4.43732,36,8,28,"BE","Antwerpen","smartbike.com","2026-08-28 00:09:06"
"212","212- Rode Loop",51.25091,4.44231,36,9,26,"BE","Antwerpen","smartbike.com","2026-08-28 00:09:06"
"213","213- Kroonplein",51.25148,4.44805,30,13,17,"BE","Antwerpen","smartbike.com","2026-08-28 00:09:06"
"214","214- Kerkhofblommen",51.2481,4.43234,36,15,21,"BE","Antwerpen","smartbike.com","2026-08-28 00:09:06"
"215","215- Nieuwdreef",51.24671,4.44015,36,8,27,"BE","Antwerpen","smartbike.com","2026-08-28 00:09:06"
"216","216- Zwembad Merksem",51.24727,4.44902,30,18,12,"BE","Antwerpen","smartbike.com","2026-08-28 00:09:06"
"217","217- Joske Vermeulen",51.24917,4.45468,30,19,11,"BE","Antwerpen","smartbike.com","2026-08-28 00:09:06"
"218","218- Groenendaalcollege",51.24302,4.43569,36,6,30,"BE","Antwerpen","smartbike.com","2026-08-28 00:09:06"
"219","219- Districtshuis Merksem",51.24216,4.44252,33,19,13,"BE","Antwerpen","smartbike.com","2026-08-28 00:09:06"
"220","220- 't Dokske",51.24315,4.4474,30,17,13,"BE","Antwerpen","smartbike.com","2026-08-28 00:09:06"
"221","221-Havenhuis",51.24048,4.40799,36,7,29,"BE","Antwerpen","smartbike.com","2026-08-28 00:09:06"
"222","222- Cadix Oost",51.23334,4.41391,36,15,21,"BE","Antwerpen","smartbike.com","2026-08-28 00:09:06"
"223","223- Red Star Line",51.23335,4.40311,36,1,35,"BE","Antwerpen","smartbike.com","2026-08-28 00:09:06"
"224","224- Indiestraat",51.23439,4.40958,21,0,21,"BE","Antwerpen","smartbike.com","2026-08-28 00:09:06"
"225","225- Verbindingsdok Eilandje",51.23048,4.40769,36,8,28,"BE","Antwerpen","smartbike.com","2026-08-28 00:09:06"
"226","226- Noordschippersdok",51.2339,4.42974,36,12,24,"BE","Antwerpen","smartbike.com","2026-08-28 00:09:06"
"227","227- Amstel",51.23276,4.44433,24,18,5,"BE","Antwerpen","smartbike.com","2026-08-28 00:09:06"
"228","228- Van Heetvelde",51.22984,4.45141,24,12,11,"BE","Antwerpen","smartbike.com","2026-08-28 00:09:06"
"229","229- Jozef Nellens",51.22616,4.45199,36,27,7,"BE","Antwerpen","smartbike.com","2026-08-28 00:09:06"
"230","230- Bosuil",51.22909,4.46191,36,18,18,"BE","Antwerpen","smartbike.com","2026-08-28 00:09:06"
"231","231- den Antwerp",51.22922,4.46783,36,20,16,"BE","Antwerpen","smartbike.com","2026-08-28 00:09:06"
"232","232- Wim Saerens",51.22849,4.47867,36,12,17,"BE","Antwerpen","smartbike.com","2026-08-28 00:09:06"
"233","233- Gallifort",51.2251,4.46617,36,13,22,"BE","Antwerpen","smartbike.com","2026-08-28 00:09:06"
"235","235- Cogelsplein",51.21994,4.45501,36,10,26,"BE","Antwerpen","smartbike.com","2026-08-28 00:09:06"
"236","236- Districtshuis Deurne",51.21916,4.46007,36,7,27,"BE","Antwerpen","smartbike.com","2026-08-28 00:09:06"
"237","237- Ter Rivieren",51.22033,4.46925,36,10,23,"BE","Antwerpen","smartbike.com","2026-08-28 00:09:06"
"238","238- Ertbrugge",51.22373,4.47563,24,15,8,"BE","Antwerpen","smartbike.com","2026-08-28 00:09:06"
"239","239- Zwarte Arend",51.22126,4.47948,29,9,20,"BE","Antwerpen","smartbike.com","2026-08-28 00:09:06"
"240","240- Park Groot Schijn",51.21757,4.48212,36,7,27,"BE","Antwerpen","smartbike.com","2026-08-28 00:09:06"
"241","241- Kerkendijk",51.21333,4.45333,36,31,4,"BE","Antwerpen","smartbike.com","2026-08-28 00:09:06"
"242","242- Te Boelaerlei",51.21043,4.45251,36,17,19,"BE","Antwerpen","smartbike.com","2026-08-28 00:09:06"
"243","243- Mestputteke",51.20954,4.45816,36,6,30,"BE","Antwerpen","smartbike.com","2026-08-28 00:09:06"
"244","244- Waterbaan",51.20764,4.46532,36,30,6,"BE","Antwerpen","smartbike.com","2026-08-28 00:09:06"
"245","245- AZ Monica",51.20681,4.47132,36,13,22,"BE","Antwerpen","smartbike.com","2026-08-28 00:09:06"
"246","246- Arena",51.20755,4.45915,36,26,10,"BE","Antwerpen","smartbike.com","2026-08-28 00:09:06"
"247","247- ZNA Sint Erasmus",51.20832,4.44595,36,32,4,"BE","Antwerpen","smartbike.com","2026-08-28 00:09:06"
"248","248- De Schans",51.20598,4.44925,36,13,23,"BE","Antwerpen","smartbike.com","2026-08-28 00:09:06"
"249","249- Frans De Vriend",51.20381,4.44422,30,18,12,"BE","Antwerpen","smartbike.com","2026-08-28 00:09:06"
"250","250- Borsbeekbrug",51.20111,4.439,36,36,0,"BE","Antwerpen","smartbike.com","2026-08-28 00:09:06"
"251","251- Te Boelaerpark Noord",51.20397,4.45209,30,21,9,"BE","Antwerpen","smartbike.com","2026-08-28 00:09:06"
"252","252- Te Boelaerpark/Gitschotellei",51.20001,4.45028,32,25,6,"BE","Antwerpen","smartbike.com","2026-08-28 00:09:06"
"253","253- Vosplein",51.19806,4.45322,36,11,25,"BE","Antwerpen","smartbike.com","2026-08-28 00:09:06"
"254","254- Sint-Jozef",51.19754,4.4596,30,5,25,"BE","Antwerpen","smartbike.com","2026-08-28 00:09:06"
"255","255- Van den Haute",51.20414,4.46764,36,11,24,"BE","Antwerpen","smartbike.com","2026-08-28 00:09:06"
"257","257- Hofstade",51.19233,4.44875,36,10,24,"BE","Antwerpen","smartbike.com","2026-08-28 00:09:06"
"258","258- Hof van Nauwelaerts",51.1975,4.44373,30,25,5,"BE","Antwerpen","smartbike.com","2026-08-28 00:09:06"
"259","259- Posthofbrug",51.19332,4.43703,36,0,36,"BE","Antwerpen","smartbike.com","2026-08-28 00:09:06"
"260","260- Ter Schrieck",51.18964,4.42166,27,15,12,"BE","Antwerpen","smartbike.com","2026-08-28 00:09:06"
"261","261- Brilschans",51.18863,4.42959,36,20,16,"BE","Antwerpen","smartbike.com","2026-08-28 00:09:06"
"262","262- Hoogveld",51.18932,4.43561,36,12,24,"BE","Antwerpen","smartbike.com","2026-08-28 00:09:06"
"263","263- Fruithoflaan 2",51.18453,4.44104,36,23,13,"BE","Antwerpen","smartbike.com","2026-08-28 00:09:06"
"264","264- Filip Williotstraat",51.18765,4.4351,36,7,29,"BE","Antwerpen","smartbike.com","2026-08-28 00:09:06"
"265","265- Pulhof",51.18514,4.43204,30,24,6,"BE","Antwerpen","smartbike.com","2026-08-28 00:09:06"
"266","266- Fruithoflaan 1",51.18076,4.43471,36,26,9,"BE","Antwerpen","smartbike.com","2026-08-28 00:09:06"
"267","267- Leopold",51.18668,4.42138,30,12,16,"BE","Antwerpen","smartbike.com","2026-08-28 00:09:06"
"268","268- ZNA Middelheim",51.18296,4.41849,36,10,26,"BE","Antwerpen","smartbike.com","2026-08-28 00:09:06"
"269","269- Middelheim",51.18309,4.42431,30,20,10,"BE","Antwerpen","smartbike.com","2026-08-28 00:09:06"
"270","270- Dikke Mee",51.18645,4.40427,36,9,27,"BE","Antwerpen","smartbike.com","2026-08-28 00:09:06"
"271","271- Middelheimmuseum",51.18069,4.40899,36,0,36,"BE","Antwerpen","smartbike.com","2026-08-28 00:09:06"
"272","272- Groenenborger",51.17786,4.42165,30,7,22,"BE","Antwerpen","smartbike.com","2026-08-28 00:09:06"
"273","273- Campus Groenenborger",51.17582,4.41283,36,0,35,"BE","Antwerpen","smartbike.com","2026-08-28 00:09:06"
"274","274- De Bist",51.17039,4.39485,30,17,11,"BE","Antwerpen","smartbike.com","2026-08-28 00:09:06"
"275","275- Sneeuwbes",51.17437,4.40334,36,16,20,"BE","Antwerpen","smartbike.com","2026-08-28 00:09:06"
"276","276- Corbusier",51.18351,4.39388,36,12,24,"BE","Antwerpen","smartbike.com","2026-08-28 00:09:06"
"277","277- Ahornen",51.17708,4.39973,36,5,31,"BE","Antwerpen","smartbike.com","2026-08-28 00:09:06"
"278","278- Oversnes",51.16533,4.39394,36,15,21,"BE","Antwerpen","smartbike.com","2026-08-28 00:09:06"
"279","279- Ieperman",51.16868,4.39438,36,8,28,"BE","Antwerpen","smartbike.com","2026-08-28 00:09:06"
"280","280- Marmotteke",51.17672,4.38242,36,15,20,"BE","Antwerpen","smartbike.com","2026-08-28 00:09:06"
"281","281- Hof van Tichelen",51.18248,4.3854,36,9,27,"BE","Antwerpen","smartbike.com","2026-08-28 00:09:06"
"282","282- De Letter",51.18023,4.38087,36,18,18,"BE","Antwerpen","smartbike.com","2026-08-28 00:09:06"
"283","283- Hollebeek",51.18167,4.37203,36,9,27,"BE","Antwerpen","smartbike.com","2026-08-28 00:09:06"
"284","284- Steynsstraat",51.18323,4.36413,36,6,30,"BE","Antwerpen","smartbike.com","2026-08-28 00:09:06"
"285","285- Hoge Beuken",51.18379,4.35296,27,16,11,"BE","Antwerpen","smartbike.com","2026-08-28 00:09:06"
"286","286- Station Hoboken/Polderstad",51.18253,4.34811,36,21,15,"BE","Antwerpen","smartbike.com","2026-08-28 00:09:06"
"287","287- Kioskplaats/Centrum",51.17774,4.35,36,9,27,"BE","Antwerpen","smartbike.com","2026-08-28 00:09:06"
"288","288- Draaiboom",51.17732,4.35972,36,2,34,"BE","Antwerpen","smartbike.com","2026-08-28 00:09:06"
"289","289- Broydenborgpark",51.17355,4.35228,36,9,27,"BE","Antwerpen","smartbike.com","2026-08-28 00:09:06"
"290","290- Coöperatielaan",51.17621,4.3677,36,22,14,"BE","Antwerpen","smartbike.com","2026-08-28 00:09:06"
"291","291- Braem blokken",51.1885,4.3727,36,9,27,"BE","Antwerpen","smartbike.com","2026-08-28 00:09:06"
"292","292- Kielpark",51.19081,4.38101,36,17,19,"BE","Antwerpen","smartbike.com","2026-08-28 00:09:06"
"293","293- Edgard Castelein",51.18852,4.39095,36,6,30,"BE","Antwerpen","smartbike.com","2026-08-28 00:09:06"
"294","294- Den Tir",51.19102,4.37669,36,18,16,"BE","Antwerpen","smartbike.com","2026-08-28 00:09:06"
"295","295- Sporthal Kiel",51.19428,4.37909,36,13,22,"BE","Antwerpen","smartbike.com","2026-08-28 00:09:06"
"296","296- Mastvest",51.19408,4.39304,30,4,26,"BE","Antwerpen","smartbike.com","2026-08-28 00:09:06"
"297","297- Tentoonstellingswijk",51.19062,4.38893,36,29,6,"BE","Antwerpen","smartbike.com","2026-08-28 00:09:06"
"298","298- Koornbloem",51.1719,4.38237,27,8,19,"BE","Antwerpen","smartbike.com","2026-08-28 00:09:06"
"299","299- Antwerp expo",51.19196,4.39835,36,13,23,"BE","Antwerpen","smartbike.com","2026-08-28 00:09:06"
"300","300- Wilrijksepleinen",51.18875,4.3977,36,4,32,"BE","Antwerpen","smartbike.com","2026-08-28 00:09:06"
"301","301- Luchthaven ",51.18884,4.45039,30,22,7,"BE","Antwerpen","smartbike.com","2026-08-28 00:09:06"
"302","302- Rozenkrans",51.17904,4.39048,30,2,28,"BE","Antwerpen","smartbike.com","2026-08-28 00:09:06"
"303","303-Kambala",51.23793,4.40959,36,9,27,"BE","Antwerpen","smartbike.com","2026-08-28 00:09:06"
"304","304 - Campinia",51.24007,4.4338,36,17,19,"BE","Antwerpen","smartbike.com","2026-08-28 00:09:06"
"305","305 - Ter Nieuwerbrugge",51.19131,4.4435,36,15,21,"BE","Antwerpen","smartbike.com","2026-08-28 00:09:06"
"307","307 - Baron Sadoin",51.17206,4.33825,36,7,29,"BE","Antwerpen","smartbike.com","2026-08-28 00:09:06"
"308","308 - KDG Campus Hoboken",51.17107,4.36717,35,9,26,"BE","Antwerpen","smartbike.com","2026-08-28 00:09:06"
"309","309 - De Torekens",51.17089,4.3496,36,3,33,"BE","Antwerpen","smartbike.com","2026-08-28 00:09:06"
"310","310 - Sporthal Sorghvliedt",51.16719,4.35356,36,18,17,"BE","Antwerpen","smartbike.com","2026-08-28 00:09:06"
"311","311 - Cockerillhof",51.17399,4.344,36,7,29,"BE","Antwerpen","smartbike.com","2026-08-28 00:09:06"
"312","312 - Graspolder",51.18474,4.34251,36,6,29,"BE","Antwerpen","smartbike.com","2026-08-28 00:09:06"
"313","313 - Eksterlaar",51.20051,4.47024,36,19,17,"BE","Antwerpen","smartbike.com","2026-08-28 00:09:06"
"314","314 - Schoonselhof",51.1691,4.36328,36,8,28,"BE","Antwerpen","smartbike.com","2026-08-28 00:09:06"
"315","315 - Elsdonk",51.16985,4.42363,36,20,16,"BE","Antwerpen","smartbike.com","2026-08-28 00:09:06"
"316","316 - D.E. Van Damme",51.18174,4.35805,36,11,25,"BE","Antwerpen","smartbike.com","2026-08-28 00:09:06"
"317","317 - Distelhoek",51.25207,4.43311,24,10,13,"BE","Antwerpen","smartbike.com","2026-08-28 00:09:06"
"318","318 - De Burlet",51.17082,4.42902,30,15,15,"BE","Antwerpen","smartbike.com","2026-08-28 00:09:06"
"319","319 - Schaliemolen",51.17284,4.40517,30,16,14,"BE","Antwerpen","smartbike.com","2026-08-28 00:09:06"
"320","320 - Den Brem",51.17406,4.37563,36,7,29,"BE","Antwerpen","smartbike.com","2026-08-28 00:09:06"
"321","321 - Monnikenplein",51.17508,4.43003,36,21,14,"BE","Antwerpen","smartbike.com","2026-08-28 00:09:06"
"322","322 - Malisgoed",51.16695,4.38213,24,12,12,"BE","Antwerpen","smartbike.com","2026-08-28 00:09:06"
"323","323 - Sint-Augustinus",51.17535,4.41892,36,2,33,"BE","Antwerpen","smartbike.com","2026-08-28 00:09:06"
"324","324 - Dordrechlaan",51.2043,4.46131,24,12,12,"BE","Antwerpen","smartbike.com","2026-08-28 00:09:06"
"325","325 - Paul Vekemans",51.17488,4.35993,30,3,27,"BE","Antwerpen","smartbike.com","2026-08-28 00:09:06"
"326","326 - Krugerbrug",51.18744,4.36347,36,16,19,"BE","Antwerpen","smartbike.com","2026-08-28 00:09:06"
"327","327 - Ridderveld",51.17721,4.37488,30,22,8,"BE","Antwerpen","smartbike.com","2026-08-28 00:09:06"
"328","328 - Oude Terminus",51.21915,4.47506,36,14,22,"BE","Antwerpen","smartbike.com","2026-08-28 00:09:06"
"329","329 - Prosper de Wit",51.2261,4.47064,27,15,12,"BE","Antwerpen","smartbike.com","2026-08-28 00:09:06"
"330","330 - Meerlenhof",51.17234,4.35626,36,9,27,"BE","Antwerpen","smartbike.com","2026-08-28 00:09:06"
"331","331 - Zaatlaan",51.1754,4.33873,36,7,29,"BE","Antwerpen","smartbike.com","2026-08-28 00:09:06"
"332","332 - Valkstraat",51.16751,4.38542,36,29,7,"BE","Antwerpen","smartbike.com","2026-08-28 00:09:06"
"333","333 - Frans Adriaenssen / Joma",51.25457,4.44173,30,3,27,"BE","Antwerpen","smartbike.com","2026-08-28 00:09:06"
"334","334 - Den Haas",51.21979,4.48317,36,4,30,"BE","Antwerpen","smartbike.com","2026-08-28 00:09:06"
"335","335- Speelplein",51.24822,4.44424,36,12,23,"BE","Antwerpen","smartbike.com","2026-08-28 00:09:06"
"336","336 -Sneeuwbeslaan",51.17571,4.39622,36,5,31,"BE","Antwerpen","smartbike.com","2026-08-28 00:09:06"
"337","337 - Verenigde Naties",51.16379,4.35336,24,14,10,"BE","Antwerpen","smartbike.com","2026-08-28 00:09:06"
"340","340 - Dokter Donny",51.16813,4.40497,36,5,31,"BE","Antwerpen","smartbike.com","2026-08-28 00:09:06"
"342","342 - Nieuw Zuid",51.20626,4.38345,36,10,26,"BE","Antwerpen","smartbike.com","2026-08-28 00:09:06"
"343","343 - Scheldekaaien Nieuw Zuid 2",51.20544,4.37907,33,9,24,"BE","Antwerpen","smartbike.com","2026-08-28 00:09:06"
"6026","Østbanehallen",59.9104991840435,10.7505055324343,35,5,29,"NO","Oslo (Oslo Bysykkel)","Urban Infrastructure Partner (urbansharing.com)","2026-08-28 00:09:06"
"5431","NRK",59.9333497140275,10.7196032674791,21,3,16,"NO","Oslo (Oslo Bysykkel)","Urban Infrastructure Partner (urbansharing.com)","2026-08-28 00:09:06"
"5424","Makrellbekken T",59.9419033626877,10.6741006648531,18,0,18,"NO","Oslo (Oslo Bysykkel)","Urban Infrastructure Partner (urbansharing.com)","2026-08-28 00:09:06"
"5220","Blindern vgs",59.9499087772916,10.730185223295,20,6,12,"NO","Oslo (Oslo Bysykkel)","Urban Infrastructure Partner (urbansharing.com)","2026-08-28 00:09:06"
"5217","Egertorget",59.9126744968093,10.7420251270345,30,13,17,"NO","Oslo (Oslo Bysykkel)","Urban Infrastructure Partner (urbansharing.com)","2026-08-28 00:09:06"
"5113","Leirfallsgata",59.9191149238563,10.7578305465982,15,10,1,"NO","Oslo (Oslo Bysykkel)","Urban Infrastructure Partner (urbansharing.com)","2026-08-28 00:09:06"
"4683","Valle Vision",59.9160648366328,10.8071776063118,21,1,16,"NO","Oslo (Oslo Bysykkel)","Urban Infrastructure Partner (urbansharing.com)","2026-08-28 00:09:06"
"4552","Bryn Brannstasjon",59.9127021429707,10.8138127267781,18,2,16,"NO","Oslo (Oslo Bysykkel)","Urban Infrastructure Partner (urbansharing.com)","2026-08-28 00:09:06"
"3725","Vestre Aker Kirke",59.936006155097,10.7319090369652,19,0,17,"NO","Oslo (Oslo Bysykkel)","Urban Infrastructure Partner (urbansharing.com)","2026-08-28 00:09:06"
"2358","Aker Brygge 3 mot Fergene",59.9108464901639,10.7297324545678,14,9,3,"NO","Oslo (Oslo Bysykkel)","Urban Infrastructure Partner (urbansharing.com)","2026-08-28 00:09:06"
"2357","Aker Brygge 2 mot Rådhusplassen",59.9111308119445,10.7304091703938,24,0,23,"NO","Oslo (Oslo Bysykkel)","Urban Infrastructure Partner (urbansharing.com)","2026-08-28 00:09:06"
"2355","Økern T-bane",59.9288949188176,10.8062347762816,12,0,12,"NO","Oslo (Oslo Bysykkel)","Urban Infrastructure Partner (urbansharing.com)","2026-08-28 00:09:06"
"2351","Sogn Studentby",59.9520844126844,10.7278527910112,18,0,18,"NO","Oslo (Oslo Bysykkel)","Urban Infrastructure Partner (urbansharing.com)","2026-08-28 00:09:06"
"2350","Blindern T-Bane",59.9402285595006,10.716552385179,25,1,23,"NO","Oslo (Oslo Bysykkel)","Urban Infrastructure Partner (urbansharing.com)","2026-08-28 00:09:06"
"2349","Maritimt Museum",59.9029115938954,10.698019009344,21,2,19,"NO","Oslo (Oslo Bysykkel)","Urban Infrastructure Partner (urbansharing.com)","2026-08-28 00:09:06"
"2347","Huk 2",59.8984395319681,10.6743966922636,30,11,17,"NO","Oslo (Oslo Bysykkel)","Urban Infrastructure Partner (urbansharing.com)","2026-08-28 00:09:06"
"2340","Tiedemannsparken",59.9202476790554,10.79354070401,25,17,7,"NO","Oslo (Oslo Bysykkel)","Urban Infrastructure Partner (urbansharing.com)","2026-08-28 00:09:06"
"2339","Elgsletta",59.915649208809,10.7617245025481,30,7,23,"NO","Oslo (Oslo Bysykkel)","Urban Infrastructure Partner (urbansharing.com)","2026-08-28 00:09:06"
"2337","Universitetsgata",59.9159154337855,10.7378349902773,15,2,12,"NO","Oslo (Oslo Bysykkel)","Urban Infrastructure Partner (urbansharing.com)","2026-08-28 00:09:06"
"2334","Nybrua holdeplass",59.9165449260829,10.7574289720171,12,4,8,"NO","Oslo (Oslo Bysykkel)","Urban Infrastructure Partner (urbansharing.com)","2026-08-28 00:09:06"
"2333","Akerselvallmenningen",59.9072588989029,10.7548846635896,15,0,14,"NO","Oslo (Oslo Bysykkel)","Urban Infrastructure Partner (urbansharing.com)","2026-08-28 00:09:06"
"2332","Krohgstøtten hospital",59.9162960107558,10.7573766668428,12,1,11,"NO","Oslo (Oslo Bysykkel)","Urban Infrastructure Partner (urbansharing.com)","2026-08-28 00:09:06"
"2330","Stjerneplassen",59.913233166065,10.7499587636503,15,7,6,"NO","Oslo (Oslo Bysykkel)","Urban Infrastructure Partner (urbansharing.com)","2026-08-28 00:09:06"
"2329","Via Vika",59.9127128601436,10.727170827087,15,13,2,"NO","Oslo (Oslo Bysykkel)","Urban Infrastructure Partner (urbansharing.com)","2026-08-28 00:09:06"
"2328","The Hub",59.9124716434285,10.7508474960591,21,1,19,"NO","Oslo (Oslo Bysykkel)","Urban Infrastructure Partner (urbansharing.com)","2026-08-28 00:09:06"
"2315","Rostockgata",59.9069197025505,10.7603118028819,18,1,15,"NO","Oslo (Oslo Bysykkel)","Urban Infrastructure Partner (urbansharing.com)","2026-08-28 00:09:06"
"2308","Gunerius",59.914598788694,10.7533985000067,12,0,8,"NO","Oslo (Oslo Bysykkel)","Urban Infrastructure Partner (urbansharing.com)","2026-08-28 00:09:06"
"2307","Domus Athletica",59.9462193817602,10.7246263146536,30,2,26,"NO","Oslo (Oslo Bysykkel)","Urban Infrastructure Partner (urbansharing.com)","2026-08-28 00:09:06"
"2306","Økern Portal",59.9309039617287,10.8019396959029,18,0,17,"NO","Oslo (Oslo Bysykkel)","Urban Infrastructure Partner (urbansharing.com)","2026-08-28 00:09:06"
"2305","Hesselbergs Gate",59.9277779431937,10.7612564193164,15,13,1,"NO","Oslo (Oslo Bysykkel)","Urban Infrastructure Partner (urbansharing.com)","2026-08-28 00:09:06"
"2304","Hedmarksgata",59.9117840365578,10.7838843459579,18,7,10,"NO","Oslo (Oslo Bysykkel)","Urban Infrastructure Partner (urbansharing.com)","2026-08-28 00:09:06"
"2280","Klingenberggata",59.913150534075,10.7322812917001,15,12,1,"NO","Oslo (Oslo Bysykkel)","Urban Infrastructure Partner (urbansharing.com)","2026-08-28 00:09:06"
"2270","Lørenporten",59.9287109666933,10.7999148018208,20,1,18,"NO","Oslo (Oslo Bysykkel)","Urban Infrastructure Partner (urbansharing.com)","2026-08-28 00:09:06"
"1919","Kværnerveien",59.9059110448869,10.7786588357814,6,6,0,"NO","Oslo (Oslo Bysykkel)","Urban Infrastructure Partner (urbansharing.com)","2026-08-28 00:09:06"
"1755","Aker Brygge 1 mot Nasjonalmuseet",59.9111990177663,10.7300896592589,33,16,17,"NO","Oslo (Oslo Bysykkel)","Urban Infrastructure Partner (urbansharing.com)","2026-08-28 00:09:06"
"1101","Stortingstunnelen",59.9106530180621,10.737365277561,24,18,3,"NO","Oslo (Oslo Bysykkel)","Urban Infrastructure Partner (urbansharing.com)","2026-08-28 00:09:06"
"1023","Professor Aschehougs plass",59.9147672,10.740971,15,0,13,"NO","Oslo (Oslo Bysykkel)","Urban Infrastructure Partner (urbansharing.com)","2026-08-28 00:09:06"
"1009","Borgenveien",59.9427421064737,10.703833031254,10,3,5,"NO","Oslo (Oslo Bysykkel)","Urban Infrastructure Partner (urbansharing.com)","2026-08-28 00:09:06"
"970","Enerhaugen",59.9132024256382,10.7675793864079,25,9,14,"NO","Oslo (Oslo Bysykkel)","Urban Infrastructure Partner (urbansharing.com)","2026-08-28 00:09:06"
"787","Kirkegata 15",59.9101561505551,10.7434569715117,12,3,8,"NO","Oslo (Oslo Bysykkel)","Urban Infrastructure Partner (urbansharing.com)","2026-08-28 00:09:06"
"627","Skøyen Stasjon",59.9227239810141,10.678625145369,30,6,24,"NO","Oslo (Oslo Bysykkel)","Urban Infrastructure Partner (urbansharing.com)","2026-08-28 00:09:06"
"623","7. juni-plassen",59.9150797726882,10.7305893366693,21,1,20,"NO","Oslo (Oslo Bysykkel)","Urban Infrastructure Partner (urbansharing.com)","2026-08-28 00:09:06"
"624","Dælenenggata",59.9287502718149,10.7675463772982,20,12,8,"NO","Oslo (Oslo Bysykkel)","Urban Infrastructure Partner (urbansharing.com)","2026-08-28 00:09:06"
"626","Drammensveien",59.9204038,10.691147,24,6,18,"NO","Oslo (Oslo Bysykkel)","Urban Infrastructure Partner (urbansharing.com)","2026-08-28 00:09:06"
"614","Sinsen T-bane",59.9388630869213,10.7806032503319,24,5,18,"NO","Oslo (Oslo Bysykkel)","Urban Infrastructure Partner (urbansharing.com)","2026-08-28 00:09:06"
"616","Salt",59.9069221671983,10.7465302725882,15,8,6,"NO","Oslo (Oslo Bysykkel)","Urban Infrastructure Partner (urbansharing.com)","2026-08-28 00:09:06"
"618","Bak Niels Treschows hus sør",59.942472603107,10.723715245369,42,15,25,"NO","Oslo (Oslo Bysykkel)","Urban Infrastructure Partner (urbansharing.com)","2026-08-28 00:09:06"
"621","Torshovdalen øst",59.9328566215876,10.777633472422,27,6,20,"NO","Oslo (Oslo Bysykkel)","Urban Infrastructure Partner (urbansharing.com)","2026-08-28 00:09:06"
"622","Pilestredet 63",59.9238826,10.7313627,30,0,29,"NO","Oslo (Oslo Bysykkel)","Urban Infrastructure Partner (urbansharing.com)","2026-08-28 00:09:06"
"613","Schives gate",59.9209563537027,10.7140556296147,27,8,11,"NO","Oslo (Oslo Bysykkel)","Urban Infrastructure Partner (urbansharing.com)","2026-08-28 00:09:06"
"620","Bislettgata",59.9237744093811,10.734712874574,40,4,36,"NO","Oslo (Oslo Bysykkel)","Urban Infrastructure Partner (urbansharing.com)","2026-08-28 00:09:06"
"596","Idioten",59.9310201321846,10.736036647971,18,9,7,"NO","Oslo (Oslo Bysykkel)","Urban Infrastructure Partner (urbansharing.com)","2026-08-28 00:09:06"
"617","Bjerregaardsgate Øst",59.9271677140136,10.7497545601189,21,13,5,"NO","Oslo (Oslo Bysykkel)","Urban Infrastructure Partner (urbansharing.com)","2026-08-28 00:09:06"
"609","Fred Olsens gate",59.9110975230906,10.7494091912563,27,16,10,"NO","Oslo (Oslo Bysykkel)","Urban Infrastructure Partner (urbansharing.com)","2026-08-28 00:09:06"
"607","Marcus Thranes gate",59.9327722562651,10.7585949199235,30,20,5,"NO","Oslo (Oslo Bysykkel)","Urban Infrastructure Partner (urbansharing.com)","2026-08-28 00:09:06"
"603","Frogner plass",59.9225392,10.7045406,18,16,0,"NO","Oslo (Oslo Bysykkel)","Urban Infrastructure Partner (urbansharing.com)","2026-08-28 00:09:06"
"590","Majorstua skole",59.9294351,10.7136816,40,2,36,"NO","Oslo (Oslo Bysykkel)","Urban Infrastructure Partner (urbansharing.com)","2026-08-28 00:09:06"
"610","Sotahjørnet",59.9099822,10.7914482,20,6,14,"NO","Oslo (Oslo Bysykkel)","Urban Infrastructure Partner (urbansharing.com)","2026-08-28 00:09:06"
"608","Colletts gate",59.9306867986399,10.7462733491492,21,12,7,"NO","Oslo (Oslo Bysykkel)","Urban Infrastructure Partner (urbansharing.com)","2026-08-28 00:09:06"
"593","Bjølsen mølle",59.9392403070359,10.768771317791,30,1,27,"NO","Oslo (Oslo Bysykkel)","Urban Infrastructure Partner (urbansharing.com)","2026-08-28 00:09:06"
"530","Holbergs plass",59.9193095,10.7343051,10,2,7,"NO","Oslo (Oslo Bysykkel)","Urban Infrastructure Partner (urbansharing.com)","2026-08-28 00:09:06"
"463","Schous plass trikkestopp",59.9207284,10.7594857,20,16,2,"NO","Oslo (Oslo Bysykkel)","Urban Infrastructure Partner (urbansharing.com)","2026-08-28 00:09:06"
"475","Hausmanns bru",59.9146509,10.7598719,24,11,13,"NO","Oslo (Oslo Bysykkel)","Urban Infrastructure Partner (urbansharing.com)","2026-08-28 00:09:06"
"439","Mølleparken",59.9283928,10.7559693,25,9,14,"NO","Oslo (Oslo Bysykkel)","Urban Infrastructure Partner (urbansharing.com)","2026-08-28 00:09:06"
"600","Dyvekes bru",59.905323,10.7689579,12,7,4,"NO","Oslo (Oslo Bysykkel)","Urban Infrastructure Partner (urbansharing.com)","2026-08-28 00:09:06"
"440","Lakkegata",59.9172088,10.7622135,18,13,2,"NO","Oslo (Oslo Bysykkel)","Urban Infrastructure Partner (urbansharing.com)","2026-08-28 00:09:06"
"612","Ensjøveien",59.9166219588562,10.7833090558197,19,7,10,"NO","Oslo (Oslo Bysykkel)","Urban Infrastructure Partner (urbansharing.com)","2026-08-28 00:09:06"
"491","Brugata",59.913661094866,10.7572936484621,18,3,15,"NO","Oslo (Oslo Bysykkel)","Urban Infrastructure Partner (urbansharing.com)","2026-08-28 00:09:06"
"493","Sofienbergparken nordvest",59.9243639,10.7615858,30,28,1,"NO","Oslo (Oslo Bysykkel)","Urban Infrastructure Partner (urbansharing.com)","2026-08-28 00:09:06"
"410","Landstads gate",59.929005,10.7496755,27,0,27,"NO","Oslo (Oslo Bysykkel)","Urban Infrastructure Partner (urbansharing.com)","2026-08-28 00:09:06"
"605","Økernveien",59.9170236327194,10.7798800907626,18,4,13,"NO","Oslo (Oslo Bysykkel)","Urban Infrastructure Partner (urbansharing.com)","2026-08-28 00:09:06"
"388","Skovveien",59.9163309,10.716349,18,9,7,"NO","Oslo (Oslo Bysykkel)","Urban Infrastructure Partner (urbansharing.com)","2026-08-28 00:09:06"
"591","Grenseveien",59.9246448786204,10.7817265104507,24,10,14,"NO","Oslo (Oslo Bysykkel)","Urban Infrastructure Partner (urbansharing.com)","2026-08-28 00:09:06"
"592","Badebakken",59.9455809117951,10.76032388158,18,2,16,"NO","Oslo (Oslo Bysykkel)","Urban Infrastructure Partner (urbansharing.com)","2026-08-28 00:09:06"
"585","Nordre gate",59.9211498850709,10.7547140159386,18,16,0,"NO","Oslo (Oslo Bysykkel)","Urban Infrastructure Partner (urbansharing.com)","2026-08-28 00:09:06"
"565","Mailundveien",59.9309181,10.7728203,18,4,13,"NO","Oslo (Oslo Bysykkel)","Urban Infrastructure Partner (urbansharing.com)","2026-08-28 00:09:06"
"571","Over Rådhusgata",59.9101207,10.7407129,21,10,9,"NO","Oslo (Oslo Bysykkel)","Urban Infrastructure Partner (urbansharing.com)","2026-08-28 00:09:06"
"568","Frognerveien",59.9170851,10.7128796,15,8,7,"NO","Oslo (Oslo Bysykkel)","Urban Infrastructure Partner (urbansharing.com)","2026-08-28 00:09:06"
"588","Meltzers gate",59.9180141,10.7184345,21,6,14,"NO","Oslo (Oslo Bysykkel)","Urban Infrastructure Partner (urbansharing.com)","2026-08-28 00:09:06"
"584","Henrik Wergelands allé",59.9268942,10.7207894,35,6,28,"NO","Oslo (Oslo Bysykkel)","Urban Infrastructure Partner (urbansharing.com)","2026-08-28 00:09:06"
"569","Botanisk hage sør-vest",59.9178354878239,10.766373769558,30,9,20,"NO","Oslo (Oslo Bysykkel)","Urban Infrastructure Partner (urbansharing.com)","2026-08-28 00:09:06"
"577","Arkaden Nord",59.9121472,10.7480527,30,7,23,"NO","Oslo (Oslo Bysykkel)","Urban Infrastructure Partner (urbansharing.com)","2026-08-28 00:09:06"
"564","Oscars gate",59.9224222,10.7272388,30,2,25,"NO","Oslo (Oslo Bysykkel)","Urban Infrastructure Partner (urbansharing.com)","2026-08-28 00:09:06"
"570","Frøen T-bane",59.9347352,10.7096985,15,4,11,"NO","Oslo (Oslo Bysykkel)","Urban Infrastructure Partner (urbansharing.com)","2026-08-28 00:09:06"
"572","Skøyen",59.922268508081,10.6795797496681,40,3,36,"NO","Oslo (Oslo Bysykkel)","Urban Infrastructure Partner (urbansharing.com)","2026-08-28 00:09:06"
"587","Riddervoldplass",59.9191421,10.7196414,15,6,8,"NO","Oslo (Oslo Bysykkel)","Urban Infrastructure Partner (urbansharing.com)","2026-08-28 00:09:06"
"586","Københavngata busstopp",59.9294565845173,10.7691214957008,27,23,1,"NO","Oslo (Oslo Bysykkel)","Urban Infrastructure Partner (urbansharing.com)","2026-08-28 00:09:06"
"576","Dronningens gate",59.911392299457,10.7472818295925,18,7,10,"NO","Oslo (Oslo Bysykkel)","Urban Infrastructure Partner (urbansharing.com)","2026-08-28 00:09:06"
"566","Hoff terrasse holdeplass",59.9273502885374,10.6753588781414,24,11,10,"NO","Oslo (Oslo Bysykkel)","Urban Infrastructure Partner (urbansharing.com)","2026-08-28 00:09:06"
"602","Jarlsborgveien",59.9304483674315,10.6757959478554,18,2,15,"NO","Oslo (Oslo Bysykkel)","Urban Infrastructure Partner (urbansharing.com)","2026-08-28 00:09:06"
"575","Sognsveien",59.9474332422567,10.7325697037048,30,2,24,"NO","Oslo (Oslo Bysykkel)","Urban Infrastructure Partner (urbansharing.com)","2026-08-28 00:09:06"
"567","Forskningsveien",59.9454506337026,10.7138679576721,39,0,39,"NO","Oslo (Oslo Bysykkel)","Urban Infrastructure Partner (urbansharing.com)","2026-08-28 00:09:06"
"582","Stavangergata",59.9411476329718,10.7507751202724,30,6,23,"NO","Oslo (Oslo Bysykkel)","Urban Infrastructure Partner (urbansharing.com)","2026-08-28 00:09:06"
"595","Skarpsnoparken",59.914871,10.701037,24,11,12,"NO","Oslo (Oslo Bysykkel)","Urban Infrastructure Partner (urbansharing.com)","2026-08-28 00:09:06"
"542","Grünerhagen Nord",59.9224256,10.7554274,20,14,3,"NO","Oslo (Oslo Bysykkel)","Urban Infrastructure Partner (urbansharing.com)","2026-08-28 00:09:06"
"563","Huitfeldts gate",59.9126844,10.7229003,18,18,0,"NO","Oslo (Oslo Bysykkel)","Urban Infrastructure Partner (urbansharing.com)","2026-08-28 00:09:06"
"558","Dokkveien",59.910974,10.7277001,15,5,9,"NO","Oslo (Oslo Bysykkel)","Urban Infrastructure Partner (urbansharing.com)","2026-08-28 00:09:06"
"552","Trelastgata",59.90792335395,10.7626649180942,18,0,18,"NO","Oslo (Oslo Bysykkel)","Urban Infrastructure Partner (urbansharing.com)","2026-08-28 00:09:06"
"555","Griffenfeldts gate",59.9337026,10.7519299,15,7,4,"NO","Oslo (Oslo Bysykkel)","Urban Infrastructure Partner (urbansharing.com)","2026-08-28 00:09:06"
"573","Tordenskiolds gate",59.9117762992093,10.7351130058802,24,5,19,"NO","Oslo (Oslo Bysykkel)","Urban Infrastructure Partner (urbansharing.com)","2026-08-28 00:09:06"
"561","Kirkeveien",59.9334798933469,10.7262943941311,24,0,22,"NO","Oslo (Oslo Bysykkel)","Urban Infrastructure Partner (urbansharing.com)","2026-08-28 00:09:06"
"615","Munkedamsveien",59.9135227,10.7301061,21,13,7,"NO","Oslo (Oslo Bysykkel)","Urban Infrastructure Partner (urbansharing.com)","2026-08-28 00:09:06"
"543","Fyrstikktorget",59.9138158756469,10.7980933601189,20,2,15,"NO","Oslo (Oslo Bysykkel)","Urban Infrastructure Partner (urbansharing.com)","2026-08-28 00:09:06"
"554","Tåsen Senter",59.9526158069731,10.7512244447253,21,0,18,"NO","Oslo (Oslo Bysykkel)","Urban Infrastructure Partner (urbansharing.com)","2026-08-28 00:09:06"
"574","Annette Thommessens Plass",59.9107393,10.7609998,12,4,8,"NO","Oslo (Oslo Bysykkel)","Urban Infrastructure Partner (urbansharing.com)","2026-08-28 00:09:06"
"560","Gaustad T-bane",59.9459587368686,10.7104318614318,9,0,9,"NO","Oslo (Oslo Bysykkel)","Urban Infrastructure Partner (urbansharing.com)","2026-08-28 00:09:06"
"548","Colbjørnsens gate",59.9173188853472,10.7169090399183,18,3,15,"NO","Oslo (Oslo Bysykkel)","Urban Infrastructure Partner (urbansharing.com)","2026-08-28 00:09:06"
"559","Hoffsveien",59.9238488076723,10.6760388469364,18,8,10,"NO","Oslo (Oslo Bysykkel)","Urban Infrastructure Partner (urbansharing.com)","2026-08-28 00:09:06"
"545","Arkaden Sør",59.9118895593454,10.7477745691354,39,8,30,"NO","Oslo (Oslo Bysykkel)","Urban Infrastructure Partner (urbansharing.com)","2026-08-28 00:09:06"
"550","Thereses gate",59.9261462,10.7310355,9,2,7,"NO","Oslo (Oslo Bysykkel)","Urban Infrastructure Partner (urbansharing.com)","2026-08-28 00:09:06"
"541","Langkaia",59.9080552,10.7479977,12,5,6,"NO","Oslo (Oslo Bysykkel)","Urban Infrastructure Partner (urbansharing.com)","2026-08-28 00:09:06"
"527","Biskop Gunnerus' gate",59.9123341,10.752292,12,8,3,"NO","Oslo (Oslo Bysykkel)","Urban Infrastructure Partner (urbansharing.com)","2026-08-28 00:09:06"
"529","Friggfeltet",59.9327726,10.7114661,21,0,20,"NO","Oslo (Oslo Bysykkel)","Urban Infrastructure Partner (urbansharing.com)","2026-08-28 00:09:06"
"526","Lille Grensen",59.9138973,10.7423101,15,0,14,"NO","Oslo (Oslo Bysykkel)","Urban Infrastructure Partner (urbansharing.com)","2026-08-28 00:09:06"
"537","St. Olavs gate",59.9178087426916,10.7386640520596,20,6,13,"NO","Oslo (Oslo Bysykkel)","Urban Infrastructure Partner (urbansharing.com)","2026-08-28 00:09:06"
"547","Skippergata",59.9112227,10.7481976,30,2,27,"NO","Oslo (Oslo Bysykkel)","Urban Infrastructure Partner (urbansharing.com)","2026-08-28 00:09:06"
"601","Rolf Wickstrøms vei",59.9534114,10.7577241,20,2,17,"NO","Oslo (Oslo Bysykkel)","Urban Infrastructure Partner (urbansharing.com)","2026-08-28 00:09:06"
"533","Sørvest for Slottsparken",59.915262,10.7253157,12,1,11,"NO","Oslo (Oslo Bysykkel)","Urban Infrastructure Partner (urbansharing.com)","2026-08-28 00:09:06"
"535","Uranienborgveien",59.9200421,10.726634,27,0,26,"NO","Oslo (Oslo Bysykkel)","Urban Infrastructure Partner (urbansharing.com)","2026-08-28 00:09:06"
"524","Volvat",59.9330627770396,10.7039612051301,21,5,15,"NO","Oslo (Oslo Bysykkel)","Urban Infrastructure Partner (urbansharing.com)","2026-08-28 00:09:06"
"519","Thomas Heftyes plass",59.9185781433368,10.7038995300594,24,14,10,"NO","Oslo (Oslo Bysykkel)","Urban Infrastructure Partner (urbansharing.com)","2026-08-28 00:09:06"
"534","Filipstadveien",59.9102270881035,10.7209716309156,39,8,31,"NO","Oslo (Oslo Bysykkel)","Urban Infrastructure Partner (urbansharing.com)","2026-08-28 00:09:06"
"521","Jess Carlsens gate",59.9186359,10.7523939,15,6,9,"NO","Oslo (Oslo Bysykkel)","Urban Infrastructure Partner (urbansharing.com)","2026-08-28 00:09:06"
"518","Schwensens gate",59.9248147075653,10.7393558108523,18,2,16,"NO","Oslo (Oslo Bysykkel)","Urban Infrastructure Partner (urbansharing.com)","2026-08-28 00:09:06"
"556","Pilestredet",59.9262242,10.7296246,18,2,14,"NO","Oslo (Oslo Bysykkel)","Urban Infrastructure Partner (urbansharing.com)","2026-08-28 00:09:06"
"525","Myraløkka Øst",59.937205,10.7605813,15,3,11,"NO","Oslo (Oslo Bysykkel)","Urban Infrastructure Partner (urbansharing.com)","2026-08-28 00:09:06"
"517","Tåsenløkka",59.9433939,10.7482848,18,1,13,"NO","Oslo (Oslo Bysykkel)","Urban Infrastructure Partner (urbansharing.com)","2026-08-28 00:09:06"
"523","Tøyenbekken",59.9115945,10.7617736,30,13,15,"NO","Oslo (Oslo Bysykkel)","Urban Infrastructure Partner (urbansharing.com)","2026-08-28 00:09:06"
"522","Mandalls gate",59.9123469,10.7638147,10,8,2,"NO","Oslo (Oslo Bysykkel)","Urban Infrastructure Partner (urbansharing.com)","2026-08-28 00:09:06"
"594","Kampen park Øst",59.915182,10.782129,21,19,0,"NO","Oslo (Oslo Bysykkel)","Urban Infrastructure Partner (urbansharing.com)","2026-08-28 00:09:06"
"532","Brynseng T-bane",59.9091842086581,10.8143143349877,21,1,19,"NO","Oslo (Oslo Bysykkel)","Urban Infrastructure Partner (urbansharing.com)","2026-08-28 00:09:06"
"509","Kjeld Stubs gate",59.912711,10.735595,12,2,10,"NO","Oslo (Oslo Bysykkel)","Urban Infrastructure Partner (urbansharing.com)","2026-08-28 00:09:06"
"531","Monolittveien",59.9358679373503,10.6811283497239,18,4,13,"NO","Oslo (Oslo Bysykkel)","Urban Infrastructure Partner (urbansharing.com)","2026-08-28 00:09:06"
"536","Diakonhjemmet",59.9363020373107,10.7054493110574,10,1,9,"NO","Oslo (Oslo Bysykkel)","Urban Infrastructure Partner (urbansharing.com)","2026-08-28 00:09:06"
"562","Slottsparken Øst",59.917485,10.732128,40,10,25,"NO","Oslo (Oslo Bysykkel)","Urban Infrastructure Partner (urbansharing.com)","2026-08-28 00:09:06"
"511","Henrik Ibsens gate",59.915088,10.7222803,24,1,22,"NO","Oslo (Oslo Bysykkel)","Urban Infrastructure Partner (urbansharing.com)","2026-08-28 00:09:06"
"505","Marienlystparken",59.9320952531003,10.7233649165394,24,0,22,"NO","Oslo (Oslo Bysykkel)","Urban Infrastructure Partner (urbansharing.com)","2026-08-28 00:09:06"
"501","Krebs' gate",59.935995,10.765413,18,0,18,"NO","Oslo (Oslo Bysykkel)","Urban Infrastructure Partner (urbansharing.com)","2026-08-28 00:09:06"
"514","Sofienberggata",59.9212063,10.7699892,12,5,6,"NO","Oslo (Oslo Bysykkel)","Urban Infrastructure Partner (urbansharing.com)","2026-08-28 00:09:06"
"500","Anker Hotel",59.9172794,10.7581553,18,13,3,"NO","Oslo (Oslo Bysykkel)","Urban Infrastructure Partner (urbansharing.com)","2026-08-28 00:09:06"
"503","Fagerheimgata",59.9276058683772,10.7659846988113,33,17,13,"NO","Oslo (Oslo Bysykkel)","Urban Infrastructure Partner (urbansharing.com)","2026-08-28 00:09:06"
"513","Bøkkerveien",59.9273747,10.7960147,15,2,12,"NO","Oslo (Oslo Bysykkel)","Urban Infrastructure Partner (urbansharing.com)","2026-08-28 00:09:06"
"498","HasleLinje",59.927601526969,10.7992032081768,12,0,11,"NO","Oslo (Oslo Bysykkel)","Urban Infrastructure Partner (urbansharing.com)","2026-08-28 00:09:06"
"507","Jens Bjelkes Gate",59.9191474302435,10.7641295841601,20,17,2,"NO","Oslo (Oslo Bysykkel)","Urban Infrastructure Partner (urbansharing.com)","2026-08-28 00:09:06"
"512","Ensjø T-bane",59.9131891,10.7897605,30,15,15,"NO","Oslo (Oslo Bysykkel)","Urban Infrastructure Partner (urbansharing.com)","2026-08-28 00:09:06"
"619","Bak Niels Treschows hus nord",59.9427802485426,10.722993731144,42,21,21,"NO","Oslo (Oslo Bysykkel)","Urban Infrastructure Partner (urbansharing.com)","2026-08-28 00:09:06"
"474","Blindern studentparkering",59.9408737335437,10.7207788515205,42,1,41,"NO","Oslo (Oslo Bysykkel)","Urban Infrastructure Partner (urbansharing.com)","2026-08-28 00:09:06"
"580","Georg Morgenstiernes hus",59.9390255513958,10.7230026196434,45,1,39,"NO","Oslo (Oslo Bysykkel)","Urban Infrastructure Partner (urbansharing.com)","2026-08-28 00:09:06"
"496","Fysikkbygningen",59.937957367052,10.7194885294304,45,0,42,"NO","Oslo (Oslo Bysykkel)","Urban Infrastructure Partner (urbansharing.com)","2026-08-28 00:09:06"
"482","Nydalen",59.952868,10.766483,18,4,13,"NO","Oslo (Oslo Bysykkel)","Urban Infrastructure Partner (urbansharing.com)","2026-08-28 00:09:06"
"407","Sagene bussholdeplass",59.937743,10.751648,15,2,9,"NO","Oslo (Oslo Bysykkel)","Urban Infrastructure Partner (urbansharing.com)","2026-08-28 00:09:06"
"409","John Colletts plass",59.940398,10.730036,25,0,23,"NO","Oslo (Oslo Bysykkel)","Urban Infrastructure Partner (urbansharing.com)","2026-08-28 00:09:06"
"451","Suhms gate",59.929419,10.726195,21,15,5,"NO","Oslo (Oslo Bysykkel)","Urban Infrastructure Partner (urbansharing.com)","2026-08-28 00:09:06"
"402","Lørenveien",59.9308771251046,10.791823716035,21,3,16,"NO","Oslo (Oslo Bysykkel)","Urban Infrastructure Partner (urbansharing.com)","2026-08-28 00:09:06"
"516","Finnmarksgata",59.922839,10.775658,15,7,8,"NO","Oslo (Oslo Bysykkel)","Urban Infrastructure Partner (urbansharing.com)","2026-08-28 00:09:06"
"625","Spikersuppa Øst",59.91336,10.737663,42,21,21,"NO","Oslo (Oslo Bysykkel)","Urban Infrastructure Partner (urbansharing.com)","2026-08-28 00:09:06"
"429","Thune",59.92208,10.68588,21,2,19,"NO","Oslo (Oslo Bysykkel)","Urban Infrastructure Partner (urbansharing.com)","2026-08-28 00:09:06"
"380","Bentsebrugata",59.93923,10.75917,24,5,17,"NO","Oslo (Oslo Bysykkel)","Urban Infrastructure Partner (urbansharing.com)","2026-08-28 00:09:06"
"583","Galgeberg",59.9070757923482,10.7791644024467,18,15,2,"NO","Oslo (Oslo Bysykkel)","Urban Infrastructure Partner (urbansharing.com)","2026-08-28 00:09:06"
"398","Ringnes Park",59.9284340441758,10.7594301463312,18,6,11,"NO","Oslo (Oslo Bysykkel)","Urban Infrastructure Partner (urbansharing.com)","2026-08-28 00:09:06"
"381","Grønlands torg",59.91252,10.76224,15,12,2,"NO","Oslo (Oslo Bysykkel)","Urban Infrastructure Partner (urbansharing.com)","2026-08-28 00:09:06"
"464","Sukkerbiten",59.9051667124711,10.7537827280704,44,4,40,"NO","Oslo (Oslo Bysykkel)","Urban Infrastructure Partner (urbansharing.com)","2026-08-28 00:09:06"
"442","Vulkan",59.92251,10.75101,18,11,6,"NO","Oslo (Oslo Bysykkel)","Urban Infrastructure Partner (urbansharing.com)","2026-08-28 00:09:06"
"483","Hausmanns gate",59.915451,10.758328,21,7,13,"NO","Oslo (Oslo Bysykkel)","Urban Infrastructure Partner (urbansharing.com)","2026-08-28 00:09:06"
"458","Jenny Braatens Plass",59.928349,10.77837,15,7,8,"NO","Oslo (Oslo Bysykkel)","Urban Infrastructure Partner (urbansharing.com)","2026-08-28 00:09:06"
"499","Bjerregaards gate",59.925488,10.746058,21,14,4,"NO","Oslo (Oslo Bysykkel)","Urban Infrastructure Partner (urbansharing.com)","2026-08-28 00:09:06"
"472","Arendalsgata",59.9378,10.7541,24,4,17,"NO","Oslo (Oslo Bysykkel)","Urban Infrastructure Partner (urbansharing.com)","2026-08-28 00:09:06"
"506","Botanisk Hage vest",59.9201281180405,10.7688754085636,27,19,8,"NO","Oslo (Oslo Bysykkel)","Urban Infrastructure Partner (urbansharing.com)","2026-08-28 00:09:06"
"465","Bjørvika",59.909006,10.75618,30,0,30,"NO","Oslo (Oslo Bysykkel)","Urban Infrastructure Partner (urbansharing.com)","2026-08-28 00:09:06"
"611","Bankplassen",59.908454,10.741869,39,8,30,"NO","Oslo (Oslo Bysykkel)","Urban Infrastructure Partner (urbansharing.com)","2026-08-28 00:09:06"
"404","Oslo Handelsgymnasium",59.914306,10.720202,27,16,11,"NO","Oslo (Oslo Bysykkel)","Urban Infrastructure Partner (urbansharing.com)","2026-08-28 00:09:06"
"579","Bogstadveien",59.924732,10.724628,18,7,8,"NO","Oslo (Oslo Bysykkel)","Urban Infrastructure Partner (urbansharing.com)","2026-08-28 00:09:06"
"589","Huk 1",59.8985133511229,10.6744091498528,27,12,14,"NO","Oslo (Oslo Bysykkel)","Urban Infrastructure Partner (urbansharing.com)","2026-08-28 00:09:06"
"434","Lindern",59.9358883,10.7350062,21,0,17,"NO","Oslo (Oslo Bysykkel)","Urban Infrastructure Partner (urbansharing.com)","2026-08-28 00:09:06"
"462","Stensparken",59.92714,10.730981,15,7,7,"NO","Oslo (Oslo Bysykkel)","Urban Infrastructure Partner (urbansharing.com)","2026-08-28 00:09:06"
"578","Hallings gate",59.922777,10.738655,24,3,21,"NO","Oslo (Oslo Bysykkel)","Urban Infrastructure Partner (urbansharing.com)","2026-08-28 00:09:06"
"415","Sinsenveien",59.929542,10.781053,12,7,5,"NO","Oslo (Oslo Bysykkel)","Urban Infrastructure Partner (urbansharing.com)","2026-08-28 00:09:06"
"423","Schous plass",59.920335,10.760804,20,18,0,"NO","Oslo (Oslo Bysykkel)","Urban Infrastructure Partner (urbansharing.com)","2026-08-28 00:09:06"
"412","Jakob kirke",59.917866,10.754898,9,1,4,"NO","Oslo (Oslo Bysykkel)","Urban Infrastructure Partner (urbansharing.com)","2026-08-28 00:09:06"
"387","Studenterlunden",59.914586,10.735453,15,3,10,"NO","Oslo (Oslo Bysykkel)","Urban Infrastructure Partner (urbansharing.com)","2026-08-28 00:09:06"
"441","Vippetangen øst",59.903989,10.741077,15,0,15,"NO","Oslo (Oslo Bysykkel)","Urban Infrastructure Partner (urbansharing.com)","2026-08-28 00:09:06"
"454","Furulund",59.9198098,10.651118,24,10,14,"NO","Oslo (Oslo Bysykkel)","Urban Infrastructure Partner (urbansharing.com)","2026-08-28 00:09:06"
"436","Vestkanttorvet",59.9244031,10.7130691,15,12,2,"NO","Oslo (Oslo Bysykkel)","Urban Infrastructure Partner (urbansharing.com)","2026-08-28 00:09:06"
"394","Bjølsen Studentby",59.9437775393672,10.760121127578,21,7,13,"NO","Oslo (Oslo Bysykkel)","Urban Infrastructure Partner (urbansharing.com)","2026-08-28 00:09:06"
"497","Sirkustomta",59.919252,10.774712,27,3,23,"NO","Oslo (Oslo Bysykkel)","Urban Infrastructure Partner (urbansharing.com)","2026-08-28 00:09:06"
"581","Jordalgata",59.908227,10.781088,24,5,18,"NO","Oslo (Oslo Bysykkel)","Urban Infrastructure Partner (urbansharing.com)","2026-08-28 00:09:06"
"461","Vålerenga",59.908576,10.786856,21,4,14,"NO","Oslo (Oslo Bysykkel)","Urban Infrastructure Partner (urbansharing.com)","2026-08-28 00:09:06"
"599","Paléhaven",59.9103199109435,10.7499929463244,48,14,34,"NO","Oslo (Oslo Bysykkel)","Urban Infrastructure Partner (urbansharing.com)","2026-08-28 00:09:06"
"428","Olav Kyrres plass",59.9193337,10.6968953,24,10,13,"NO","Oslo (Oslo Bysykkel)","Urban Infrastructure Partner (urbansharing.com)","2026-08-28 00:09:06"
"400","OsloMet",59.919927,10.735428,25,0,22,"NO","Oslo (Oslo Bysykkel)","Urban Infrastructure Partner (urbansharing.com)","2026-08-28 00:09:06"
"487","Carl Berners plass nord",59.926929,10.776971,21,12,8,"NO","Oslo (Oslo Bysykkel)","Urban Infrastructure Partner (urbansharing.com)","2026-08-28 00:09:06"
"438","BI Nydalen",59.949239,10.768576,42,8,34,"NO","Oslo (Oslo Bysykkel)","Urban Infrastructure Partner (urbansharing.com)","2026-08-28 00:09:06"
"459","Valkyrieplassen",59.9281319,10.71842,12,0,11,"NO","Oslo (Oslo Bysykkel)","Urban Infrastructure Partner (urbansharing.com)","2026-08-28 00:09:06"
"433","Ila",59.931828,10.748745,18,16,1,"NO","Oslo (Oslo Bysykkel)","Urban Infrastructure Partner (urbansharing.com)","2026-08-28 00:09:06"
"399","Uelands gate",59.929545,10.7489862,36,33,1,"NO","Oslo (Oslo Bysykkel)","Urban Infrastructure Partner (urbansharing.com)","2026-08-28 00:09:06"
"489","Torggata",59.9159830927452,10.7515511907609,30,2,25,"NO","Oslo (Oslo Bysykkel)","Urban Infrastructure Partner (urbansharing.com)","2026-08-28 00:09:06"
"742","Hasle",59.924342,10.79285,30,18,9,"NO","Oslo (Oslo Bysykkel)","Urban Infrastructure Partner (urbansharing.com)","2026-08-28 00:09:06"
"551","Olaf Ryes plass",59.922425,10.758182,35,19,15,"NO","Oslo (Oslo Bysykkel)","Urban Infrastructure Partner (urbansharing.com)","2026-08-28 00:09:06"
"406","Carl Berners plass sør",59.92507,10.775996,12,8,3,"NO","Oslo (Oslo Bysykkel)","Urban Infrastructure Partner (urbansharing.com)","2026-08-28 00:09:06"
"488","Torshovparken vest",59.93507,10.76915,24,17,6,"NO","Oslo (Oslo Bysykkel)","Urban Infrastructure Partner (urbansharing.com)","2026-08-28 00:09:06"
"540","Lilleborgbanen",59.9336315907429,10.7691181398811,36,19,17,"NO","Oslo (Oslo Bysykkel)","Urban Infrastructure Partner (urbansharing.com)","2026-08-28 00:09:06"
"431","Chr. Michelsens Gate",59.927292,10.773185,20,6,12,"NO","Oslo (Oslo Bysykkel)","Urban Infrastructure Partner (urbansharing.com)","2026-08-28 00:09:06"
"393","Hans Nielsen Hauges plass",59.939244,10.774319,21,7,14,"NO","Oslo (Oslo Bysykkel)","Urban Infrastructure Partner (urbansharing.com)","2026-08-28 00:09:06"
"420","Bjølsendumpa",59.9403292518183,10.7661366674938,21,15,5,"NO","Oslo (Oslo Bysykkel)","Urban Infrastructure Partner (urbansharing.com)","2026-08-28 00:09:06"
"397","Storo Storsenter",59.9467104475439,10.7738052858791,36,16,17,"NO","Oslo (Oslo Bysykkel)","Urban Infrastructure Partner (urbansharing.com)","2026-08-28 00:09:06"
"390","Saga Kino",59.9142402679465,10.7327713547197,30,3,26,"NO","Oslo (Oslo Bysykkel)","Urban Infrastructure Partner (urbansharing.com)","2026-08-28 00:09:06"
"449","Ruseløkkgården",59.9135749709209,10.7262297423333,24,9,14,"NO","Oslo (Oslo Bysykkel)","Urban Infrastructure Partner (urbansharing.com)","2026-08-28 00:09:06"
"430","Spikersuppa Vest",59.9137200713007,10.7358866458534,42,12,30,"NO","Oslo (Oslo Bysykkel)","Urban Infrastructure Partner (urbansharing.com)","2026-08-28 00:09:06"
"484","Karenslyst allé",59.92033,10.683814,35,16,18,"NO","Oslo (Oslo Bysykkel)","Urban Infrastructure Partner (urbansharing.com)","2026-08-28 00:09:06"
"479","Tjuvholmen",59.909467,10.722509,30,8,20,"NO","Oslo (Oslo Bysykkel)","Urban Infrastructure Partner (urbansharing.com)","2026-08-28 00:09:06"
"403","Parkveien",59.921768,10.730476,15,0,15,"NO","Oslo (Oslo Bysykkel)","Urban Infrastructure Partner (urbansharing.com)","2026-08-28 00:09:06"
"435","Fram-gården",59.915424,10.714577,30,1,28,"NO","Oslo (Oslo Bysykkel)","Urban Infrastructure Partner (urbansharing.com)","2026-08-28 00:09:06"
"426","Gimle Kino",59.9172807829268,10.7083757987674,21,12,8,"NO","Oslo (Oslo Bysykkel)","Urban Infrastructure Partner (urbansharing.com)","2026-08-28 00:09:06"
"450","Elisenberg",59.919524,10.70884,15,7,6,"NO","Oslo (Oslo Bysykkel)","Urban Infrastructure Partner (urbansharing.com)","2026-08-28 00:09:06"
"456","Frognerstranda",59.9103558,10.7051061,35,9,24,"NO","Oslo (Oslo Bysykkel)","Urban Infrastructure Partner (urbansharing.com)","2026-08-28 00:09:06"
"468","Skillebekk",59.9127934054554,10.7101030285703,15,12,0,"NO","Oslo (Oslo Bysykkel)","Urban Infrastructure Partner (urbansharing.com)","2026-08-28 00:09:06"
"453","Frogner Stadion",59.9275376468269,10.7102628032613,36,18,16,"NO","Oslo (Oslo Bysykkel)","Urban Infrastructure Partner (urbansharing.com)","2026-08-28 00:09:06"
"466","Ullevålsalléen",59.937913,10.73048,15,0,13,"NO","Oslo (Oslo Bysykkel)","Urban Infrastructure Partner (urbansharing.com)","2026-08-28 00:09:06"
"469","Studentparlamentet",59.920852,10.733357,30,0,27,"NO","Oslo (Oslo Bysykkel)","Urban Infrastructure Partner (urbansharing.com)","2026-08-28 00:09:06"
"416","Tannlegehøyskolen",59.932383,10.741475,15,7,7,"NO","Oslo (Oslo Bysykkel)","Urban Infrastructure Partner (urbansharing.com)","2026-08-28 00:09:06"
"391","Colletts gate 31",59.9268354800041,10.7383521136537,15,2,11,"NO","Oslo (Oslo Bysykkel)","Urban Infrastructure Partner (urbansharing.com)","2026-08-28 00:09:06"
"389","Pilestredet Studenthus",59.9205528,10.7342854,18,3,14,"NO","Oslo (Oslo Bysykkel)","Urban Infrastructure Partner (urbansharing.com)","2026-08-28 00:09:06"
"470","St. Hanshaugen park nord",59.929811282136,10.7435875941307,15,5,9,"NO","Oslo (Oslo Bysykkel)","Urban Infrastructure Partner (urbansharing.com)","2026-08-28 00:09:06"
"384","Vår Frelsers gravlund",59.9194404398485,10.7437646218726,18,8,8,"NO","Oslo (Oslo Bysykkel)","Urban Infrastructure Partner (urbansharing.com)","2026-08-28 00:09:06"
"425","Adamstuen",59.932792,10.734457,8,0,8,"NO","Oslo (Oslo Bysykkel)","Urban Infrastructure Partner (urbansharing.com)","2026-08-28 00:09:06"
"411","Hasle Torg",59.9232400421555,10.7928314380287,12,4,7,"NO","Oslo (Oslo Bysykkel)","Urban Infrastructure Partner (urbansharing.com)","2026-08-28 00:09:06"
"598","Sofienbergparken nord",59.923229,10.766171,33,24,7,"NO","Oslo (Oslo Bysykkel)","Urban Infrastructure Partner (urbansharing.com)","2026-08-28 00:09:06"
"444","AHO",59.925265,10.750462,20,19,1,"NO","Oslo (Oslo Bysykkel)","Urban Infrastructure Partner (urbansharing.com)","2026-08-28 00:09:06"
"447","Kværnerbyen",59.904473,10.786167,30,29,0,"NO","Oslo (Oslo Bysykkel)","Urban Infrastructure Partner (urbansharing.com)","2026-08-28 00:09:06"
"408","Tøyen skole",59.914943,10.773977,15,11,3,"NO","Oslo (Oslo Bysykkel)","Urban Infrastructure Partner (urbansharing.com)","2026-08-28 00:09:06"
"737","Munkegata",59.908255,10.7678,24,24,0,"NO","Oslo (Oslo Bysykkel)","Urban Infrastructure Partner (urbansharing.com)","2026-08-28 00:09:06"
"432","St. Hanshaugen park sør",59.924821,10.739909,12,4,8,"NO","Oslo (Oslo Bysykkel)","Urban Infrastructure Partner (urbansharing.com)","2026-08-28 00:09:06"
"401","Lille Schous plass",59.920259,10.760629,6,6,0,"NO","Oslo (Oslo Bysykkel)","Urban Infrastructure Partner (urbansharing.com)","2026-08-28 00:09:06"
"452","Vippetangen vest",59.903989,10.740627,30,1,29,"NO","Oslo (Oslo Bysykkel)","Urban Infrastructure Partner (urbansharing.com)","2026-08-28 00:09:06"
"392","Sjøsiden",59.9101808526335,10.7516987509956,10,6,3,"NO","Oslo (Oslo Bysykkel)","Urban Infrastructure Partner (urbansharing.com)","2026-08-28 00:09:06"
"481","Rådhusgata",59.910924,10.736215,42,27,14,"NO","Oslo (Oslo Bysykkel)","Urban Infrastructure Partner (urbansharing.com)","2026-08-28 00:09:06"
"495","Vaterlandsparken",59.9135155285415,10.7573346705523,41,0,40,"NO","Oslo (Oslo Bysykkel)","Urban Infrastructure Partner (urbansharing.com)","2026-08-28 00:09:06"
"478","Jernbanetorget",59.9118816634866,10.7499625446943,15,0,13,"NO","Oslo (Oslo Bysykkel)","Urban Infrastructure Partner (urbansharing.com)","2026-08-28 00:09:06"
"414","Kontraskjæret",59.910242,10.73857,12,2,9,"NO","Oslo (Oslo Bysykkel)","Urban Infrastructure Partner (urbansharing.com)","2026-08-28 00:09:06"
"476","Edvard Storms gate",59.919111,10.736179,20,0,19,"NO","Oslo (Oslo Bysykkel)","Urban Infrastructure Partner (urbansharing.com)","2026-08-28 00:09:06"
"445","Sjølyst",59.921673,10.67666,18,17,1,"NO","Oslo (Oslo Bysykkel)","Urban Infrastructure Partner (urbansharing.com)","2026-08-28 00:09:06"
"748","Hydroparken",59.914145,10.715505,30,14,14,"NO","Oslo (Oslo Bysykkel)","Urban Infrastructure Partner (urbansharing.com)","2026-08-28 00:09:06"
"473","Majorstuveien",59.926697,10.716195,9,6,0,"NO","Oslo (Oslo Bysykkel)","Urban Infrastructure Partner (urbansharing.com)","2026-08-28 00:09:06"
"383","Arkitekt Rivertz Plass",59.934936,10.749466,30,2,23,"NO","Oslo (Oslo Bysykkel)","Urban Infrastructure Partner (urbansharing.com)","2026-08-28 00:09:06"
"480","Helga Helgesens plass",59.9121109,10.7661939,25,24,0,"NO","Oslo (Oslo Bysykkel)","Urban Infrastructure Partner (urbansharing.com)","2026-08-28 00:09:06"
"421","Alexander Kiellands Plass",59.9280667061568,10.7512026368196,24,21,1,"NO","Oslo (Oslo Bysykkel)","Urban Infrastructure Partner (urbansharing.com)","2026-08-28 00:09:06"
"746","Bygdøy allé",59.919001,10.692321,12,1,10,"NO","Oslo (Oslo Bysykkel)","Urban Infrastructure Partner (urbansharing.com)","2026-08-28 00:09:06"
"417","Uranienborgparken",59.922485,10.720896,15,1,12,"NO","Oslo (Oslo Bysykkel)","Urban Infrastructure Partner (urbansharing.com)","2026-08-28 00:09:06"
"427","Briskeby",59.920218,10.717978,15,9,5,"NO","Oslo (Oslo Bysykkel)","Urban Infrastructure Partner (urbansharing.com)","2026-08-28 00:09:06"
"395","Frogner Tennisklubb",59.9261831,10.7098327,15,10,5,"NO","Oslo (Oslo Bysykkel)","Urban Infrastructure Partner (urbansharing.com)","2026-08-28 00:09:06"
"418","Norsk Folkemuseum",59.9076983512052,10.6868053811683,27,7,19,"NO","Oslo (Oslo Bysykkel)","Urban Infrastructure Partner (urbansharing.com)","2026-08-28 00:09:06"
"413","Majorstuen",59.929045,10.716926,18,0,12,"NO","Oslo (Oslo Bysykkel)","Urban Infrastructure Partner (urbansharing.com)","2026-08-28 00:09:06"
"486","Blindern Studenthus",59.9352204077003,10.72647662225,24,1,20,"NO","Oslo (Oslo Bysykkel)","Urban Infrastructure Partner (urbansharing.com)","2026-08-28 00:09:06"
"597","Fredensborg",59.920995,10.750358,15,11,4,"NO","Oslo (Oslo Bysykkel)","Urban Infrastructure Partner (urbansharing.com)","2026-08-28 00:09:06"
"422","St. Hanshaugen",59.923703,10.740542,12,6,6,"NO","Oslo (Oslo Bysykkel)","Urban Infrastructure Partner (urbansharing.com)","2026-08-28 00:09:06"
"382","Stensgata",59.92958561754,10.732839,9,9,0,"NO","Oslo (Oslo Bysykkel)","Urban Infrastructure Partner (urbansharing.com)","2026-08-28 00:09:06"
"396","Kirkeristen",59.9130003597329,10.7467605859823,24,3,19,"NO","Oslo (Oslo Bysykkel)","Urban Infrastructure Partner (urbansharing.com)","2026-08-28 00:09:06"
"735","Oslo Hospital",59.9032125473258,10.7673442932541,15,14,0,"NO","Oslo (Oslo Bysykkel)","Urban Infrastructure Partner (urbansharing.com)","2026-08-28 00:09:06"
"437","Sentrum Scene",59.9154678656426,10.7511408730163,24,0,24,"NO","Oslo (Oslo Bysykkel)","Urban Infrastructure Partner (urbansharing.com)","2026-08-28 00:09:06"
"446","Bislett Stadion",59.92547131705,10.7312193221381,24,15,7,"NO","Oslo (Oslo Bysykkel)","Urban Infrastructure Partner (urbansharing.com)","2026-08-28 00:09:06"
"424","Birkelunden",59.9256113,10.760926,10,5,4,"NO","Oslo (Oslo Bysykkel)","Urban Infrastructure Partner (urbansharing.com)","2026-08-28 00:09:06"
"455","Sofienbergparken sør",59.922337,10.7617503,12,11,0,"NO","Oslo (Oslo Bysykkel)","Urban Infrastructure Partner (urbansharing.com)","2026-08-28 00:09:06"
"457","Trondheimsveien",59.9230577,10.7717192,10,6,4,"NO","Oslo (Oslo Bysykkel)","Urban Infrastructure Partner (urbansharing.com)","2026-08-28 00:09:06"
"377","Tøyenparken",59.915667,10.7775665,29,17,11,"NO","Oslo (Oslo Bysykkel)","Urban Infrastructure Partner (urbansharing.com)","2026-08-28 00:09:06"
"738","Lodalen busstopp",59.9034528,10.777958,12,10,2,"NO","Oslo (Oslo Bysykkel)","Urban Infrastructure Partner (urbansharing.com)","2026-08-28 00:09:06"
"460","Botanisk Hage sør",59.9154176980244,10.7693302214264,29,10,17,"NO","Oslo (Oslo Bysykkel)","Urban Infrastructure Partner (urbansharing.com)","2026-08-28 00:09:06"
"744","Hallénparken",59.9315302,10.762169,10,8,1,"NO","Oslo (Oslo Bysykkel)","Urban Infrastructure Partner (urbansharing.com)","2026-08-28 00:09:06"
"485","Sommerfrydhagen",59.911453,10.776072,21,15,6,"NO","Oslo (Oslo Bysykkel)","Urban Infrastructure Partner (urbansharing.com)","2026-08-28 00:09:06"
"1406","2 - Metro Callao",40.4204,-3.70569,47,2,23,"ES","Madrid (BiciMAD)","PBSC (publicbikesystem.net)","2026-08-28 00:09:06"
"1407","3 - Plaza Conde Suchil",40.4303223,-3.7072537,39,7,11,"ES","Madrid (BiciMAD)","PBSC (publicbikesystem.net)","2026-08-28 00:09:06"
"1408","4 - Malasaña",40.4286259,-3.7025,47,0,24,"ES","Madrid (BiciMAD)","PBSC (publicbikesystem.net)","2026-08-28 00:09:06"
"1409","5 - Fuencarral",40.4285212,-3.7021354,47,1,23,"ES","Madrid (BiciMAD)","PBSC (publicbikesystem.net)","2026-08-28 00:09:06"
"1410","6 - Colegio de Arquitectos",40.423178,-3.699023,39,0,19,"ES","Madrid (BiciMAD)","PBSC (publicbikesystem.net)","2026-08-28 00:09:06"
"1411","7 - Hortaleza, 75",40.4251906,-3.6977715,39,2,16,"ES","Madrid (BiciMAD)","PBSC (publicbikesystem.net)","2026-08-28 00:09:06"
"1412","8 - Metro Alonso Martínez",40.4278682,-3.6954403,44,0,23,"ES","Madrid (BiciMAD)","PBSC (publicbikesystem.net)","2026-08-28 00:09:06"
"1413","9 - Plaza de San Miguel",40.4156057,-3.7095084,44,18,3,"ES","Madrid (BiciMAD)","PBSC (publicbikesystem.net)","2026-08-28 00:09:06"
"1414","10 - Marqués de la Ensenada",40.425403,-3.692104,23,0,23,"ES","Madrid (BiciMAD)","PBSC (publicbikesystem.net)","2026-08-28 00:09:06"
"1415","11 - Plaza del Dos de Mayo",40.427,-3.7036,43,1,22,"ES","Madrid (BiciMAD)","PBSC (publicbikesystem.net)","2026-08-28 00:09:06"
"1416","12 - San Hermenegildo",40.4284667,-3.7061406,47,9,15,"ES","Madrid (BiciMAD)","PBSC (publicbikesystem.net)","2026-08-28 00:09:06"
"1417","13 - Conde Duque",40.4273,-3.7105,43,4,19,"ES","Madrid (BiciMAD)","PBSC (publicbikesystem.net)","2026-08-28 00:09:06"
"1418","14 - Ventura Rodríguez",40.4260425,-3.7133069,47,11,16,"ES","Madrid (BiciMAD)","PBSC (publicbikesystem.net)","2026-08-28 00:09:06"
"1419","15 - Norte",40.4262383,-3.7074453,39,6,13,"ES","Madrid (BiciMAD)","PBSC (publicbikesystem.net)","2026-08-28 00:09:06"
"1420","16 - San Bernardo",40.4229374,-3.7074808485065,39,1,16,"ES","Madrid (BiciMAD)","PBSC (publicbikesystem.net)","2026-08-28 00:09:06"
"1421","17 - Plaza de Carlos Cambronero",40.4228028680601,-3.70505112897491,39,5,12,"ES","Madrid (BiciMAD)","PBSC (publicbikesystem.net)","2026-08-28 00:09:06"
"1422","18 - Plaza de Pedro Zerolo",40.4209251,-3.6996776,44,0,23,"ES","Madrid (BiciMAD)","PBSC (publicbikesystem.net)","2026-08-28 00:09:06"
"1423","19 - Prim",40.4218616,-3.6954983,48,0,27,"ES","Madrid (BiciMAD)","PBSC (publicbikesystem.net)","2026-08-28 00:09:06"
"1424","20 - Banco de España",40.4188076,-3.6952465,47,1,23,"ES","Madrid (BiciMAD)","PBSC (publicbikesystem.net)","2026-08-28 00:09:06"
"1426","23 - Santo Domingo",40.4202595,-3.708249,44,12,10,"ES","Madrid (BiciMAD)","PBSC (publicbikesystem.net)","2026-08-28 00:09:06"
"1427","24 - Palacio de Oriente",40.417343,-3.710864,35,2,12,"ES","Madrid (BiciMAD)","PBSC (publicbikesystem.net)","2026-08-28 00:09:06"
"1428","25A - Plaza de Celenque A",40.4173703,-3.7057791,44,3,20,"ES","Madrid (BiciMAD)","PBSC (publicbikesystem.net)","2026-08-28 00:09:06"
"1429","25B - Plaza de Celenque B",40.4173687,-3.7058976,44,6,14,"ES","Madrid (BiciMAD)","PBSC (publicbikesystem.net)","2026-08-28 00:09:06"
"1430","26 - Plaza de las Salesas",40.4239,-3.6945,47,0,25,"ES","Madrid (BiciMAD)","PBSC (publicbikesystem.net)","2026-08-28 00:09:06"
"1431","27 - Huertas",40.4133,-3.6957,47,2,25,"ES","Madrid (BiciMAD)","PBSC (publicbikesystem.net)","2026-08-28 00:09:06"
"1433","29 - Marqués de Cubas",40.4163838,-3.6957434,43,1,22,"ES","Madrid (BiciMAD)","PBSC (publicbikesystem.net)","2026-08-28 00:09:06"
"1434","30 - San Quintín",40.419622,-3.710967,39,6,12,"ES","Madrid (BiciMAD)","PBSC (publicbikesystem.net)","2026-08-28 00:09:06"
"1435","31 - Mayor",40.416346,-3.706587,47,18,8,"ES","Madrid (BiciMAD)","PBSC (publicbikesystem.net)","2026-08-28 00:09:06"
"1436","32 - Plaza de la Provincia",40.4146678391005,-3.70663628904171,43,21,1,"ES","Madrid (BiciMAD)","PBSC (publicbikesystem.net)","2026-08-28 00:09:06"
"1437","33 - Puerta del Sol",40.4165363,-3.7032264,43,0,23,"ES","Madrid (BiciMAD)","PBSC (publicbikesystem.net)","2026-08-28 00:09:06"
"1439","35 - Doctor Letamendi, 3",40.4136907232659,-3.71006296130753,43,0,22,"ES","Madrid (BiciMAD)","PBSC (publicbikesystem.net)","2026-08-28 00:09:06"
"1440","36 - Plaza Ramales",40.416876,-3.712151,39,1,18,"ES","Madrid (BiciMAD)","PBSC (publicbikesystem.net)","2026-08-28 00:09:06"
"1441","37 - Calatrava, 38",40.41022,-3.713482,43,6,16,"ES","Madrid (BiciMAD)","PBSC (publicbikesystem.net)","2026-08-28 00:09:06"
"1442","38 - Plaza de los Carros",40.4113586,-3.7115898,47,0,26,"ES","Madrid (BiciMAD)","PBSC (publicbikesystem.net)","2026-08-28 00:09:06"
"1443","39 - Plaza de la Cebada",40.4112744,-3.7088337,51,1,28,"ES","Madrid (BiciMAD)","PBSC (publicbikesystem.net)","2026-08-28 00:09:06"
"1444","40 - Conde de Romanones",40.4131488993415,-3.70495388750037,43,0,23,"ES","Madrid (BiciMAD)","PBSC (publicbikesystem.net)","2026-08-28 00:09:06"
"1445","41 - Metro Antón Martín",40.4122047,-3.6991147,39,0,16,"ES","Madrid (BiciMAD)","PBSC (publicbikesystem.net)","2026-08-28 00:09:06"
"1446","42 - Santa Isabel",40.4108488,-3.6982922,47,0,26,"ES","Madrid (BiciMAD)","PBSC (publicbikesystem.net)","2026-08-28 00:09:06"
"1447","43 - Jesús y María",40.4100387,-3.702471,38,5,13,"ES","Madrid (BiciMAD)","PBSC (publicbikesystem.net)","2026-08-28 00:09:06"
"1448","44 - Plaza de Nelson Mandela",40.4097907125463,-3.70386405331066,39,13,5,"ES","Madrid (BiciMAD)","PBSC (publicbikesystem.net)","2026-08-28 00:09:06"
"1449","45 - Metro Puerta de Toledo",40.4068659,-3.7111034,39,3,14,"ES","Madrid (BiciMAD)","PBSC (publicbikesystem.net)","2026-08-28 00:09:06"
"1450","46 - Ribera de Curtidores",40.4053153,-3.7071259,47,7,20,"ES","Madrid (BiciMAD)","PBSC (publicbikesystem.net)","2026-08-28 00:09:06"
"1451","47 - Renfe/Cercanías Embajadores",40.4045772,-3.7027998,44,4,19,"ES","Madrid (BiciMAD)","PBSC (publicbikesystem.net)","2026-08-28 00:09:06"
"1452","48 - Juan Sebastián Elcano",40.4040433,-3.701321,43,3,19,"ES","Madrid (BiciMAD)","PBSC (publicbikesystem.net)","2026-08-28 00:09:06"
"1453","49 - Casa Encendida",40.4060533,-3.6992774,47,12,10,"ES","Madrid (BiciMAD)","PBSC (publicbikesystem.net)","2026-08-28 00:09:06"
"1454","50 - Museo Reina Sofía",40.4073541,-3.6960398,43,6,15,"ES","Madrid (BiciMAD)","PBSC (publicbikesystem.net)","2026-08-28 00:09:06"
"1455","51 - Ronda de Atocha",40.4077556465778,-3.6934856312828,47,12,9,"ES","Madrid (BiciMAD)","PBSC (publicbikesystem.net)","2026-08-28 00:09:06"
"1456","52 - Plaza de Santa Ana",40.4144689,-3.7008558,35,4,11,"ES","Madrid (BiciMAD)","PBSC (publicbikesystem.net)","2026-08-28 00:09:06"
"1457","53 - Plaza de Lavapiés",40.4083087082381,-3.70075412638931,44,14,6,"ES","Madrid (BiciMAD)","PBSC (publicbikesystem.net)","2026-08-28 00:09:06"
"1458","54 - Metro Tribunal",40.4265991017663,-3.70039299755326,39,1,16,"ES","Madrid (BiciMAD)","PBSC (publicbikesystem.net)","2026-08-28 00:09:06"
"1459","55 - Plaza de San Ildefonso",40.4239757,-3.7020842,44,2,21,"ES","Madrid (BiciMAD)","PBSC (publicbikesystem.net)","2026-08-28 00:09:06"
"1460","56 - Plaza del Carmen ",40.4190322,-3.7039033,44,0,24,"ES","Madrid (BiciMAD)","PBSC (publicbikesystem.net)","2026-08-28 00:09:06"
"1461","57 - Santa Cruz de Marcenado",40.4295658,-3.7126299,43,2,21,"ES","Madrid (BiciMAD)","PBSC (publicbikesystem.net)","2026-08-28 00:09:06"
"1462","58 - Metro Chueca",40.4222783,-3.6978583,47,0,27,"ES","Madrid (BiciMAD)","PBSC (publicbikesystem.net)","2026-08-28 00:09:06"
"1463","59 - Plaza de Juan Pujol",40.4255495,-3.7043418,39,1,17,"ES","Madrid (BiciMAD)","PBSC (publicbikesystem.net)","2026-08-28 00:09:06"
"1464","60 - Puerta de Alcalá",40.4188524905626,-3.68909805655288,44,0,24,"ES","Madrid (BiciMAD)","PBSC (publicbikesystem.net)","2026-08-28 00:09:06"
"1465","61 - O'Donnell - Narváez",40.4214551,-3.6753139,47,5,22,"ES","Madrid (BiciMAD)","PBSC (publicbikesystem.net)","2026-08-28 00:09:06"
"1466","62 - Hospital M. Infantil Gregorio Marañón",40.4213148,-3.6724968,47,1,26,"ES","Madrid (BiciMAD)","PBSC (publicbikesystem.net)","2026-08-28 00:09:06"
"1467","63 - Hospital Gral. Uni. Gregorio Marañón",40.4179237,-3.6708959,43,9,13,"ES","Madrid (BiciMAD)","PBSC (publicbikesystem.net)","2026-08-28 00:09:06"
"1468","65 - Parque del Retiro - Calle Antonio Maura",40.4167014469994,-3.68942479794277,49,0,24,"ES","Madrid (BiciMAD)","PBSC (publicbikesystem.net)","2026-08-28 00:09:06"
"1469","67 - CaixaForum Madrid",40.4108472,-3.693225,43,13,7,"ES","Madrid (BiciMAD)","PBSC (publicbikesystem.net)","2026-08-28 00:09:06"
"1470","68 - Espalter - Ruiz de Alarcón",40.4127692,-3.6913232,39,0,13,"ES","Madrid (BiciMAD)","PBSC (publicbikesystem.net)","2026-08-28 00:09:06"
"1471","69 - Parque del Retiro - Puerta Ángel Caído",40.409808,-3.688822,47,12,11,"ES","Madrid (BiciMAD)","PBSC (publicbikesystem.net)","2026-08-28 00:09:06"
"1472","70 - Hospital Uni. Infantil Niño Jesús",40.4153823855747,-3.67787254232788,47,7,17,"ES","Madrid (BiciMAD)","PBSC (publicbikesystem.net)","2026-08-28 00:09:06"
"1473","71 - Plaza del Doctor Laguna",40.4161,-3.6739,43,2,19,"ES","Madrid (BiciMAD)","PBSC (publicbikesystem.net)","2026-08-28 00:09:06"
"1474","72 - Metro Sáinz de Baranda",40.415749,-3.669601,43,0,23,"ES","Madrid (BiciMAD)","PBSC (publicbikesystem.net)","2026-08-28 00:09:06"
"1475","73 - Plaza de los Astros",40.4115,-3.6687,43,15,6,"ES","Madrid (BiciMAD)","PBSC (publicbikesystem.net)","2026-08-28 00:09:06"
"1476","74 - Parque Retiro - Jardines Cecilio Rguez",40.4120629097839,-3.67658876378898,47,6,20,"ES","Madrid (BiciMAD)","PBSC (publicbikesystem.net)","2026-08-28 00:09:06"
"1477","75 - Parque del Retiro - Plaza Mariano Cavia",40.4082717,-3.6784749,47,22,2,"ES","Madrid (BiciMAD)","PBSC (publicbikesystem.net)","2026-08-28 00:09:06"
"1478","76 - Avenida del Mediterráneo, 19",40.407271,-3.675102,44,24,0,"ES","Madrid (BiciMAD)","PBSC (publicbikesystem.net)","2026-08-28 00:09:06"
"1479","77 - Plaza del Conde de Casal",40.4064784,-3.6707132,38,4,13,"ES","Madrid (BiciMAD)","PBSC (publicbikesystem.net)","2026-08-28 00:09:06"
"1480","78 - Metro Pacífico",40.4006374742242,-3.67452406004944,47,22,5,"ES","Madrid (BiciMAD)","PBSC (publicbikesystem.net)","2026-08-28 00:09:06"
"1481","79 - Metro Menéndez Pelayo",40.4051101939776,-3.68043982432307,47,22,1,"ES","Madrid (BiciMAD)","PBSC (publicbikesystem.net)","2026-08-28 00:09:06"
"1484","81 - Cuesta de Moyano",40.4093426118814,-3.69183322007106,54,16,4,"ES","Madrid (BiciMAD)","PBSC (publicbikesystem.net)","2026-08-28 00:09:06"
"1485","82 - Doctor Esquerdo - Metro Conde de Casal",40.4084556,-3.6697526,43,5,17,"ES","Madrid (BiciMAD)","PBSC (publicbikesystem.net)","2026-08-28 00:09:06"
"1486","83 - Pío Baroja",40.4132995,-3.6744795,43,4,18,"ES","Madrid (BiciMAD)","PBSC (publicbikesystem.net)","2026-08-28 00:09:06"
"1487","84 - Biblioteca Pública Elena Fortún",40.4035715699285,-3.67248157539368,43,18,0,"ES","Madrid (BiciMAD)","PBSC (publicbikesystem.net)","2026-08-28 00:09:06"
"1488","85 - Parque del Retiro - Puerta de O´Donnell",40.4213143,-3.679891,47,1,25,"ES","Madrid (BiciMAD)","PBSC (publicbikesystem.net)","2026-08-28 00:09:06"
"1489","86 - Cibeles",40.4186516,-3.6933498,44,0,22,"ES","Madrid (BiciMAD)","PBSC (publicbikesystem.net)","2026-08-28 00:09:06"
"1490","87 - Ayala - Velázquez",40.427736,-3.6832566,43,2,21,"ES","Madrid (BiciMAD)","PBSC (publicbikesystem.net)","2026-08-28 00:09:06"
"1491","88 - Velázquez-Padilla",40.4313576,-3.6838303,43,0,22,"ES","Madrid (BiciMAD)","PBSC (publicbikesystem.net)","2026-08-28 00:09:06"
"1492","89 - Ayala - Conde de Peñalver",40.4272582,-3.6752024,43,4,19,"ES","Madrid (BiciMAD)","PBSC (publicbikesystem.net)","2026-08-28 00:09:06"
"1493","90 - Metro Velázquez",40.4251493,-3.6838416,47,0,27,"ES","Madrid (BiciMAD)","PBSC (publicbikesystem.net)","2026-08-28 00:09:06"
"1494","91 - Hermosilla - General Pardiñas",40.426049,-3.6786285,43,1,21,"ES","Madrid (BiciMAD)","PBSC (publicbikesystem.net)","2026-08-28 00:09:06"
"1495","92 - Claudio Coello - Hermosilla",40.4262945,-3.6865463,43,0,23,"ES","Madrid (BiciMAD)","PBSC (publicbikesystem.net)","2026-08-28 00:09:06"
"1496","93 - Plaza de Margaret Thatcher",40.4257585334256,-3.68933616903382,44,0,24,"ES","Madrid (BiciMAD)","PBSC (publicbikesystem.net)","2026-08-28 00:09:06"
"1497","94 - Estación de tren de Recoletos",40.4229636011595,-3.69042152866681,43,1,22,"ES","Madrid (BiciMAD)","PBSC (publicbikesystem.net)","2026-08-28 00:09:06"
"1498","95 - Claudio Coello - Villanueva",40.4225428,-3.6869293,43,0,23,"ES","Madrid (BiciMAD)","PBSC (publicbikesystem.net)","2026-08-28 00:09:06"
"1499","96 - Alcalá - Castelló",40.4220151549842,-3.6822047987704,47,0,27,"ES","Madrid (BiciMAD)","PBSC (publicbikesystem.net)","2026-08-28 00:09:06"
"1500","97 - Metro Príncipe de Vergara",40.4225364,-3.6802556,47,0,23,"ES","Madrid (BiciMAD)","PBSC (publicbikesystem.net)","2026-08-28 00:09:06"
"1501","98 - Plaza de Felipe II",40.4241325,-3.6757676,44,0,23,"ES","Madrid (BiciMAD)","PBSC (publicbikesystem.net)","2026-08-28 00:09:06"
"1502","99 - Alcántara - Hermosilla",40.4260391,-3.6740178,43,0,23,"ES","Madrid (BiciMAD)","PBSC (publicbikesystem.net)","2026-08-28 00:09:06"
"1503","100 - Movistar Arena",40.42478,-3.67384,47,1,20,"ES","Madrid (BiciMAD)","PBSC (publicbikesystem.net)","2026-08-28 00:09:06"
"1504","101 - Metro O'Donnell",40.4230771,-3.6696804,44,0,24,"ES","Madrid (BiciMAD)","PBSC (publicbikesystem.net)","2026-08-28 00:09:06"
"1505","102 - Metro Retiro",40.4211845,-3.6842317,43,0,21,"ES","Madrid (BiciMAD)","PBSC (publicbikesystem.net)","2026-08-28 00:09:06"
"1506","103 - Ortega y Gasset - Serrano",40.43053,-3.686744,43,0,20,"ES","Madrid (BiciMAD)","PBSC (publicbikesystem.net)","2026-08-28 00:09:06"
"1507","104 - Castellana - Hermosilla",40.42677,-3.68958,43,0,22,"ES","Madrid (BiciMAD)","PBSC (publicbikesystem.net)","2026-08-28 00:09:06"
"1508","105 - Serrano, 46",40.4270832,-3.6875418,43,0,23,"ES","Madrid (BiciMAD)","PBSC (publicbikesystem.net)","2026-08-28 00:09:06"
"1510","106B - Plaza de Colón B",40.424776,-3.68789,39,0,18,"ES","Madrid (BiciMAD)","PBSC (publicbikesystem.net)","2026-08-28 00:09:06"
"1511","107 - Serrano - Conde de Aranda",40.4215608729784,-3.68838411045075,43,0,21,"ES","Madrid (BiciMAD)","PBSC (publicbikesystem.net)","2026-08-28 00:09:06"
"1512","108 - Mártires Concepcionistas - Alcalá",40.427402,-3.670652,47,3,23,"ES","Madrid (BiciMAD)","PBSC (publicbikesystem.net)","2026-08-28 00:09:06"
"1513","109 - Marqués de Salamanca",40.4301245,-3.6814521,43,1,21,"ES","Madrid (BiciMAD)","PBSC (publicbikesystem.net)","2026-08-28 00:09:06"
"1514","110 - Intercambiador de Moncloa",40.434745,-3.7201021,43,4,18,"ES","Madrid (BiciMAD)","PBSC (publicbikesystem.net)","2026-08-28 00:09:06"
"1515","111A - Metro Moncloa A",40.4336336073228,-3.71747823394404,43,1,20,"ES","Madrid (BiciMAD)","PBSC (publicbikesystem.net)","2026-08-28 00:09:06"
"1516","111B - Metro Moncloa B",40.433913,-3.7177434,43,2,18,"ES","Madrid (BiciMAD)","PBSC (publicbikesystem.net)","2026-08-28 00:09:06"
"1517","112 - Paseo de Moret - Parque del Oeste",40.4326901,-3.724736,43,6,16,"ES","Madrid (BiciMAD)","PBSC (publicbikesystem.net)","2026-08-28 00:09:06"
"1518","113 - Teleférico Madrid - Estación Rosales",40.427538,-3.7207263,44,6,15,"ES","Madrid (BiciMAD)","PBSC (publicbikesystem.net)","2026-08-28 00:09:06"
"1519","114 - Quintana - Juan Álvarez de Mendizábal",40.4278379,-3.7174631,43,7,14,"ES","Madrid (BiciMAD)","PBSC (publicbikesystem.net)","2026-08-28 00:09:06"
"1520","115 - Ferraz - Templo de Debod",40.4253147684179,-3.71705150552254,43,0,21,"ES","Madrid (BiciMAD)","PBSC (publicbikesystem.net)","2026-08-28 00:09:06"
"1521","116A - Plaza de España - Martín de los Heros",40.4236775,-3.7130447,38,1,16,"ES","Madrid (BiciMAD)","PBSC (publicbikesystem.net)","2026-08-28 00:09:06"
"1522","116B - Metro Plaza de España",40.423684,-3.71046,38,3,14,"ES","Madrid (BiciMAD)","PBSC (publicbikesystem.net)","2026-08-28 00:09:06"
"1523","117 - Altamirano  - Martín de los Heros",40.4309797,-3.7188898,43,10,12,"ES","Madrid (BiciMAD)","PBSC (publicbikesystem.net)","2026-08-28 00:09:06"
"1524","118 - OFICINA DEL SER, APR Y BICIREGISTRO",40.400781,-3.6882407,43,8,11,"ES","Madrid (BiciMAD)","PBSC (publicbikesystem.net)","2026-08-28 00:09:06"
"1525","119 - Méndez Álvaro",40.4012905,-3.6862653,43,8,13,"ES","Madrid (BiciMAD)","PBSC (publicbikesystem.net)","2026-08-28 00:09:06"
"1526","120 - Metro Palos de la Frontera",40.4030904514306,-3.69482510185242,47,14,11,"ES","Madrid (BiciMAD)","PBSC (publicbikesystem.net)","2026-08-28 00:09:06"
"1527","121 - Glorieta de Santa María de la Cabeza",40.4017487,-3.6986027,47,4,18,"ES","Madrid (BiciMAD)","PBSC (publicbikesystem.net)","2026-08-28 00:09:06"
"1528","122 - Santa Engracia - Zurbarán",40.4295362,-3.6963659,43,1,22,"ES","Madrid (BiciMAD)","PBSC (publicbikesystem.net)","2026-08-28 00:09:06"
"1529","123 - Metro Argüelles",40.4306458,-3.7133412,47,1,26,"ES","Madrid (BiciMAD)","PBSC (publicbikesystem.net)","2026-08-28 00:09:06"
"1530","124 - Metro Bilbao",40.430969,-3.6993695,47,3,23,"ES","Madrid (BiciMAD)","PBSC (publicbikesystem.net)","2026-08-28 00:09:06"
"1531","125 - Fdez. de la Hoz - Gral. Martínez Campos",40.4353,-3.6948,47,3,22,"ES","Madrid (BiciMAD)","PBSC (publicbikesystem.net)","2026-08-28 00:09:06"
"1532","126 - General Álvarez de Castro",40.4345976,-3.7018044,47,10,14,"ES","Madrid (BiciMAD)","PBSC (publicbikesystem.net)","2026-08-28 00:09:06"
"1533","127 - Mercado Municipal de Vallehermoso",40.4338516,-3.708439,47,4,22,"ES","Madrid (BiciMAD)","PBSC (publicbikesystem.net)","2026-08-28 00:09:06"
"1534","128 - Metro Islas Filipinas",40.4389870708697,-3.71555014601583,47,3,21,"ES","Madrid (BiciMAD)","PBSC (publicbikesystem.net)","2026-08-28 00:09:06"
"1535","129 - Metro Alonso Cano",40.4383865,-3.6982353,47,4,22,"ES","Madrid (BiciMAD)","PBSC (publicbikesystem.net)","2026-08-28 00:09:06"
"1536","130 - Metro Ríos Rosas",40.44156,-3.70164,42,4,18,"ES","Madrid (BiciMAD)","PBSC (publicbikesystem.net)","2026-08-28 00:09:06"
"1537","131 - Plaza de Juan Zorrilla",40.4417884,-3.70403123,43,3,20,"ES","Madrid (BiciMAD)","PBSC (publicbikesystem.net)","2026-08-28 00:09:06"
"1538","132 - Glorieta de Cuatro Caminos",40.4463775013149,-3.70360525041275,47,5,22,"ES","Madrid (BiciMAD)","PBSC (publicbikesystem.net)","2026-08-28 00:09:06"
"1539","133 - Raimundo Fdez. Villaverde - Dulcinea",40.447125,-3.7001669,44,1,22,"ES","Madrid (BiciMAD)","PBSC (publicbikesystem.net)","2026-08-28 00:09:06"
"1540","134 - María de Guzmán - Agustín de Betancourt",40.4441818,-3.6955687,43,1,19,"ES","Madrid (BiciMAD)","PBSC (publicbikesystem.net)","2026-08-28 00:09:06"
"1541","135 - Plaza de San Juan de la Cruz",40.441481,-3.692734,43,1,20,"ES","Madrid (BiciMAD)","PBSC (publicbikesystem.net)","2026-08-28 00:09:06"
"1543","137 - Plaza de la República Argentina",40.4454477,-3.6853377,44,0,23,"ES","Madrid (BiciMAD)","PBSC (publicbikesystem.net)","2026-08-28 00:09:06"
"1544","138 - Estación de tren Nuevos Ministerios",40.4457414,-3.6914063,63,0,22,"ES","Madrid (BiciMAD)","PBSC (publicbikesystem.net)","2026-08-28 00:09:06"
"1545","139 - José Gutiérrez Abascal - Castellana",40.4393956203312,-3.69041930727082,44,0,23,"ES","Madrid (BiciMAD)","PBSC (publicbikesystem.net)","2026-08-28 00:09:06"
"1546","140 - Velázquez - López de Hoyos",40.4387566,-3.6830583,47,4,21,"ES","Madrid (BiciMAD)","PBSC (publicbikesystem.net)","2026-08-28 00:09:06"
"1547","141 - Plaza de Emilio Castelar",40.4354047,-3.6893917,32,0,11,"ES","Madrid (BiciMAD)","PBSC (publicbikesystem.net)","2026-08-28 00:09:06"
"1548","142 - Bajo elevado de Eduardo Dato",40.4334087,-3.6879154,43,1,21,"ES","Madrid (BiciMAD)","PBSC (publicbikesystem.net)","2026-08-28 00:09:06"
"1549","186 - General Pardiñas - Don Ramón de la Cruz",40.4289804,-3.6783016,43,2,20,"ES","Madrid (BiciMAD)","PBSC (publicbikesystem.net)","2026-08-28 00:09:06"
"1550","144 - Metro Diego de León",40.4324081,-3.675556,47,4,20,"ES","Madrid (BiciMAD)","PBSC (publicbikesystem.net)","2026-08-28 00:09:06"
"1551","145 - Ortega y Gasset 87",40.429887,-3.6712823,43,1,20,"ES","Madrid (BiciMAD)","PBSC (publicbikesystem.net)","2026-08-28 00:09:06"
"1552","146 - María Francisca, 3",40.4442541,-3.6788499,39,1,18,"ES","Madrid (BiciMAD)","PBSC (publicbikesystem.net)","2026-08-28 00:09:06"
"1553","147 - Doctor Arce 45",40.4484,-3.6794,43,4,16,"ES","Madrid (BiciMAD)","PBSC (publicbikesystem.net)","2026-08-28 00:09:06"
"1554","148 - Serrano 210",40.451117,-3.6813971,43,0,22,"ES","Madrid (BiciMAD)","PBSC (publicbikesystem.net)","2026-08-28 00:09:06"
"1555","149 - Plaza de Quito",40.4498515,-3.6879303,43,1,22,"ES","Madrid (BiciMAD)","PBSC (publicbikesystem.net)","2026-08-28 00:09:06"
"1557","151 - Orense 12",40.4488122495199,-3.69535926501237,47,0,24,"ES","Madrid (BiciMAD)","PBSC (publicbikesystem.net)","2026-08-28 00:09:06"
"1558","152 - General Perón, 4",40.4525,-3.6989,43,4,19,"ES","Madrid (BiciMAD)","PBSC (publicbikesystem.net)","2026-08-28 00:09:06"
"1559","153 - General Perón - Poeta Joan Maragall",40.4523,-3.6936,43,0,21,"ES","Madrid (BiciMAD)","PBSC (publicbikesystem.net)","2026-08-28 00:09:06"
"1560","154 - Orense 36",40.4548456,-3.6946218,44,5,18,"ES","Madrid (BiciMAD)","PBSC (publicbikesystem.net)","2026-08-28 00:09:06"
"1561","155 - San Germán 57",40.4573342300643,-3.7009301901783,43,11,11,"ES","Madrid (BiciMAD)","PBSC (publicbikesystem.net)","2026-08-28 00:09:06"
"1562","156 - Sor Ángela de la Cruz-Paseo Castellana",40.4592351,-3.691533,44,1,21,"ES","Madrid (BiciMAD)","PBSC (publicbikesystem.net)","2026-08-28 00:09:06"
"1564","158 - Alberto Alcocer - Padre Damián",40.4585318,-3.684715,43,0,22,"ES","Madrid (BiciMAD)","PBSC (publicbikesystem.net)","2026-08-28 00:09:06"
"1565","159 - Paseo de la Habana 63",40.4543852,-3.6835926,43,3,19,"ES","Madrid (BiciMAD)","PBSC (publicbikesystem.net)","2026-08-28 00:09:06"
"1566","160 - Metro Colombia",40.4572466,-3.6763439,44,1,21,"ES","Madrid (BiciMAD)","PBSC (publicbikesystem.net)","2026-08-28 00:09:06"
"1567","161 - Intercambiador de Príncipe Pío A",40.4221924741655,-3.72209932140904,177,4,21,"ES","Madrid (BiciMAD)","PBSC (publicbikesystem.net)","2026-08-28 00:09:06"
"1568","162 - Metro Pirámides",40.4034968,-3.7105765,43,11,12,"ES","Madrid (BiciMAD)","PBSC (publicbikesystem.net)","2026-08-28 00:09:06"
"1569","163 - Metro Acacias",40.4037586,-3.706445,39,5,12,"ES","Madrid (BiciMAD)","PBSC (publicbikesystem.net)","2026-08-28 00:09:06"
"1570","164 - Paseo de las Delicias - Tomás Bretón",40.39723,-3.69461,47,24,0,"ES","Madrid (BiciMAD)","PBSC (publicbikesystem.net)","2026-08-28 00:09:06"
"1571","165 - Entrada Matadero - Paseo de la Chopera",40.392888,-3.697596,63,21,22,"ES","Madrid (BiciMAD)","PBSC (publicbikesystem.net)","2026-08-28 00:09:06"
"1572","166 - Viaducto de Segovia",40.4139047323538,-3.71337702331351,46,1,24,"ES","Madrid (BiciMAD)","PBSC (publicbikesystem.net)","2026-08-28 00:09:06"
"1573","167 - Segovia 45",40.4137477074221,-3.71748917032373,177,7,17,"ES","Madrid (BiciMAD)","PBSC (publicbikesystem.net)","2026-08-28 00:09:06"
"1574","168 - Santa María Cabeza - Batalla del Salado",40.4046,-3.6959,63,18,3,"ES","Madrid (BiciMAD)","PBSC (publicbikesystem.net)","2026-08-28 00:09:06"
"1575","169 - Glorieta de Pirámides",40.401589,-3.713823,124,14,8,"ES","Madrid (BiciMAD)","PBSC (publicbikesystem.net)","2026-08-28 00:09:06"
"1576","170 - Paseo de la Esperanza, 21",40.4010554,-3.7043956,44,11,11,"ES","Madrid (BiciMAD)","PBSC (publicbikesystem.net)","2026-08-28 00:09:06"
"1577","171 - Embajadores-Cáceres",40.3997013,-3.6984023,47,15,10,"ES","Madrid (BiciMAD)","PBSC (publicbikesystem.net)","2026-08-28 00:09:06"
"1578","172 - Estación de tren de Delicias",40.4008279,-3.6934926,43,4,17,"ES","Madrid (BiciMAD)","PBSC (publicbikesystem.net)","2026-08-28 00:09:06"
"1579","173 - Paseo Esperanza - Santa María Cabeza",40.3983467,-3.7024839,44,12,10,"ES","Madrid (BiciMAD)","PBSC (publicbikesystem.net)","2026-08-28 00:09:06"
"1580","174 - Paseo de las Yeserías, 45",40.3974295830636,-3.70652588465576,47,22,3,"ES","Madrid (BiciMAD)","PBSC (publicbikesystem.net)","2026-08-28 00:09:06"
"1581","175 - Jaime el Conquistador - Divino Vallés",40.3962264,-3.69834452,39,8,8,"ES","Madrid (BiciMAD)","PBSC (publicbikesystem.net)","2026-08-28 00:09:06"
"1583","177 - Metro Legazpi",40.3914470856788,-3.69418763743439,43,17,5,"ES","Madrid (BiciMAD)","PBSC (publicbikesystem.net)","2026-08-28 00:09:06"
"1584","178 - Junta Municipal Distrito de Retiro",40.4029202,-3.6788343,44,21,0,"ES","Madrid (BiciMAD)","PBSC (publicbikesystem.net)","2026-08-28 00:09:06"
"1585","179 - Metro Puente de Vallecas",40.3979273,-3.6692724,38,14,2,"ES","Madrid (BiciMAD)","PBSC (publicbikesystem.net)","2026-08-28 00:09:06"
"1586","180 - Estación Sur Méndez Álvaro B",40.3940423,-3.67589,43,3,18,"ES","Madrid (BiciMAD)","PBSC (publicbikesystem.net)","2026-08-28 00:09:06"
"1587","181 - Ibiza - Narváez",40.4181693266533,-3.67644354047547,47,1,26,"ES","Madrid (BiciMAD)","PBSC (publicbikesystem.net)","2026-08-28 00:09:06"
"1588","182 - Parque Roma",40.4186666,-3.6657777,43,9,11,"ES","Madrid (BiciMAD)","PBSC (publicbikesystem.net)","2026-08-28 00:09:06"
"1589","183 - Hermosilla - Doctor Esquerdo",40.425635,-3.669339,43,2,20,"ES","Madrid (BiciMAD)","PBSC (publicbikesystem.net)","2026-08-28 00:09:06"
"1590","184 - Marqués de Zafra, 24",40.426,-3.6653055,44,19,4,"ES","Madrid (BiciMAD)","PBSC (publicbikesystem.net)","2026-08-28 00:09:06"
"1591","185 - Parque Quinta de la Fuente del Berro",40.4250833,-3.6615277,44,4,19,"ES","Madrid (BiciMAD)","PBSC (publicbikesystem.net)","2026-08-28 00:09:06"
"1592","143 - Diego de León - General Pardiñas",40.434676,-3.6780802,43,9,12,"ES","Madrid (BiciMAD)","PBSC (publicbikesystem.net)","2026-08-28 00:09:06"
"1593","187 - Alejandro González - Alcalá",40.4301326,-3.6638249,43,1,21,"ES","Madrid (BiciMAD)","PBSC (publicbikesystem.net)","2026-08-28 00:09:06"
"1594","188 - Puente de Ventas",40.4312562,-3.6590286,47,6,21,"ES","Madrid (BiciMAD)","PBSC (publicbikesystem.net)","2026-08-28 00:09:06"
"1595","189 - Virgen de la Alegría",40.4351256,-3.6554918,43,17,3,"ES","Madrid (BiciMAD)","PBSC (publicbikesystem.net)","2026-08-28 00:09:06"
"1596","190 - Velázquez - Diego de León",40.4343053,-3.6833753,43,10,13,"ES","Madrid (BiciMAD)","PBSC (publicbikesystem.net)","2026-08-28 00:09:06"
"1597","191 - Metro Diego de León",40.4345693871426,-3.67407778406144,39,3,15,"ES","Madrid (BiciMAD)","PBSC (publicbikesystem.net)","2026-08-28 00:09:06"
"1598","192 - Avda. de los Toreros - Fco. Silvela",40.4318264644687,-3.67146771838531,47,1,25,"ES","Madrid (BiciMAD)","PBSC (publicbikesystem.net)","2026-08-28 00:09:06"
"1599","193 - Plaza de las Ventas",40.4324722,-3.6655555,47,1,23,"ES","Madrid (BiciMAD)","PBSC (publicbikesystem.net)","2026-08-28 00:09:06"
"1600","194 - Intercambiador de Avenida de América",40.4372638,-3.6771535,44,7,16,"ES","Madrid (BiciMAD)","PBSC (publicbikesystem.net)","2026-08-28 00:09:06"
"1601","195 - Indalecio Hernández - Mataelpino",40.4392222,-3.6754444,44,2,19,"ES","Madrid (BiciMAD)","PBSC (publicbikesystem.net)","2026-08-28 00:09:06"
"1602","196 - Metro Prosperidad",40.4442237,-3.6752218,39,15,1,"ES","Madrid (BiciMAD)","PBSC (publicbikesystem.net)","2026-08-28 00:09:06"
"1603","197 - Parque de Berlín",40.4516059,-3.677916,43,3,17,"ES","Madrid (BiciMAD)","PBSC (publicbikesystem.net)","2026-08-28 00:09:06"
"1604","198 - Metro Rubén Darío",40.432,-3.6891,43,0,22,"ES","Madrid (BiciMAD)","PBSC (publicbikesystem.net)","2026-08-28 00:09:06"
"1605","199 - Fernando el Católico, 61",40.4343611,-3.7149166,47,10,15,"ES","Madrid (BiciMAD)","PBSC (publicbikesystem.net)","2026-08-28 00:09:06"
"1606","200 - Metro Quevedo",40.4337536058592,-3.70457898115854,44,2,22,"ES","Madrid (BiciMAD)","PBSC (publicbikesystem.net)","2026-08-28 00:09:06"
"1607","201 - Metro Canal",40.4386944,-3.7038333,43,0,20,"ES","Madrid (BiciMAD)","PBSC (publicbikesystem.net)","2026-08-28 00:09:06"
"1608","202 - Parque de Santander",40.4413,-3.7083,47,2,22,"ES","Madrid (BiciMAD)","PBSC (publicbikesystem.net)","2026-08-28 00:09:06"
"1609","203 - General Ampudia - San Francisco Sales",40.44175,-3.7144722,44,0,20,"ES","Madrid (BiciMAD)","PBSC (publicbikesystem.net)","2026-08-28 00:09:06"
"1610","204 - Doctor Santero - Bravo Murillo",40.4476488,-3.7040397,43,6,15,"ES","Madrid (BiciMAD)","PBSC (publicbikesystem.net)","2026-08-28 00:09:06"
"1611","205 - Metro Estrecho",40.4535,-3.7032777,43,3,17,"ES","Madrid (BiciMAD)","PBSC (publicbikesystem.net)","2026-08-28 00:09:06"
"1612","206 - Metro Tetuán",40.46088,-3.69895,39,1,16,"ES","Madrid (BiciMAD)","PBSC (publicbikesystem.net)","2026-08-28 00:09:06"
"1613","207 - Plaza de la Remonta",40.4630443,-3.6973352,39,1,18,"ES","Madrid (BiciMAD)","PBSC (publicbikesystem.net)","2026-08-28 00:09:06"
"1614","208 - Intercambiador de Plaza de Castilla",40.4662811,-3.6890611,38,0,18,"ES","Madrid (BiciMAD)","PBSC (publicbikesystem.net)","2026-08-28 00:09:06"
"1615","209 - Plaza de Castilla - Fundación Canal",40.4657,-3.6887,44,1,21,"ES","Madrid (BiciMAD)","PBSC (publicbikesystem.net)","2026-08-28 00:09:06"
"1616","210 - Calle de las Tres Cruces - Gran Vía",40.4196518,-3.7027164,47,0,26,"ES","Madrid (BiciMAD)","PBSC (publicbikesystem.net)","2026-08-28 00:09:06"
"1617","211 - Desengaño - Valverde",40.42059,-3.70239,43,1,22,"ES","Madrid (BiciMAD)","PBSC (publicbikesystem.net)","2026-08-28 00:09:06"
"1618","212 - Metro Marqués de Vadillo",40.398247,-3.716591,47,25,0,"ES","Madrid (BiciMAD)","PBSC (publicbikesystem.net)","2026-08-28 00:09:06"
"1619","213 - Glorieta de Cádiz",40.3889918,-3.7002247,43,4,18,"ES","Madrid (BiciMAD)","PBSC (publicbikesystem.net)","2026-08-28 00:09:06"
"1621","215 - Gutierre de Cetina - Ascao",40.429588,-3.6408093,43,20,2,"ES","Madrid (BiciMAD)","PBSC (publicbikesystem.net)","2026-08-28 00:09:06"
"1622","216 - Plaza de Puerta del Ángel",40.4141,-3.72897,177,21,3,"ES","Madrid (BiciMAD)","PBSC (publicbikesystem.net)","2026-08-28 00:09:06"
"1623","217 - Hospital Universitario La Paz",40.480884,-3.6890758,43,6,16,"ES","Madrid (BiciMAD)","PBSC (publicbikesystem.net)","2026-08-28 00:09:06"
"1624","218 - Camino de los Vinateros A",40.4105478,-3.6572967,43,0,19,"ES","Madrid (BiciMAD)","PBSC (publicbikesystem.net)","2026-08-28 00:09:06"
"1625","219 - Camino de los Vinateros B",40.4083593,-3.6467338,42,2,16,"ES","Madrid (BiciMAD)","PBSC (publicbikesystem.net)","2026-08-28 00:09:06"
"1626","220 - Plaza del Encuentro",40.406156,-3.651384,44,0,23,"ES","Madrid (BiciMAD)","PBSC (publicbikesystem.net)","2026-08-28 00:09:06"
"1627","221 - Metro Pavones",40.4004920266606,-3.63474447873225,43,1,19,"ES","Madrid (BiciMAD)","PBSC (publicbikesystem.net)","2026-08-28 00:09:06"
"1628","222 - Eugenio Caxes - Antonio López",40.3917871,-3.7026789,43,1,20,"ES","Madrid (BiciMAD)","PBSC (publicbikesystem.net)","2026-08-28 00:09:06"
"1629","223 - Ermita del Santo",40.406448,-3.724576,47,18,3,"ES","Madrid (BiciMAD)","PBSC (publicbikesystem.net)","2026-08-28 00:09:06"
"1630","224 - Parque de Caramuel",40.409,-3.7287,47,13,11,"ES","Madrid (BiciMAD)","PBSC (publicbikesystem.net)","2026-08-28 00:09:06"
"1631","225 - Sierra Toledana - Doctor Lozano",40.402506,-3.660345,44,23,1,"ES","Madrid (BiciMAD)","PBSC (publicbikesystem.net)","2026-08-28 00:09:06"
"1632","226 - Sierra Toledana - Camino de Valderribas",40.3990153150707,-3.66077686780377,43,21,0,"ES","Madrid (BiciMAD)","PBSC (publicbikesystem.net)","2026-08-28 00:09:06"
"1633","227 - Arroyo del Olivar",40.3938297792034,-3.66593624293564,124,22,0,"ES","Madrid (BiciMAD)","PBSC (publicbikesystem.net)","2026-08-28 00:09:06"
"1634","228 - San Delfín - Antonio López",40.3944060795956,-3.70804297284456,38,13,2,"ES","Madrid (BiciMAD)","PBSC (publicbikesystem.net)","2026-08-28 00:09:06"
"1635","229 - Centro Deportivo Municipal Concepción",40.4369378,-3.6486508,43,20,3,"ES","Madrid (BiciMAD)","PBSC (publicbikesystem.net)","2026-08-28 00:09:06"
"1636","230 - Carlota O´Neill - Agastia",40.4436792,-3.6488254,44,12,11,"ES","Madrid (BiciMAD)","PBSC (publicbikesystem.net)","2026-08-28 00:09:06"
"1637","231 - Derechos Humanos - Verdaguer y García",40.4398283,-3.6557193,24,0,24,"ES","Madrid (BiciMAD)","PBSC (publicbikesystem.net)","2026-08-28 00:09:06"
"1638","232 - José María de Pereda - Alcalá",40.4327663,-3.6486169,47,16,10,"ES","Madrid (BiciMAD)","PBSC (publicbikesystem.net)","2026-08-28 00:09:06"
"1639","233 - El dragón de La Elipa",40.4229522,-3.6555789,44,22,0,"ES","Madrid (BiciMAD)","PBSC (publicbikesystem.net)","2026-08-28 00:09:06"
"1640","234 - Metro La Elipa",40.4261278,-3.6510917,44,19,3,"ES","Madrid (BiciMAD)","PBSC (publicbikesystem.net)","2026-08-28 00:09:06"
"1641","235 - Sodio - Embajadores",40.389041,-3.691076,63,2,20,"ES","Madrid (BiciMAD)","PBSC (publicbikesystem.net)","2026-08-28 00:09:06"
"1642","236 - Paseo Imperial",40.4075794,-3.7170785,47,24,1,"ES","Madrid (BiciMAD)","PBSC (publicbikesystem.net)","2026-08-28 00:09:06"
"1644","238 - San Germán, 5",40.4561825,-3.6932611,44,0,22,"ES","Madrid (BiciMAD)","PBSC (publicbikesystem.net)","2026-08-28 00:09:06"
"1645","239 - Francos Rodríguez - José Calvo",40.4567132,-3.7078331,43,7,15,"ES","Madrid (BiciMAD)","PBSC (publicbikesystem.net)","2026-08-28 00:09:06"
"1646","240 - Brasilia - Parque Breogán",40.43666,-3.66096,43,3,20,"ES","Madrid (BiciMAD)","PBSC (publicbikesystem.net)","2026-08-28 00:09:06"
"1647","241 - Camilo José Cela",40.4378,-3.66779,43,3,20,"ES","Madrid (BiciMAD)","PBSC (publicbikesystem.net)","2026-08-28 00:09:06"
"1648","242 - Metro Parque de las Avenidas",40.439513,-3.662928,43,10,12,"ES","Madrid (BiciMAD)","PBSC (publicbikesystem.net)","2026-08-28 00:09:06"
"1649","243 - Cartagena",40.43503,-3.67012,43,4,16,"ES","Madrid (BiciMAD)","PBSC (publicbikesystem.net)","2026-08-28 00:09:06"
"1650","244 - Hospital Clínico San Carlos",40.44003,-3.71757,43,0,21,"ES","Madrid (BiciMAD)","PBSC (publicbikesystem.net)","2026-08-28 00:09:06"
"1651","245 - Galileo - Donoso Cortés",40.4363637,-3.7101381,44,5,18,"ES","Madrid (BiciMAD)","PBSC (publicbikesystem.net)","2026-08-28 00:09:06"
"1652","246 - Metro Iglesia",40.4359578814978,-3.69924847240466,47,7,20,"ES","Madrid (BiciMAD)","PBSC (publicbikesystem.net)","2026-08-28 00:09:06"
"1653","247 - Zurbano - José Abascal",40.43837,-3.69281,43,3,18,"ES","Madrid (BiciMAD)","PBSC (publicbikesystem.net)","2026-08-28 00:09:06"
"1654","248 - Sinesio Delgado - Cuatro Torres ",40.4743209,-3.6879973,47,1,26,"ES","Madrid (BiciMAD)","PBSC (publicbikesystem.net)","2026-08-28 00:09:06"
"1655","249 - Castellana - Cuatro Torres",40.4764587864451,-3.68541918283806,44,1,20,"ES","Madrid (BiciMAD)","PBSC (publicbikesystem.net)","2026-08-28 00:09:06"
"1656","250 - Serrano - CSIC",40.4406491,-3.6858096,47,1,25,"ES","Madrid (BiciMAD)","PBSC (publicbikesystem.net)","2026-08-28 00:09:06"
"1657","251 - Santa Hortensia - Corazón de María",40.44421,-3.66683,43,11,10,"ES","Madrid (BiciMAD)","PBSC (publicbikesystem.net)","2026-08-28 00:09:06"
"1658","252 - Est. tren Chamartín - Clara Campoamor",40.4717403,-3.6839695,43,2,20,"ES","Madrid (BiciMAD)","PBSC (publicbikesystem.net)","2026-08-28 00:09:06"
"1659","253 - Doctor Fleming - Estadio S. Bernabéu",40.45546,-3.68844,39,1,18,"ES","Madrid (BiciMAD)","PBSC (publicbikesystem.net)","2026-08-28 00:09:06"
"1660","254 - Plaza del Perú",40.461,-3.67656,43,2,20,"ES","Madrid (BiciMAD)","PBSC (publicbikesystem.net)","2026-08-28 00:09:06"
"1661","255 - General López Pozas - Apolonio Morales",40.46361,-3.685292,43,1,22,"ES","Madrid (BiciMAD)","PBSC (publicbikesystem.net)","2026-08-28 00:09:06"
"1662","256 - Reina Victoria - Beatriz de Bobadilla",40.44635,-3.71383,43,6,16,"ES","Madrid (BiciMAD)","PBSC (publicbikesystem.net)","2026-08-28 00:09:06"
"1663","257 - Ciudad Universitaria - INEF",40.438873,-3.730527,83,5,15,"ES","Madrid (BiciMAD)","PBSC (publicbikesystem.net)","2026-08-28 00:09:06"
"1664","258 - Metro Ciudad Universitaria A",40.444311,-3.726939,84,0,23,"ES","Madrid (BiciMAD)","PBSC (publicbikesystem.net)","2026-08-28 00:09:06"
"1665","259 - Metro Ciudad Universitaria B",40.4427052844946,-3.72675200416031,79,3,13,"ES","Madrid (BiciMAD)","PBSC (publicbikesystem.net)","2026-08-28 00:09:06"
"1666","260 - Ciudad Universitaria - Fac. de Biología",40.4483322,-3.7272945,84,9,13,"ES","Madrid (BiciMAD)","PBSC (publicbikesystem.net)","2026-08-28 00:09:06"
"1667","261 - Ciudad Universitaria - Facultad Derecho",40.4505516,-3.7296756,83,6,16,"ES","Madrid (BiciMAD)","PBSC (publicbikesystem.net)","2026-08-28 00:09:06"
"1951","384 - Metro Usera",40.38707469,-3.7061449,43,20,1,"ES","Madrid (BiciMAD)","PBSC (publicbikesystem.net)","2026-08-28 00:09:06"
"1952","388 - Estación tren - Hospital 12 de Octubre",40.37837955,-3.70041478,43,10,13,"ES","Madrid (BiciMAD)","PBSC (publicbikesystem.net)","2026-08-28 00:09:06"
"1953","385 - Estación de tren Orcasitas",40.36721104,-3.70388671,43,4,16,"ES","Madrid (BiciMAD)","PBSC (publicbikesystem.net)","2026-08-28 00:09:06"
"1954","387 - Isabelita Usera, 44",40.38272256,-3.70773972,43,11,12,"ES","Madrid (BiciMAD)","PBSC (publicbikesystem.net)","2026-08-28 00:09:06"
"1955","383 - Metro San Fermín-Orcasur",40.3700017,-3.6939702,53,3,20,"ES","Madrid (BiciMAD)","PBSC (publicbikesystem.net)","2026-08-28 00:09:06"
"1956","386 - Avenida de los Poblados, 130",40.37347443,-3.71331521,43,11,9,"ES","Madrid (BiciMAD)","PBSC (publicbikesystem.net)","2026-08-28 00:09:06"
"1957","476 - Metro Avenida de la Paz",40.453493,-3.662016,43,3,19,"ES","Madrid (BiciMAD)","PBSC (publicbikesystem.net)","2026-08-28 00:09:06"
"1958","477 - Metro Ciudad Lineal",40.438278,-3.638904,43,2,19,"ES","Madrid (BiciMAD)","PBSC (publicbikesystem.net)","2026-08-28 00:09:06"
"1959","478 - José del Hierro - Misterios",40.44152084,-3.6410572,43,0,23,"ES","Madrid (BiciMAD)","PBSC (publicbikesystem.net)","2026-08-28 00:09:06"
"1960","479 - Metro Arturo Soria",40.4547836229588,-3.6558371312828,47,2,24,"ES","Madrid (BiciMAD)","PBSC (publicbikesystem.net)","2026-08-28 00:09:06"
"1961","480 - Vicente Muzas - Arturo Soria",40.45903315,-3.66044255,43,5,18,"ES","Madrid (BiciMAD)","PBSC (publicbikesystem.net)","2026-08-28 00:09:06"
"1962","481 - Diego Ayllón - Arturo Soria",40.45117857,-3.65219063,43,1,22,"ES","Madrid (BiciMAD)","PBSC (publicbikesystem.net)","2026-08-28 00:09:06"
"1963","554 - Metro El Capricho",40.453,-3.5941,47,2,24,"ES","Madrid (BiciMAD)","PBSC (publicbikesystem.net)","2026-08-28 00:09:06"
"1964","284 - Avenida de Burgos, 17",40.4735938788893,-3.67579002943039,43,3,17,"ES","Madrid (BiciMAD)","PBSC (publicbikesystem.net)","2026-08-28 00:09:06"
"1965","482 - Metro Pueblo Nuevo",40.4356873,-3.6423386,43,7,16,"ES","Madrid (BiciMAD)","PBSC (publicbikesystem.net)","2026-08-28 00:09:06"
"1966","483 - Marcelino Álvarez - Daroca",40.4297428,-3.6534324,43,19,3,"ES","Madrid (BiciMAD)","PBSC (publicbikesystem.net)","2026-08-28 00:09:06"
"1967","484 - Metro García Noblejas",40.42893071,-3.632389,43,23,0,"ES","Madrid (BiciMAD)","PBSC (publicbikesystem.net)","2026-08-28 00:09:06"
"1968","523 - Carretera de Canillas",40.4628701,-3.65089253,43,2,21,"ES","Madrid (BiciMAD)","PBSC (publicbikesystem.net)","2026-08-28 00:09:06"
"1969","285 - Santa María Magdalena - La Drácena",40.4631,-3.6706,43,0,22,"ES","Madrid (BiciMAD)","PBSC (publicbikesystem.net)","2026-08-28 00:09:06"
"1970","286 - Plaza Duque de Pastrana ",40.4679,-3.6779,43,2,18,"ES","Madrid (BiciMAD)","PBSC (publicbikesystem.net)","2026-08-28 00:09:06"
"1971","287 - Metro Bambú",40.4765,-3.6762,43,1,22,"ES","Madrid (BiciMAD)","PBSC (publicbikesystem.net)","2026-08-28 00:09:06"
"1972","288 - Caídos de la División Azul",40.4664,-3.6723,43,0,23,"ES","Madrid (BiciMAD)","PBSC (publicbikesystem.net)","2026-08-28 00:09:06"
"1973","524 - Glorieta Luis Rosales",40.4673,-3.6543,43,6,17,"ES","Madrid (BiciMAD)","PBSC (publicbikesystem.net)","2026-08-28 00:09:06"
"1974","460 - Fuente Carrantona - Doctor García Tapia",40.4070216,-3.63192261,47,6,18,"ES","Madrid (BiciMAD)","PBSC (publicbikesystem.net)","2026-08-28 00:09:06"
"1975","455 - Luis de Hoyos Sainz,  198",40.400094,-3.62927465,43,2,20,"ES","Madrid (BiciMAD)","PBSC (publicbikesystem.net)","2026-08-28 00:09:06"
"1976","456 - Encomienda de Palacios, 8",40.4005,-3.6464,43,20,0,"ES","Madrid (BiciMAD)","PBSC (publicbikesystem.net)","2026-08-28 00:09:06"
"1977","416 - Ramírez Tomé",40.388756181039,-3.64597393617631,47,3,24,"ES","Madrid (BiciMAD)","PBSC (publicbikesystem.net)","2026-08-28 00:09:06"
"1978","417 - Romeo y Julieta, 13",40.37873799,-3.66217563,47,3,21,"ES","Madrid (BiciMAD)","PBSC (publicbikesystem.net)","2026-08-28 00:09:06"
"1979","418 - Puerto de Arlabán - San Diego",40.3864,-3.6675,47,24,1,"ES","Madrid (BiciMAD)","PBSC (publicbikesystem.net)","2026-08-28 00:09:06"
"1980","496 - Cronos",40.4384695,-3.6194333,47,5,19,"ES","Madrid (BiciMAD)","PBSC (publicbikesystem.net)","2026-08-28 00:09:06"
"1981","501 - Metro Alsacia",40.4191,-3.6242,43,0,21,"ES","Madrid (BiciMAD)","PBSC (publicbikesystem.net)","2026-08-28 00:09:06"
"1982","498 - Metro Torre Arias",40.4431335,-3.6178317,47,8,19,"ES","Madrid (BiciMAD)","PBSC (publicbikesystem.net)","2026-08-28 00:09:06"
"1983","499 - Biblioteca Pública Municipal Canillejas",40.4466561,-3.6121996,43,18,3,"ES","Madrid (BiciMAD)","PBSC (publicbikesystem.net)","2026-08-28 00:09:06"
"1984","500 - Aracne, 17",40.445,-3.5895,47,0,24,"ES","Madrid (BiciMAD)","PBSC (publicbikesystem.net)","2026-08-28 00:09:06"
"1985","497 - Metro Suances",40.4407,-3.6274,43,1,21,"ES","Madrid (BiciMAD)","PBSC (publicbikesystem.net)","2026-08-28 00:09:06"
"1986","265 - Puerto Serrano - Embajadores",40.385412,-3.688461,43,18,5,"ES","Madrid (BiciMAD)","PBSC (publicbikesystem.net)","2026-08-28 00:09:06"
"1987","351 - Comandante Fontanes - General Ricardos",40.3951415,-3.7211209,43,19,0,"ES","Madrid (BiciMAD)","PBSC (publicbikesystem.net)","2026-08-28 00:09:06"
"1988","350 - Ervigio - Amalarico",40.3947,-3.7315,43,21,2,"ES","Madrid (BiciMAD)","PBSC (publicbikesystem.net)","2026-08-28 00:09:06"
"1989","389 - Julio Merino - Pilarica",40.3831,-3.7032,43,13,10,"ES","Madrid (BiciMAD)","PBSC (publicbikesystem.net)","2026-08-28 00:09:06"
"1990","390 - Avena - Mijo",40.3773,-3.7159,43,21,0,"ES","Madrid (BiciMAD)","PBSC (publicbikesystem.net)","2026-08-28 00:09:06"
"1991","556 - Cantabria, 6",40.45462514,-3.58772201,44,6,15,"ES","Madrid (BiciMAD)","PBSC (publicbikesystem.net)","2026-08-28 00:09:06"
"1992","555 - Parque del Capricho",40.45476837,-3.59812171,47,18,7,"ES","Madrid (BiciMAD)","PBSC (publicbikesystem.net)","2026-08-28 00:09:06"
"1993","485 - Francisco Villaespesa - Ledesma",40.4293263,-3.6464629,43,23,0,"ES","Madrid (BiciMAD)","PBSC (publicbikesystem.net)","2026-08-28 00:09:06"
"1994","570 - Uni. Autónoma Madrid - Facul. Medicina",40.4815,-3.6938,47,4,23,"ES","Madrid (BiciMAD)","PBSC (publicbikesystem.net)","2026-08-28 00:09:06"
"1995","295 - Hernani - Edgar Neville",40.4481,-3.6972,43,3,17,"ES","Madrid (BiciMAD)","PBSC (publicbikesystem.net)","2026-08-28 00:09:06"
"1996","296 - Costa Verde",40.469477,-3.696862,43,14,7,"ES","Madrid (BiciMAD)","PBSC (publicbikesystem.net)","2026-08-28 00:09:06"
"1997","297 - Simancas - Pinos Alta",40.4655,-3.69511298,43,4,19,"ES","Madrid (BiciMAD)","PBSC (publicbikesystem.net)","2026-08-28 00:09:06"
"1998","323 - Centro Deportivo Municipal Gallur",40.3984,-3.7359,43,18,2,"ES","Madrid (BiciMAD)","PBSC (publicbikesystem.net)","2026-08-28 00:09:06"
"1999","324 - Metro Lucero",40.4045713247517,-3.74509615211486,43,11,10,"ES","Madrid (BiciMAD)","PBSC (publicbikesystem.net)","2026-08-28 00:09:06"
"2000","457 - Hacienda de Pavones, 148",40.4026,-3.6419,43,5,15,"ES","Madrid (BiciMAD)","PBSC (publicbikesystem.net)","2026-08-28 00:09:06"
"2001","432 - Maquinilla - Tranvía Blanco",40.3807115415751,-3.63660359830116,44,10,14,"ES","Madrid (BiciMAD)","PBSC (publicbikesystem.net)","2026-08-28 00:09:06"
"2002","298 - Marques de Viana - Bellver",40.4638831,-3.705172,39,17,0,"ES","Madrid (BiciMAD)","PBSC (publicbikesystem.net)","2026-08-28 00:09:06"
"2003","437 - Metro Sierra de Guadalupe",40.38135158,-3.62376457,52,1,22,"ES","Madrid (BiciMAD)","PBSC (publicbikesystem.net)","2026-08-28 00:09:06"
"2004","358 - Verdad",40.391787,-3.71716,43,16,6,"ES","Madrid (BiciMAD)","PBSC (publicbikesystem.net)","2026-08-28 00:09:06"
"2005","352 - Algorta  - General Ricardos",40.3916226145471,-3.72745169,103,3,20,"ES","Madrid (BiciMAD)","PBSC (publicbikesystem.net)","2026-08-28 00:09:06"
"2006","492 - Metro La Almudena",40.42466356,-3.63949891,44,20,3,"ES","Madrid (BiciMAD)","PBSC (publicbikesystem.net)","2026-08-28 00:09:06"
"2007","322 - Ps. Jesuitas - Mercado Alto Extremadura",40.408,-3.7351,47,27,0,"ES","Madrid (BiciMAD)","PBSC (publicbikesystem.net)","2026-08-28 00:09:06"
"2008","392 - Metro Almendrales",40.38268,-3.697856,43,5,17,"ES","Madrid (BiciMAD)","PBSC (publicbikesystem.net)","2026-08-28 00:09:06"
"2009","420 - Candilejas, 5",40.38263599,-3.66300383,43,9,9,"ES","Madrid (BiciMAD)","PBSC (publicbikesystem.net)","2026-08-28 00:09:06"
"2010","419 - Estación de tren de El Pozo",40.3762374,-3.655868,47,0,20,"ES","Madrid (BiciMAD)","PBSC (publicbikesystem.net)","2026-08-28 00:09:06"
"2011","439 - Cabeza Mesada - Parque de Valdeperdices",40.37647902,-3.629413,47,23,1,"ES","Madrid (BiciMAD)","PBSC (publicbikesystem.net)","2026-08-28 00:09:06"
"2012","398 - Orovilla - Felicidad",40.3587,-3.6895,47,23,0,"ES","Madrid (BiciMAD)","PBSC (publicbikesystem.net)","2026-08-28 00:09:06"
"2013","569 - C. Deportivo Mpal. Vicente del Bosque",40.4795,-3.6965,43,0,23,"ES","Madrid (BiciMAD)","PBSC (publicbikesystem.net)","2026-08-28 00:09:06"
"2014","571 - Melchor Fernández Almagro - Plaza Tuy",40.4756475,-3.7103262,43,16,3,"ES","Madrid (BiciMAD)","PBSC (publicbikesystem.net)","2026-08-28 00:09:06"
"2015","304 - Valle de Mena, 5",40.46962735,-3.71527245,43,23,0,"ES","Madrid (BiciMAD)","PBSC (publicbikesystem.net)","2026-08-28 00:09:06"
"2017","268 - Metro Arganzuela-Planetario",40.393383279806,-3.68903146357517,43,21,0,"ES","Madrid (BiciMAD)","PBSC (publicbikesystem.net)","2026-08-28 00:09:06"
"2019","305 - Intercambiador de Príncipe Pío B",40.42276114,-3.72317757,43,4,17,"ES","Madrid (BiciMAD)","PBSC (publicbikesystem.net)","2026-08-28 00:09:06"
"2020","306 - Centro Deportivo Mpal Fernando Martín",40.4617959,-3.7121965,43,8,14,"ES","Madrid (BiciMAD)","PBSC (publicbikesystem.net)","2026-08-28 00:09:06"
"2021","486 - Serrano Galvache - Arturo Soria",40.471382,-3.6679379,43,2,19,"ES","Madrid (BiciMAD)","PBSC (publicbikesystem.net)","2026-08-28 00:09:06"
"2022","502 - Puertollano - Veinticinco de Septiembre",40.4425157,-3.6237372,43,1,22,"ES","Madrid (BiciMAD)","PBSC (publicbikesystem.net)","2026-08-28 00:09:06"
"2023","462 - Gallegos - Lavadero Viejo",40.40240379,-3.6102747,47,3,21,"ES","Madrid (BiciMAD)","PBSC (publicbikesystem.net)","2026-08-28 00:09:06"
"2024","421 - Arroyo del Olivar - Buenos Aires",40.388435,-3.653269,44,10,13,"ES","Madrid (BiciMAD)","PBSC (publicbikesystem.net)","2026-08-28 00:09:06"
"2025","487 - Manuel Uribe - Arturo Soria",40.46434131,-3.66503419,43,1,20,"ES","Madrid (BiciMAD)","PBSC (publicbikesystem.net)","2026-08-28 00:09:06"
"2026","422 - Travesia de Palomeras, 7",40.39017003,-3.6705179,44,23,0,"ES","Madrid (BiciMAD)","PBSC (publicbikesystem.net)","2026-08-28 00:09:06"
"2027","423 - Estación de tren Asamblea de Madrid",40.38138801,-3.66855013,44,19,3,"ES","Madrid (BiciMAD)","PBSC (publicbikesystem.net)","2026-08-28 00:09:06"
"2028","424 - Camino de Valderribas, 47",40.4002231,-3.663958,44,21,2,"ES","Madrid (BiciMAD)","PBSC (publicbikesystem.net)","2026-08-28 00:09:06"
"2029","425 - Ramón Perez Ayala - Pque. Cerro Tío Pío",40.40003472,-3.65381017,44,9,13,"ES","Madrid (BiciMAD)","PBSC (publicbikesystem.net)","2026-08-28 00:09:06"
"2030","426 - Humanes - Benjamín Palencia",40.3952121,-3.64932678,44,5,18,"ES","Madrid (BiciMAD)","PBSC (publicbikesystem.net)","2026-08-28 00:09:06"
"2031","427 - Andaluces, 2",40.3914244,-3.64148304,44,2,19,"ES","Madrid (BiciMAD)","PBSC (publicbikesystem.net)","2026-08-28 00:09:06"
"2032","428 - Estadio de Vallecas",40.3919,-3.6571,44,5,19,"ES","Madrid (BiciMAD)","PBSC (publicbikesystem.net)","2026-08-28 00:09:06"
"2033","393 - Manuel Noya , 29",40.3853787,-3.7117979,44,19,4,"ES","Madrid (BiciMAD)","PBSC (publicbikesystem.net)","2026-08-28 00:09:06"
"2034","489 - Serrano Galvache - Yerma",40.47675257,-3.67144504,44,1,23,"ES","Madrid (BiciMAD)","PBSC (publicbikesystem.net)","2026-08-28 00:09:06"
"2035","490 - Hnos.García Noblejas-FcoLargo Caballero",40.42427523,-3.62888094,44,12,10,"ES","Madrid (BiciMAD)","PBSC (publicbikesystem.net)","2026-08-28 00:09:06"
"2036","488 - Ricardo Ortiz, 33",40.42657032,-3.65796439,44,16,7,"ES","Madrid (BiciMAD)","PBSC (publicbikesystem.net)","2026-08-28 00:09:06"
"2037","525 - Metro Manoteras",40.47675499,-3.66269029,44,4,20,"ES","Madrid (BiciMAD)","PBSC (publicbikesystem.net)","2026-08-28 00:09:06"
"2038","504 - Biblioteca Pública Municipal San Blas",40.4230992857364,-3.62346693554526,44,9,15,"ES","Madrid (BiciMAD)","PBSC (publicbikesystem.net)","2026-08-28 00:09:06"
"2039","503 - Zaldívar - Valdecanillas",40.43209033,-3.62650373,44,13,11,"ES","Madrid (BiciMAD)","PBSC (publicbikesystem.net)","2026-08-28 00:09:06"
"2040","404 - Junta Municipal Distrito de Villaverde",40.349111,-3.710985,47,8,18,"ES","Madrid (BiciMAD)","PBSC (publicbikesystem.net)","2026-08-28 00:09:06"
"2041","353 - Mercedes Arteaga, 21",40.3925160800294,-3.72221757047546,44,23,1,"ES","Madrid (BiciMAD)","PBSC (publicbikesystem.net)","2026-08-28 00:09:06"
"2042","355 - Intercambiador de Plaza Elíptica",40.3854641,-3.7182338,49,6,15,"ES","Madrid (BiciMAD)","PBSC (publicbikesystem.net)","2026-08-28 00:09:06"
"2043","326 - Metro Alto de Extremadura",40.4093795032098,-3.73961578102035,44,22,1,"ES","Madrid (BiciMAD)","PBSC (publicbikesystem.net)","2026-08-28 00:09:06"
"2044","327 - El Greco, 27 - C. Cultural El Greco",40.40741199,-3.74726153,44,4,18,"ES","Madrid (BiciMAD)","PBSC (publicbikesystem.net)","2026-08-28 00:09:06"
"2045","458 - Metro Vinateros",40.40991083,-3.65256604,44,6,15,"ES","Madrid (BiciMAD)","PBSC (publicbikesystem.net)","2026-08-28 00:09:06"
"2046","459 - Moratalaz",40.40750626,-3.66000272,44,14,9,"ES","Madrid (BiciMAD)","PBSC (publicbikesystem.net)","2026-08-28 00:09:06"
"2047","461 - Plaza Corregidor Ldo. Antonio de Mena",40.4099,-3.6408,42,4,20,"ES","Madrid (BiciMAD)","PBSC (publicbikesystem.net)","2026-08-28 00:09:06"
"2048","356 - Portalegre - Tinamús",40.38937686,-3.72364769,44,23,0,"ES","Madrid (BiciMAD)","PBSC (publicbikesystem.net)","2026-08-28 00:09:06"
"2049","572 - Junta Mpal. Dtto. Fuencarral - El Pardo",40.47810429,-3.70997335,44,1,21,"ES","Madrid (BiciMAD)","PBSC (publicbikesystem.net)","2026-08-28 00:09:06"
"2050","573 - Melchor Fernández Almagro - Villa Marín",40.47772776,-3.69962571,44,9,14,"ES","Madrid (BiciMAD)","PBSC (publicbikesystem.net)","2026-08-28 00:09:06"
"2051","575 - Metro Barrio del Pilar",40.47817,-3.703526,44,8,15,"ES","Madrid (BiciMAD)","PBSC (publicbikesystem.net)","2026-08-28 00:09:06"
"2052","574 - Chantada",40.472695,-3.710678,44,17,5,"ES","Madrid (BiciMAD)","PBSC (publicbikesystem.net)","2026-08-28 00:09:06"
"2053","440 - Metro Villa de Vallecas",40.3795035,-3.62144691,38,3,13,"ES","Madrid (BiciMAD)","PBSC (publicbikesystem.net)","2026-08-28 00:09:06"
"2054","507 - Seis - Sexta",40.44845033,-3.59650295,44,5,12,"ES","Madrid (BiciMAD)","PBSC (publicbikesystem.net)","2026-08-28 00:09:06"
"2055","299 - Rosario Pino - Joan Maragall",40.46204955,-3.69193246,44,10,14,"ES","Madrid (BiciMAD)","PBSC (publicbikesystem.net)","2026-08-28 00:09:06"
"2056","300 - Capitan Blanco Argibay - Alfalfa",40.4667435,-3.7031882,44,9,15,"ES","Madrid (BiciMAD)","PBSC (publicbikesystem.net)","2026-08-28 00:09:06"
"2057","301 - Muller - Capitan Blanco Argibay",40.46518187,-3.69837565,44,5,19,"ES","Madrid (BiciMAD)","PBSC (publicbikesystem.net)","2026-08-28 00:09:06"
"2059","396 - Gran Avenida, 27",40.36997711,-3.70760649,64,16,1,"ES","Madrid (BiciMAD)","PBSC (publicbikesystem.net)","2026-08-28 00:09:06"
"2060","394 - Periana, 24",40.36672327,-3.68765805,64,21,1,"ES","Madrid (BiciMAD)","PBSC (publicbikesystem.net)","2026-08-28 00:09:06"
"2061","397 - Centro Deportivo Municipal Orcasur",40.36809336,-3.69838038,44,13,10,"ES","Madrid (BiciMAD)","PBSC (publicbikesystem.net)","2026-08-28 00:09:06"
"2062","399 - Bohemios - Gigantes y Cabezudos",40.356536,-3.693901,44,19,0,"ES","Madrid (BiciMAD)","PBSC (publicbikesystem.net)","2026-08-28 00:09:06"
"2063","430 - Torremolinos - Rafael Alberti",40.38500948,-3.64178999,44,13,9,"ES","Madrid (BiciMAD)","PBSC (publicbikesystem.net)","2026-08-28 00:09:06"
"2064","269 - Ariel - Parque Enrique Tierno Galván",40.3930238023698,-3.67970176633988,44,20,1,"ES","Madrid (BiciMAD)","PBSC (publicbikesystem.net)","2026-08-28 00:09:06"
"2065","491 - Esteban Collantes - José Arcones Gil",40.432883,-3.637663,44,11,13,"ES","Madrid (BiciMAD)","PBSC (publicbikesystem.net)","2026-08-28 00:09:06"
"2066","527 - Velacho Alto - Trinquete",40.47250314,-3.65926884,44,9,15,"ES","Madrid (BiciMAD)","PBSC (publicbikesystem.net)","2026-08-28 00:09:06"
"2067","526 - Plaza del Liceo",40.45754368,-3.64441924,44,1,21,"ES","Madrid (BiciMAD)","PBSC (publicbikesystem.net)","2026-08-28 00:09:06"
"2068","431 - Puerto Canfranc, 18",40.3969,-3.6634,44,19,4,"ES","Madrid (BiciMAD)","PBSC (publicbikesystem.net)","2026-08-28 00:09:06"
"2069","429 - Carlos M. Alvarez - Javier de Miguel",40.3895,-3.6635,43,18,4,"ES","Madrid (BiciMAD)","PBSC (publicbikesystem.net)","2026-08-28 00:09:06"
"2070","357 - Sorbe - Baleares",40.3898701,-3.71320917,64,20,0,"ES","Madrid (BiciMAD)","PBSC (publicbikesystem.net)","2026-08-28 00:09:06"
"2071","270 - Teresa L. Valcárcel - Tte. Cnel. Noreña",40.38862908,-3.69328771,44,22,0,"ES","Madrid (BiciMAD)","PBSC (publicbikesystem.net)","2026-08-28 00:09:06"
"2072","493 - Arturo Soria - San Luis",40.47636724,-3.6684167,43,3,18,"ES","Madrid (BiciMAD)","PBSC (publicbikesystem.net)","2026-08-28 00:09:06"
"2073","433 - Villalobos, 28",40.38161669,-3.65076037,64,17,7,"ES","Madrid (BiciMAD)","PBSC (publicbikesystem.net)","2026-08-28 00:09:06"
"2074","436 - Campus Sur UPM",40.3901675,-3.62713659,44,4,19,"ES","Madrid (BiciMAD)","PBSC (publicbikesystem.net)","2026-08-28 00:09:06"
"2075","434 - Charleroi - Cocherón de la Villa",40.38191654,-3.63219372,44,2,20,"ES","Madrid (BiciMAD)","PBSC (publicbikesystem.net)","2026-08-28 00:09:06"
"2076","506 - Albarracín - Julián Camarillo",40.43397327,-3.63251641,44,5,18,"ES","Madrid (BiciMAD)","PBSC (publicbikesystem.net)","2026-08-28 00:09:06"
"2077","505 - Castillo de Uclés, 37",40.4315255,-3.62306578,44,23,0,"ES","Madrid (BiciMAD)","PBSC (publicbikesystem.net)","2026-08-28 00:09:06"
"2078","435 - San Claudio",40.38902883,-3.63953994,44,5,17,"ES","Madrid (BiciMAD)","PBSC (publicbikesystem.net)","2026-08-28 00:09:06"
"2080","302 - Ps. Dirección B - Pque A. Rguez Sahagún",40.4700119631765,-3.70430636938095,44,8,15,"ES","Madrid (BiciMAD)","PBSC (publicbikesystem.net)","2026-08-28 00:09:06"
"2081","463 - Casalarreina, 18",40.409390898604,-3.61231879805246,44,8,13,"ES","Madrid (BiciMAD)","PBSC (publicbikesystem.net)","2026-08-28 00:09:06"
"2082","464 - Univ. Rey Juan Carlos - Campus Madrid",40.40634029,-3.61283416,44,6,17,"ES","Madrid (BiciMAD)","PBSC (publicbikesystem.net)","2026-08-28 00:09:06"
"2083","400 - Metro Ciudad de los Ángeles",40.36064659,-3.69399661,44,11,12,"ES","Madrid (BiciMAD)","PBSC (publicbikesystem.net)","2026-08-28 00:09:06"
"2084","307 - Metro Valdezarza",40.46588016,-3.71693008,44,8,15,"ES","Madrid (BiciMAD)","PBSC (publicbikesystem.net)","2026-08-28 00:09:06"
"2085","303 - Ps. Dirección A - Pque A. Rguez Sahagún",40.467339,-3.708215,44,5,19,"ES","Madrid (BiciMAD)","PBSC (publicbikesystem.net)","2026-08-28 00:09:06"
"2086","576 - El Ferrol, 18",40.47431313,-3.70510525,44,5,19,"ES","Madrid (BiciMAD)","PBSC (publicbikesystem.net)","2026-08-28 00:09:06"
"2087","577 - Monforte de Lemos - Plaza de Mondariz",40.47899993,-3.70566914,44,0,22,"ES","Madrid (BiciMAD)","PBSC (publicbikesystem.net)","2026-08-28 00:09:06"
"2088","309 - Ofelia Nieto - Villaamil",40.462051,-3.708734,44,17,7,"ES","Madrid (BiciMAD)","PBSC (publicbikesystem.net)","2026-08-28 00:09:06"
"2089","308 - María Auxiliadora - Francos Rodríguez",40.45772941,-3.71346147,44,4,20,"ES","Madrid (BiciMAD)","PBSC (publicbikesystem.net)","2026-08-28 00:09:06"
"2090","510 - Metro Avenida de Guadalajara",40.42218968,-3.61346199,44,8,14,"ES","Madrid (BiciMAD)","PBSC (publicbikesystem.net)","2026-08-28 00:09:06"
"2091","511 - Aquitania 31",40.41912347,-3.61726728,47,7,19,"ES","Madrid (BiciMAD)","PBSC (publicbikesystem.net)","2026-08-28 00:09:06"
"2092","512 - Semilla - Aparejadores",40.42667885,-3.61537023,44,9,13,"ES","Madrid (BiciMAD)","PBSC (publicbikesystem.net)","2026-08-28 00:09:06"
"2093","513 - Centro Deportivo Mpal. Pepu Hernández",40.4271211,-3.60645414,47,3,23,"ES","Madrid (BiciMAD)","PBSC (publicbikesystem.net)","2026-08-28 00:09:06"
"2094","514 - María Sevilla Diago",40.43283006,-3.61095077,44,7,17,"ES","Madrid (BiciMAD)","PBSC (publicbikesystem.net)","2026-08-28 00:09:06"
"2095","515 - Avenida de Hellin, 13",40.43091667,-3.61579967,44,19,5,"ES","Madrid (BiciMAD)","PBSC (publicbikesystem.net)","2026-08-28 00:09:06"
"2096","359 - El Toboso - Zaida",40.3929901,-3.7363397,43,11,11,"ES","Madrid (BiciMAD)","PBSC (publicbikesystem.net)","2026-08-28 00:09:06"
"2097","360 - Ntra. Sra. Fátima - Ntra. Sra. de Luz",40.3840155,-3.7470882,43,0,22,"ES","Madrid (BiciMAD)","PBSC (publicbikesystem.net)","2026-08-28 00:09:06"
"2098","361 - Metro Pan Bendito",40.37734672,-3.73266666,63,19,0,"ES","Madrid (BiciMAD)","PBSC (publicbikesystem.net)","2026-08-28 00:09:06"
"2099","441 - Estación de tren de Santa Eugenia",40.38600753,-3.60948153,44,12,10,"ES","Madrid (BiciMAD)","PBSC (publicbikesystem.net)","2026-08-28 00:09:06"
"2100","442 - Santa Eugenia - Zazuar",40.38305936,-3.60463,47,22,4,"ES","Madrid (BiciMAD)","PBSC (publicbikesystem.net)","2026-08-28 00:09:06"
"2101","443 - Fuentespina, 33",40.37941487,-3.60724755,44,14,9,"ES","Madrid (BiciMAD)","PBSC (publicbikesystem.net)","2026-08-28 00:09:06"
"2102","362 - Hilario Herranz Establos, 36",40.372839,-3.726638,57,5,19,"ES","Madrid (BiciMAD)","PBSC (publicbikesystem.net)","2026-08-28 00:09:06"
"2103","557 - Metro Alameda de Osuna",40.45746674,-3.58815143,44,12,9,"ES","Madrid (BiciMAD)","PBSC (publicbikesystem.net)","2026-08-28 00:09:06"
"2104","290 - Francisco Suárez - Paseo de La Habana",40.46437817,-3.67994416,43,2,20,"ES","Madrid (BiciMAD)","PBSC (publicbikesystem.net)","2026-08-28 00:09:06"
"2105","529 - Lopez de Hoyos , 478",40.47175,-3.649843,43,2,21,"ES","Madrid (BiciMAD)","PBSC (publicbikesystem.net)","2026-08-28 00:09:06"
"2106","530 - Metro Mar de Cristal",40.4685745,-3.63788349,47,1,24,"ES","Madrid (BiciMAD)","PBSC (publicbikesystem.net)","2026-08-28 00:09:06"
"2107","531 - Metro Parque de Santa María",40.4768782,-3.6450741,38,6,12,"ES","Madrid (BiciMAD)","PBSC (publicbikesystem.net)","2026-08-28 00:09:06"
"2108","532 - Metro San Lorenzo",40.47490194,-3.6395164,44,12,10,"ES","Madrid (BiciMAD)","PBSC (publicbikesystem.net)","2026-08-28 00:09:06"
"2109","533 - San Luis, 23",40.47148748,-3.65511455,43,2,21,"ES","Madrid (BiciMAD)","PBSC (publicbikesystem.net)","2026-08-28 00:09:06"
"2110","106A - Plaza de Colón A",40.424924,-3.687807,39,0,18,"ES","Madrid (BiciMAD)","PBSC (publicbikesystem.net)","2026-08-28 00:09:06"
"2111","582 - Isla Graciosa - Isla de Java",40.49262243,-3.6862657,44,22,1,"ES","Madrid (BiciMAD)","PBSC (publicbikesystem.net)","2026-08-28 00:09:06"
"2112","583 - Ángel Múgica - Marcos de Orueta",40.48468297,-3.68529048,44,19,5,"ES","Madrid (BiciMAD)","PBSC (publicbikesystem.net)","2026-08-28 00:09:06"
"2113","584 - Metro Montecarmelo",40.50501029,-3.69603345,44,6,18,"ES","Madrid (BiciMAD)","PBSC (publicbikesystem.net)","2026-08-28 00:09:06"
"2114","585 - Metro Fuencarral",40.4954662,-3.69374813,44,17,6,"ES","Madrid (BiciMAD)","PBSC (publicbikesystem.net)","2026-08-28 00:09:06"
"2115","586 - Caldas Estrach - San Cugat del Vallés",40.4963916,-3.6974725,37,8,9,"ES","Madrid (BiciMAD)","PBSC (publicbikesystem.net)","2026-08-28 00:09:06"
"2116","534 - Mesena, 102",40.46772408,-3.66340634,44,0,24,"ES","Madrid (BiciMAD)","PBSC (publicbikesystem.net)","2026-08-28 00:09:06"
"2117","273 - Delicias - General Lacy",40.40381914,-3.69091831,39,5,14,"ES","Madrid (BiciMAD)","PBSC (publicbikesystem.net)","2026-08-28 00:09:06"
"2118","587 - Metro Paco de Lucía",40.49892399,-3.70865744,47,8,18,"ES","Madrid (BiciMAD)","PBSC (publicbikesystem.net)","2026-08-28 00:09:06"
"2119","588 - Campo Calatrava - Rda Ingenioso Hidalgo",40.50052161,-3.69112254,47,8,19,"ES","Madrid (BiciMAD)","PBSC (publicbikesystem.net)","2026-08-28 00:09:06"
"2120","589 - Monast. Silos - Monast. Montesclaros",40.50340494,-3.70290315,44,4,16,"ES","Madrid (BiciMAD)","PBSC (publicbikesystem.net)","2026-08-28 00:09:06"
"2121","535 - Metro Canillas",40.463575,-3.634999,47,0,25,"ES","Madrid (BiciMAD)","PBSC (publicbikesystem.net)","2026-08-28 00:09:06"
"2122","328 - Cebreros, 97",40.4032379,-3.7521917,43,20,1,"ES","Madrid (BiciMAD)","PBSC (publicbikesystem.net)","2026-08-28 00:09:06"
"2123","329 - Metro Laguna",40.3988162,-3.74445208,43,1,20,"ES","Madrid (BiciMAD)","PBSC (publicbikesystem.net)","2026-08-28 00:09:06"
"2124","330 - Duquesa de Parcent - Marcelino Castillo",40.39500224,-3.7447281,43,11,9,"ES","Madrid (BiciMAD)","PBSC (publicbikesystem.net)","2026-08-28 00:09:06"
"2125","331 - Valmojado",40.3961456236824,-3.75753788533884,44,7,13,"ES","Madrid (BiciMAD)","PBSC (publicbikesystem.net)","2026-08-28 00:09:06"
"2126","332 - Los Yébenes, 159",40.39302789,-3.75181704,43,12,10,"ES","Madrid (BiciMAD)","PBSC (publicbikesystem.net)","2026-08-28 00:09:06"
"2127","363 - Metro Oporto",40.38745087,-3.72987333,43,1,18,"ES","Madrid (BiciMAD)","PBSC (publicbikesystem.net)","2026-08-28 00:09:06"
"2128","364 - Metro Opañel",40.38550735,-3.72378064,43,11,11,"ES","Madrid (BiciMAD)","PBSC (publicbikesystem.net)","2026-08-28 00:09:06"
"2129","536 - Boj",40.4560204,-3.6180818,43,0,19,"ES","Madrid (BiciMAD)","PBSC (publicbikesystem.net)","2026-08-28 00:09:06"
"2130","537 - Plaza López de la Plata",40.45841466,-3.62579439,47,0,24,"ES","Madrid (BiciMAD)","PBSC (publicbikesystem.net)","2026-08-28 00:09:06"
"2131","538 - Haendel, 8",40.46275082,-3.62532131,47,1,24,"ES","Madrid (BiciMAD)","PBSC (publicbikesystem.net)","2026-08-28 00:09:06"
"2132","333 - Illescas - Camarena",40.392175,-3.7562323,43,21,1,"ES","Madrid (BiciMAD)","PBSC (publicbikesystem.net)","2026-08-28 00:09:06"
"2133","365 - Palacio Vistalegre Arena",40.38537202,-3.73725908,43,9,13,"ES","Madrid (BiciMAD)","PBSC (publicbikesystem.net)","2026-08-28 00:09:06"
"2134","366 - Metro Carabanchel",40.387737,-3.744521,43,0,22,"ES","Madrid (BiciMAD)","PBSC (publicbikesystem.net)","2026-08-28 00:09:06"
"2135","291 - Plaza José María Soler",40.45866532,-3.66790332,43,5,18,"ES","Madrid (BiciMAD)","PBSC (publicbikesystem.net)","2026-08-28 00:09:06"
"2136","292 - Centro Deportivo Municipal Pradillo",40.44904126,-3.6717937,43,2,19,"ES","Madrid (BiciMAD)","PBSC (publicbikesystem.net)","2026-08-28 00:09:06"
"2137","494 - Metro Pinar de Chamartín",40.480694,-3.666529,43,0,21,"ES","Madrid (BiciMAD)","PBSC (publicbikesystem.net)","2026-08-28 00:09:06"
"2138","516 - Juan Ignacio Luca Tena - Quinta Molinos",40.44796778,-3.63110255,46,7,17,"ES","Madrid (BiciMAD)","PBSC (publicbikesystem.net)","2026-08-28 00:09:06"
"2139","368 - Eugenia de Montijo",40.3791024,-3.74706068,35,7,7,"ES","Madrid (BiciMAD)","PBSC (publicbikesystem.net)","2026-08-28 00:09:06"
"2140","369 - Junta Municipal Distrito de Carabanchel",40.3798257418401,-3.74182459881134,42,11,10,"ES","Madrid (BiciMAD)","PBSC (publicbikesystem.net)","2026-08-28 00:09:06"
"2141","370 - Avefría - Plaza de Tarifa",40.38386939,-3.7308025,43,21,0,"ES","Madrid (BiciMAD)","PBSC (publicbikesystem.net)","2026-08-28 00:09:06"
"2142","590 - Metro Arroyofresno",40.49093014,-3.72757227,47,12,13,"ES","Madrid (BiciMAD)","PBSC (publicbikesystem.net)","2026-08-28 00:09:06"
"2143","517 - San Mariano - Circe",40.44175279,-3.61190481,47,16,9,"ES","Madrid (BiciMAD)","PBSC (publicbikesystem.net)","2026-08-28 00:09:06"
"2144","518 - Tampico - Plaza Barbados",40.444569,-3.635345,43,2,20,"ES","Madrid (BiciMAD)","PBSC (publicbikesystem.net)","2026-08-28 00:09:06"
"2145","371 - Joaquin Turina, 49",40.372458,-3.76182,47,16,9,"ES","Madrid (BiciMAD)","PBSC (publicbikesystem.net)","2026-08-28 00:09:06"
"2146","372 - Lonja de la Seda, 33",40.36612215,-3.76158263,63,0,21,"ES","Madrid (BiciMAD)","PBSC (publicbikesystem.net)","2026-08-28 00:09:06"
"2147","373 - Metro La Peseta",40.36277848,-3.75787005,43,0,21,"ES","Madrid (BiciMAD)","PBSC (publicbikesystem.net)","2026-08-28 00:09:06"
"2148","374 - Dinero - La Peseta",40.3625707,-3.7501466,47,6,17,"ES","Madrid (BiciMAD)","PBSC (publicbikesystem.net)","2026-08-28 00:09:06"
"2149","375 - Calderilla, 4",40.36521132,-3.73851114,47,0,25,"ES","Madrid (BiciMAD)","PBSC (publicbikesystem.net)","2026-08-28 00:09:06"
"2150","591 - Metro Mirasierra",40.49108225,-3.71622921,39,6,12,"ES","Madrid (BiciMAD)","PBSC (publicbikesystem.net)","2026-08-28 00:09:06"
"2151","592 - Estación de tren de Pitis",40.4956969,-3.7249527,47,6,19,"ES","Madrid (BiciMAD)","PBSC (publicbikesystem.net)","2026-08-28 00:09:06"
"2152","376 - Metro Carpetana",40.39229225,-3.7405438,44,1,23,"ES","Madrid (BiciMAD)","PBSC (publicbikesystem.net)","2026-08-28 00:09:06"
"2153","377 - Metro Abrantes",40.38091762,-3.72783615,63,17,2,"ES","Madrid (BiciMAD)","PBSC (publicbikesystem.net)","2026-08-28 00:09:06"
"2154","539 - Mota del Cuervo",40.4648762,-3.63135715,44,5,18,"ES","Madrid (BiciMAD)","PBSC (publicbikesystem.net)","2026-08-28 00:09:06"
"2155","334 - Metro Campamento",40.39497294,-3.76815631,44,0,23,"ES","Madrid (BiciMAD)","PBSC (publicbikesystem.net)","2026-08-28 00:09:06"
"2156","335 - Cardaño, 10",40.39659757,-3.77057541,44,0,23,"ES","Madrid (BiciMAD)","PBSC (publicbikesystem.net)","2026-08-28 00:09:06"
"2157","519 - Troya, 11",40.43699597,-3.61191521,44,19,3,"ES","Madrid (BiciMAD)","PBSC (publicbikesystem.net)","2026-08-28 00:09:06"
"2158","378 - Eugenia de Montijo, 83",40.37562288,-3.7509733,44,4,19,"ES","Madrid (BiciMAD)","PBSC (publicbikesystem.net)","2026-08-28 00:09:06"
"2159","379 - Antonia Rodríguez Sacristán - Valeriana",40.37313777,-3.74765739,44,8,14,"ES","Madrid (BiciMAD)","PBSC (publicbikesystem.net)","2026-08-28 00:09:06"
"2160","495 - Caleruega",40.478611,-3.670476,44,1,23,"ES","Madrid (BiciMAD)","PBSC (publicbikesystem.net)","2026-08-28 00:09:06"
"2161","593 - Metro Avenida de la Ilustración",40.48027409,-3.71869067,44,23,0,"ES","Madrid (BiciMAD)","PBSC (publicbikesystem.net)","2026-08-28 00:09:06"
"2162","594 - Pedro Rico, 49",40.48194,-3.703918,44,0,22,"ES","Madrid (BiciMAD)","PBSC (publicbikesystem.net)","2026-08-28 00:09:06"
"2163","595 - Betanzos - Fermín Caballero",40.48178815,-3.7132206,44,20,2,"ES","Madrid (BiciMAD)","PBSC (publicbikesystem.net)","2026-08-28 00:09:06"
"2164","596 - Metro Lacoma",40.4855158,-3.7228461,44,11,13,"ES","Madrid (BiciMAD)","PBSC (publicbikesystem.net)","2026-08-28 00:09:06"
"2165","540 - Estación de tren Fuente de la Mora",40.4845596,-3.6636484,44,1,23,"ES","Madrid (BiciMAD)","PBSC (publicbikesystem.net)","2026-08-28 00:09:06"
"2166","336 - Calle Oliva de Plasencia, 1",40.37850071,-3.77915183,44,6,18,"ES","Madrid (BiciMAD)","PBSC (publicbikesystem.net)","2026-08-28 00:09:06"
"2167","337 - Metro Aluche",40.38614104,-3.76048923,48,1,17,"ES","Madrid (BiciMAD)","PBSC (publicbikesystem.net)","2026-08-28 00:09:06"
"2168","338 - Guareña - Luis Chamizo",40.3863623370605,-3.7653391035306,38,0,18,"ES","Madrid (BiciMAD)","PBSC (publicbikesystem.net)","2026-08-28 00:09:06"
"2169","339 - Estación de tren Las Águilas",40.38132642,-3.78061952,44,2,22,"ES","Madrid (BiciMAD)","PBSC (publicbikesystem.net)","2026-08-28 00:09:06"
"2170","597 - Foresta, 8",40.49853277,-3.66777681,43,0,22,"ES","Madrid (BiciMAD)","PBSC (publicbikesystem.net)","2026-08-28 00:09:06"
"2171","445 - C. Deportivo Mpal. Juan de Dios Román",40.36334587,-3.60503564,47,0,26,"ES","Madrid (BiciMAD)","PBSC (publicbikesystem.net)","2026-08-28 00:09:06"
"2172","599 - Instalación Deportiva La Cabrera",40.47223267,-3.71920443,47,27,0,"ES","Madrid (BiciMAD)","PBSC (publicbikesystem.net)","2026-08-28 00:09:06"
"2173","343 - Metro Aviación Española",40.38358975,-3.78339301,43,0,20,"ES","Madrid (BiciMAD)","PBSC (publicbikesystem.net)","2026-08-28 00:09:06"
"2174","344 - Ocaña, 103",40.38586273,-3.75292035,43,0,23,"ES","Madrid (BiciMAD)","PBSC (publicbikesystem.net)","2026-08-28 00:09:06"
"2175","313 - Juan XXIII, 24",40.448084,-3.7169359,47,5,21,"ES","Madrid (BiciMAD)","PBSC (publicbikesystem.net)","2026-08-28 00:09:06"
"2176","314 - Av. Valladolid - Parque de la Bombilla",40.42966,-3.73068,47,24,2,"ES","Madrid (BiciMAD)","PBSC (publicbikesystem.net)","2026-08-28 00:09:06"
"2177","315 - Caroli",40.45862,-3.784627,43,19,4,"ES","Madrid (BiciMAD)","PBSC (publicbikesystem.net)","2026-08-28 00:09:06"
"2178","316 - C. Deportivo Mpal. Ciudad De Los Poetas",40.46439687,-3.71995383,39,12,3,"ES","Madrid (BiciMAD)","PBSC (publicbikesystem.net)","2026-08-28 00:09:06"
"2179","317 - Antonio Machado, 30",40.46826955,-3.71921712,47,16,11,"ES","Madrid (BiciMAD)","PBSC (publicbikesystem.net)","2026-08-28 00:09:06"
"2180","345 - Fuente del Tiro - Avd. de las Águilas",40.38308791,-3.7798001,44,0,23,"ES","Madrid (BiciMAD)","PBSC (publicbikesystem.net)","2026-08-28 00:09:06"
"2182","449 - Metro Congosto",40.37286701,-3.61869106,44,0,24,"ES","Madrid (BiciMAD)","PBSC (publicbikesystem.net)","2026-08-28 00:09:06"
"2183","450 - Camino de las Hormigueras, 161",40.3762555,-3.6370762,44,9,15,"ES","Madrid (BiciMAD)","PBSC (publicbikesystem.net)","2026-08-28 00:09:06"
"2184","294 - Edificio Torres Blancas",40.440944,-3.672339,44,15,7,"ES","Madrid (BiciMAD)","PBSC (publicbikesystem.net)","2026-08-28 00:09:06"
"2185","604 - Metro Las Tablas",40.50910428,-3.66955215,43,1,22,"ES","Madrid (BiciMAD)","PBSC (publicbikesystem.net)","2026-08-28 00:09:06"
"2186","348 - José de Cadalso - Rafael Finat",40.37959145,-3.77024778,47,11,15,"ES","Madrid (BiciMAD)","PBSC (publicbikesystem.net)","2026-08-28 00:09:06"
"2187","438 - Biblioteca Pública Luis Martín Santos",40.3804482,-3.6140607,47,13,12,"ES","Madrid (BiciMAD)","PBSC (publicbikesystem.net)","2026-08-28 00:09:06"
"2188","451 -  La Granja de San Ildefonso, 14",40.36813427,-3.62283116,47,27,0,"ES","Madrid (BiciMAD)","PBSC (publicbikesystem.net)","2026-08-28 00:09:06"
"2189","452 - Las Suertes, 15",40.3713613,-3.6078539,43,9,14,"ES","Madrid (BiciMAD)","PBSC (publicbikesystem.net)","2026-08-28 00:09:06"
"2190","453 - Metro La Gavia",40.37043968,-3.61253028,47,12,15,"ES","Madrid (BiciMAD)","PBSC (publicbikesystem.net)","2026-08-28 00:09:06"
"2191","454 - Gran Vía del Sureste - Las Suertes",40.3631604,-3.5897045,47,7,19,"ES","Madrid (BiciMAD)","PBSC (publicbikesystem.net)","2026-08-28 00:09:06"
"2205","267 - Paseo de la Chopera - Fernando Poo",40.395,-3.70039966472387,43,0,21,"ES","Madrid (BiciMAD)","PBSC (publicbikesystem.net)","2026-08-28 00:09:06"
"2207","391 - Junta Municipal Distrito de Usera",40.3817026328731,-3.7112962209015,43,21,0,"ES","Madrid (BiciMAD)","PBSC (publicbikesystem.net)","2026-08-28 00:09:06"
"2214","580 - Metro Herrera Oria",40.483289,-3.706089,43,0,23,"ES","Madrid (BiciMAD)","PBSC (publicbikesystem.net)","2026-08-28 00:09:06"
"2224","150 - Castellana - Hermanos Pinzón",40.4491,-3.6908,43,0,23,"ES","Madrid (BiciMAD)","PBSC (publicbikesystem.net)","2026-08-28 00:09:06"
"2225","157 - Plaza de Cuzco",40.4591366,-3.6894151,43,0,23,"ES","Madrid (BiciMAD)","PBSC (publicbikesystem.net)","2026-08-28 00:09:06"
"2226","395 - Guetaria, 84B",40.36916772,-3.71569102,44,16,4,"ES","Madrid (BiciMAD)","PBSC (publicbikesystem.net)","2026-08-28 00:09:06"
"2233","548 - Eduardo Mazón - Guadalajara",40.4521484,-3.6154157,43,8,12,"ES","Madrid (BiciMAD)","PBSC (publicbikesystem.net)","2026-08-28 00:09:06"
"2234","293 - Santa Rita - Clara del Rey",40.4457928,-3.6682882,43,8,14,"ES","Madrid (BiciMAD)","PBSC (publicbikesystem.net)","2026-08-28 00:09:06"
"2235","520 - Niza - Plaza de Grecia",40.4342806,-3.60811578,43,0,22,"ES","Madrid (BiciMAD)","PBSC (publicbikesystem.net)","2026-08-28 00:09:06"
"2236","509 - Amposta - Arcos de Jalón",40.42218951,-3.61865045,43,7,15,"ES","Madrid (BiciMAD)","PBSC (publicbikesystem.net)","2026-08-28 00:09:06"
"2237","558 - Biblioteca Pública Mpal. Gloria Fuertes",40.461137,-3.593712,43,15,6,"ES","Madrid (BiciMAD)","PBSC (publicbikesystem.net)","2026-08-28 00:09:06"
"2238","561 - Plaza Nuestra Señora de Loreto",40.472048,-3.585751,43,3,17,"ES","Madrid (BiciMAD)","PBSC (publicbikesystem.net)","2026-08-28 00:09:06"
"2239","562 - Tomillar - Tintín y Milú",40.46267435,-3.58405573,47,14,12,"ES","Madrid (BiciMAD)","PBSC (publicbikesystem.net)","2026-08-28 00:09:06"
"2240","560 - Playa de Zarauz - Playa de la Caleta",40.4731404,-3.5906847,43,6,15,"ES","Madrid (BiciMAD)","PBSC (publicbikesystem.net)","2026-08-28 00:09:06"
"2241","568 - IFEMA A",40.4632802,-3.6178336,47,13,13,"ES","Madrid (BiciMAD)","PBSC (publicbikesystem.net)","2026-08-28 00:09:06"
"2243","405 - Paseo Alberto Palacios, 42",40.3449259916087,-3.71290396441804,43,22,0,"ES","Madrid (BiciMAD)","PBSC (publicbikesystem.net)","2026-08-28 00:09:06"
"2244","401 - Estación de tren de Villaverde Bajo",40.353285,-3.683127,47,9,17,"ES","Madrid (BiciMAD)","PBSC (publicbikesystem.net)","2026-08-28 00:09:06"
"2245","406 - La Nave de Madrid",40.3486,-3.6960817,43,20,2,"ES","Madrid (BiciMAD)","PBSC (publicbikesystem.net)","2026-08-28 00:09:06"
"2246","403 - Auñón, 16",40.3504944,-3.6775242,43,7,14,"ES","Madrid (BiciMAD)","PBSC (publicbikesystem.net)","2026-08-28 00:09:06"
"2247","280 - Ps de los Melancólicos - San Epifanio",40.401782,-3.718569,43,18,4,"ES","Madrid (BiciMAD)","PBSC (publicbikesystem.net)","2026-08-28 00:09:06"
"2248","367 - Metro San Francisco",40.373972,-3.73984,43,5,18,"ES","Madrid (BiciMAD)","PBSC (publicbikesystem.net)","2026-08-28 00:09:06"
"2249","325 - Ps. Jesuitas - Pza. Cerro Bermejo",40.4106918,-3.7305543,43,20,0,"ES","Madrid (BiciMAD)","PBSC (publicbikesystem.net)","2026-08-28 00:09:06"
"2250","578 - Sierra de Atapuerca - Viloria de Rioja",40.50292982,-3.67042488,43,3,20,"ES","Madrid (BiciMAD)","PBSC (publicbikesystem.net)","2026-08-28 00:09:06"
"2251","446 - C. Deportivo Mpal. Miguel Guillén Prim",40.373826,-3.6236297,43,18,1,"ES","Madrid (BiciMAD)","PBSC (publicbikesystem.net)","2026-08-28 00:09:06"
"2252","382 -Parque Eugenia de Montijo, 2",40.3783501,-3.7545822,44,0,21,"ES","Madrid (BiciMAD)","PBSC (publicbikesystem.net)","2026-08-28 00:09:06"
"2254","410 - Est. de tren de S. Cristóbal Industrial",40.3325463,-3.6992665,44,24,0,"ES","Madrid (BiciMAD)","PBSC (publicbikesystem.net)","2026-08-28 00:09:06"
"2255","319 - Valdesangil",40.4684218,-3.7166729,44,12,10,"ES","Madrid (BiciMAD)","PBSC (publicbikesystem.net)","2026-08-28 00:09:06"
"2256","579 - Maria Tubau - Isabel Colbrand",40.5139923068048,-3.67170358703356,44,3,20,"ES","Madrid (BiciMAD)","PBSC (publicbikesystem.net)","2026-08-28 00:09:06"
"2257","602 - Monasterio Sobrado - Monasterio Silos",40.5093225,-3.692837,44,0,24,"ES","Madrid (BiciMAD)","PBSC (publicbikesystem.net)","2026-08-28 00:09:06"
"2258","600 - Centro Deportivo Municipal La Masó",40.4825507,-3.7149566,44,3,20,"ES","Madrid (BiciMAD)","PBSC (publicbikesystem.net)","2026-08-28 00:09:06"
"2259","566 - Avenida de Logroño",40.4703472,-3.5815033,44,24,0,"ES","Madrid (BiciMAD)","PBSC (publicbikesystem.net)","2026-08-28 00:09:06"
"2260","565 - Metro Barajas",40.47563573,-3.5838869,44,15,9,"ES","Madrid (BiciMAD)","PBSC (publicbikesystem.net)","2026-08-28 00:09:06"
"2261","467 - Univ. Rey Juan Carlos - Facultad  CJS",40.4062361,-3.6084888,44,4,19,"ES","Madrid (BiciMAD)","PBSC (publicbikesystem.net)","2026-08-28 00:09:06"
"2262","469 - C. Deportivo Mpal Faustina Valladolid",40.40343,-3.62299,44,4,17,"ES","Madrid (BiciMAD)","PBSC (publicbikesystem.net)","2026-08-28 00:09:06"
"2263","470 - Avenida Real - Galeote",40.4021519,-3.6063672,38,0,18,"ES","Madrid (BiciMAD)","PBSC (publicbikesystem.net)","2026-08-28 00:09:06"
"2264","471 - Molino Viejo - Minerva",40.396301,-3.60666,38,16,0,"ES","Madrid (BiciMAD)","PBSC (publicbikesystem.net)","2026-08-28 00:09:06"
"2265","271 - Amaltea-Meneses",40.394706,-3.68317,44,9,14,"ES","Madrid (BiciMAD)","PBSC (publicbikesystem.net)","2026-08-28 00:09:06"
"2266","466 - Villablanca - Vereda del Pinar",40.40894698,-3.60783265,43,10,13,"ES","Madrid (BiciMAD)","PBSC (publicbikesystem.net)","2026-08-28 00:09:06"
"2267","275 - Juan Antonio Vallejo-Nájera Botas, 25",40.4020545,-3.7082123,43,9,12,"ES","Madrid (BiciMAD)","PBSC (publicbikesystem.net)","2026-08-28 00:09:06"
"2268","475 - Aurora Boreal - Minerva",40.399236,-3.603668,43,14,8,"ES","Madrid (BiciMAD)","PBSC (publicbikesystem.net)","2026-08-28 00:09:06"
"2269","274 - Estación Sur Méndez Álvaro A",40.3963687171145,-3.68085297689243,43,8,13,"ES","Madrid (BiciMAD)","PBSC (publicbikesystem.net)","2026-08-28 00:09:06"
"2270","605 - Nuria - Peña Sirio",40.491644,-3.704883,44,15,8,"ES","Madrid (BiciMAD)","PBSC (publicbikesystem.net)","2026-08-28 00:09:06"
"2271","522 - Metro Estadio Metropolitano",40.43333298,-3.60097542,44,15,7,"ES","Madrid (BiciMAD)","PBSC (publicbikesystem.net)","2026-08-28 00:09:06"
"2272","521 - Metro Las Rosas",40.423893,-3.6048181,44,3,19,"ES","Madrid (BiciMAD)","PBSC (publicbikesystem.net)","2026-08-28 00:09:06"
"2273","508 - Metro Canillejas",40.449095,-3.609553,44,20,1,"ES","Madrid (BiciMAD)","PBSC (publicbikesystem.net)","2026-08-28 00:09:06"
"2274","80A - Estación de Atocha A",40.407573,-3.690538,63,5,16,"ES","Madrid (BiciMAD)","PBSC (publicbikesystem.net)","2026-08-28 00:09:06"
"2275","80B - Estación de Atocha B",40.4075211,-3.6904748,27,2,21,"ES","Madrid (BiciMAD)","PBSC (publicbikesystem.net)","2026-08-28 00:09:06"
"2276","447 - Adolfo Bioy Casares - Las Suertes",40.3668504,-3.5981935,47,1,26,"ES","Madrid (BiciMAD)","PBSC (publicbikesystem.net)","2026-08-28 00:09:06"
"2278","412 - Estación de tren de Puente de Alcocer",40.3500291,-3.7043083,44,13,11,"ES","Madrid (BiciMAD)","PBSC (publicbikesystem.net)","2026-08-28 00:09:06"
"2279","415 - Diamante - Delmira Agustini",40.3532609,-3.6877534,44,14,8,"ES","Madrid (BiciMAD)","PBSC (publicbikesystem.net)","2026-08-28 00:09:06"
"2280","413 - Doctor Martín Arévalo",40.345928,-3.707413,44,21,1,"ES","Madrid (BiciMAD)","PBSC (publicbikesystem.net)","2026-08-28 00:09:06"
"2281","545 - Zapatoca, 8",40.47285235,-3.63335803,42,9,10,"ES","Madrid (BiciMAD)","PBSC (publicbikesystem.net)","2026-08-28 00:09:06"
"2282","567 - Plaza Mayor de Barajas",40.4733252,-3.5776537,44,11,12,"ES","Madrid (BiciMAD)","PBSC (publicbikesystem.net)","2026-08-28 00:09:06"
"2283","563 - Soto Hidalgo",40.4606465,-3.5820745,47,16,11,"ES","Madrid (BiciMAD)","PBSC (publicbikesystem.net)","2026-08-28 00:09:06"
"2285","281 - Reina Cristina - Julián Gayarre",40.4067247,-3.6831862,43,4,19,"ES","Madrid (BiciMAD)","PBSC (publicbikesystem.net)","2026-08-28 00:09:06"
"2286","609 - Metro Ronda de la Comunicación",40.5157202,-3.6626887,43,0,22,"ES","Madrid (BiciMAD)","PBSC (publicbikesystem.net)","2026-08-28 00:09:06"
"2287","408 - Metro San Cristóbal",40.341725,-3.692444,43,8,14,"ES","Madrid (BiciMAD)","PBSC (publicbikesystem.net)","2026-08-28 00:09:06"
"2288","409 - Eduardo Barreiros, 114",40.3553495,-3.7046436,43,1,19,"ES","Madrid (BiciMAD)","PBSC (publicbikesystem.net)","2026-08-28 00:09:06"
"2289","606 - Fermín Caballero - Sangenjo",40.487363,-3.698485,44,3,20,"ES","Madrid (BiciMAD)","PBSC (publicbikesystem.net)","2026-08-28 00:09:06"
"2290","349 - Huerta de Castañeda 26",40.4062209569823,-3.74201882097404,64,20,0,"ES","Madrid (BiciMAD)","PBSC (publicbikesystem.net)","2026-08-28 00:09:06"
"2291","544 - Gregorio Sánchez Herráez 14",40.477248,-3.63657,43,2,21,"ES","Madrid (BiciMAD)","PBSC (publicbikesystem.net)","2026-08-28 00:09:06"
"2292","551 - Oña",40.4891872,-3.6658565,43,3,20,"ES","Madrid (BiciMAD)","PBSC (publicbikesystem.net)","2026-08-28 00:09:06"
"2293","552 - Ana de Austria - Ignacio Aldecoa",40.4994394,-3.6531502,47,1,24,"ES","Madrid (BiciMAD)","PBSC (publicbikesystem.net)","2026-08-28 00:09:06"
"2294","542 - Intercambiador de Valdebebas",40.483962,-3.615709,43,18,4,"ES","Madrid (BiciMAD)","PBSC (publicbikesystem.net)","2026-08-28 00:09:06"
"2297","320 - Metro Lago",40.4167792,-3.7345247,49,2,7,"ES","Madrid (BiciMAD)","PBSC (publicbikesystem.net)","2026-08-28 00:09:06"
"2298","608 - Estella - Camino de Santiago",40.4968198,-3.6743568,43,18,3,"ES","Madrid (BiciMAD)","PBSC (publicbikesystem.net)","2026-08-28 00:09:06"
"2299","278 - Paseo los Pontones - Ps. Melancólicos",40.4040433,-3.7196,43,18,1,"ES","Madrid (BiciMAD)","PBSC (publicbikesystem.net)","2026-08-28 00:09:06"
"2300","289 - Luis de Salazar - Padre Claret",40.4474166,-3.6649258,43,3,20,"ES","Madrid (BiciMAD)","PBSC (publicbikesystem.net)","2026-08-28 00:09:06"
"2301","547 - Rafaela Aparicio - Maruja Mallo",40.4792396,-3.6312179,47,19,7,"ES","Madrid (BiciMAD)","PBSC (publicbikesystem.net)","2026-08-28 00:09:06"
"2302","402 - Berrocal, 9",40.344115,-3.67615,67,24,1,"ES","Madrid (BiciMAD)","PBSC (publicbikesystem.net)","2026-08-28 00:09:06"
"2303","543 - Tomas Redondo",40.4719768465257,-3.62942114202631,43,0,23,"ES","Madrid (BiciMAD)","PBSC (publicbikesystem.net)","2026-08-28 00:09:06"
"2304","277 - Virgen del Puerto",40.411622,-3.721178,165,14,1,"ES","Madrid (BiciMAD)","PBSC (publicbikesystem.net)","2026-08-28 00:09:06"
"2305","272 - Tejo - Parque La Ronda",40.39663,-3.679186,41,17,6,"ES","Madrid (BiciMAD)","PBSC (publicbikesystem.net)","2026-08-28 00:09:06"
"2306","282 - Parque Retiro - Puerta Reina Mercedes",40.4181327,-3.6787796,43,1,19,"ES","Madrid (BiciMAD)","PBSC (publicbikesystem.net)","2026-08-28 00:09:06"
"2307","1 - Metro Sol",40.416465,-3.7054098,43,0,23,"ES","Madrid (BiciMAD)","PBSC (publicbikesystem.net)","2026-08-28 00:09:06"
"2308","263 - Gran Vía de San Francisco",40.4083388081514,-3.71279328238458,43,9,14,"ES","Madrid (BiciMAD)","PBSC (publicbikesystem.net)","2026-08-28 00:09:06"
"2309","559 - Calle Babilonia, 19",40.4675299,-3.5882347,43,15,4,"ES","Madrid (BiciMAD)","PBSC (publicbikesystem.net)","2026-08-28 00:09:06"
"2311","581 - Metro Peñagrande",40.4764797,-3.7163093,44,17,7,"ES","Madrid (BiciMAD)","PBSC (publicbikesystem.net)","2026-08-28 00:09:06"
"2312","598 - Hospital Ramón y Cajal",40.4858012,-3.6923396,44,3,21,"ES","Madrid (BiciMAD)","PBSC (publicbikesystem.net)","2026-08-28 00:09:06"
"2313","341 - Escalona - Seseña",40.39834576,-3.76182259,47,4,22,"ES","Madrid (BiciMAD)","PBSC (publicbikesystem.net)","2026-08-28 00:09:06"
"2314","346 - Metro Empalme",40.3907438,-3.7664844,44,4,20,"ES","Madrid (BiciMAD)","PBSC (publicbikesystem.net)","2026-08-28 00:09:06"
"2315","347 - Est. tren Mtra Justa Freire-Poli Aluche",40.383554,-3.768603,44,0,23,"ES","Madrid (BiciMAD)","PBSC (publicbikesystem.net)","2026-08-28 00:09:06"
"2316","528 - Albelda - Torrelaguna",40.4494225,-3.6573666,44,7,15,"ES","Madrid (BiciMAD)","PBSC (publicbikesystem.net)","2026-08-28 00:09:06"
"2317","312 - Metro Batán",40.4077495,-3.7528559,47,0,22,"ES","Madrid (BiciMAD)","PBSC (publicbikesystem.net)","2026-08-28 00:09:06"
"2318","321 - Metro Casa de Campo",40.40316,-3.761051,47,1,23,"ES","Madrid (BiciMAD)","PBSC (publicbikesystem.net)","2026-08-28 00:09:06"
"2319","310 - Estación de tren de Aravaca",40.4490509,-3.7845536,43,21,0,"ES","Madrid (BiciMAD)","PBSC (publicbikesystem.net)","2026-08-28 00:09:06"
"2320","311 - C. Universitaria - F. Geografía e Histo",40.448553,-3.733574,87,12,15,"ES","Madrid (BiciMAD)","PBSC (publicbikesystem.net)","2026-08-28 00:09:06"
"2321","283 - Museo Nacional del Prado",40.4152082,-3.6919057,43,0,20,"ES","Madrid (BiciMAD)","PBSC (publicbikesystem.net)","2026-08-28 00:09:06"
"2322","564 - IFEMA B",40.463861,-3.613867,43,2,19,"ES","Madrid (BiciMAD)","PBSC (publicbikesystem.net)","2026-08-28 00:09:06"
"2323","468 - Caños de San Pedro - San Cipriano",40.403472,-3.601922,43,6,17,"ES","Madrid (BiciMAD)","PBSC (publicbikesystem.net)","2026-08-28 00:09:06"
"2324","465 - Cordel de Pavones - Bulevar José Prat",40.397375,-3.619645,44,0,21,"ES","Madrid (BiciMAD)","PBSC (publicbikesystem.net)","2026-08-28 00:09:06"
"2325","414 - Metro Villaverde Bajo-Cruce",40.350985,-3.692163,44,0,23,"ES","Madrid (BiciMAD)","PBSC (publicbikesystem.net)","2026-08-28 00:09:06"
"2326","380 - Oca",40.3894333,-3.7335492,44,12,12,"ES","Madrid (BiciMAD)","PBSC (publicbikesystem.net)","2026-08-28 00:09:06"
"2327","411 - Estación de tren de Villaverde Alto",40.3417533,-3.7118183,38,1,16,"ES","Madrid (BiciMAD)","PBSC (publicbikesystem.net)","2026-08-28 00:09:06"
"2328","354 - Jacinto Verdaguer - Lola de Membrives",40.3959385470434,-3.71605261162628,64,24,0,"ES","Madrid (BiciMAD)","PBSC (publicbikesystem.net)","2026-08-28 00:09:06"
"2329","318 - C. Deportivo Mpal. José María Cagigal",40.4320513100727,-3.73702764736022,44,6,18,"ES","Madrid (BiciMAD)","PBSC (publicbikesystem.net)","2026-08-28 00:09:06"
"2330","549 - Francisco Pi y Maragall",40.4866354,-3.6503544,39,12,6,"ES","Madrid (BiciMAD)","PBSC (publicbikesystem.net)","2026-08-28 00:09:06"
"2331","279 - Paseo de los Melancólicos, 1",40.4104448,-3.7184816,43,11,11,"ES","Madrid (BiciMAD)","PBSC (publicbikesystem.net)","2026-08-28 00:09:06"
"2332","407 - Carmen de Burgos, 4",40.3575459,-3.6847883,43,17,2,"ES","Madrid (BiciMAD)","PBSC (publicbikesystem.net)","2026-08-28 00:09:06"
"2333","276 - Paseo de las Yeserías, 15",40.39900539,-3.7099166,43,14,6,"ES","Madrid (BiciMAD)","PBSC (publicbikesystem.net)","2026-08-28 00:09:06"
"2334","340 - Illescas - Seseña",40.3970983,-3.7656976,47,4,22,"ES","Madrid (BiciMAD)","PBSC (publicbikesystem.net)","2026-08-28 00:09:06"
"2335","342 - Osa de la Vega - Rafael Finat",40.374979,-3.773381,43,7,15,"ES","Madrid (BiciMAD)","PBSC (publicbikesystem.net)","2026-08-28 00:09:06"
"2337","381 - Alfredo Aleix - Mercedes Rodríguez",40.3684767,-3.7553916,44,5,18,"ES","Madrid (BiciMAD)","PBSC (publicbikesystem.net)","2026-08-28 00:09:06"
"2339","444 - Valderrebollo, 18",40.3743481,-3.6276352,43,18,0,"ES","Madrid (BiciMAD)","PBSC (publicbikesystem.net)","2026-08-28 00:09:06"
"2340","448 - Metro Las Suertes",40.363376,-3.599352,47,4,23,"ES","Madrid (BiciMAD)","PBSC (publicbikesystem.net)","2026-08-28 00:09:06"
"2341","472 - Metro Valdebernardo",40.3987974,-3.6211485,47,0,25,"ES","Madrid (BiciMAD)","PBSC (publicbikesystem.net)","2026-08-28 00:09:06"
"2342","473 - Villablanca - Parque Forestal Vicálvaro",40.40500033,-3.59888007,47,9,15,"ES","Madrid (BiciMAD)","PBSC (publicbikesystem.net)","2026-08-28 00:09:06"
"2343","474 - Estación de tren de Vicálvaro",40.402255,-3.596875,47,2,21,"ES","Madrid (BiciMAD)","PBSC (publicbikesystem.net)","2026-08-28 00:09:06"
"2347","541 - Metro Pinar del Rey",40.4682706,-3.6468591,43,0,21,"ES","Madrid (BiciMAD)","PBSC (publicbikesystem.net)","2026-08-28 00:09:06"
"2348","546 - Andorra - Canillas",40.4628976,-3.6467519,43,1,22,"ES","Madrid (BiciMAD)","PBSC (publicbikesystem.net)","2026-08-28 00:09:06"
"2349","550 - Príncipe Carlos, 54",40.4941108,-3.656674,43,2,21,"ES","Madrid (BiciMAD)","PBSC (publicbikesystem.net)","2026-08-28 00:09:06"
"2350","553 - María Portugal - Niceto Alcalá Zamora",40.499909,-3.658921,43,2,21,"ES","Madrid (BiciMAD)","PBSC (publicbikesystem.net)","2026-08-28 00:09:06"
"2351","601 - Estación de tren de Fuencarral",40.5015588,-3.6824687,44,16,5,"ES","Madrid (BiciMAD)","PBSC (publicbikesystem.net)","2026-08-28 00:09:06"
"2352","603 - Castiello de Jaca, 14",40.5091982,-3.6782027,43,0,20,"ES","Madrid (BiciMAD)","PBSC (publicbikesystem.net)","2026-08-28 00:09:06"
"2359","607 - Metro Ligero - Palas de Rey",40.5051915,-3.6641571,47,6,20,"ES","Madrid (BiciMAD)","PBSC (publicbikesystem.net)","2026-08-28 00:09:06"
"2360","610 - Bardegueral",40.4501721,-3.7719097,44,10,14,"ES","Madrid (BiciMAD)","PBSC (publicbikesystem.net)","2026-08-28 00:09:06"
"2362","237 - Acueducto de Amaniel",40.4516819,-3.7102736,44,6,18,"ES","Madrid (BiciMAD)","PBSC (publicbikesystem.net)","2026-08-28 00:09:06"
"2365","262 - María de las Mercedes de Borbón B",40.4928683,-3.620114,43,20,1,"ES","Madrid (BiciMAD)","PBSC (publicbikesystem.net)","2026-08-28 00:09:06"
"2366","611 - María de las Mercedes de Borbón A",40.4909082979967,-3.61210685312155,43,11,11,"ES","Madrid (BiciMAD)","PBSC (publicbikesystem.net)","2026-08-28 00:09:06"
"2368","176 - Plaza de la Beata María Ana de Jesús",40.3941856,-3.6939412,53,21,0,"ES","Madrid (BiciMAD)","PBSC (publicbikesystem.net)","2026-08-28 00:09:06"
"2378","630 - Calle de Febrero 4",40.446868,-3.573031,43,22,1,"ES","Madrid (BiciMAD)","PBSC (publicbikesystem.net)","2026-08-28 00:09:06"
"2379","629 - Avda de Fermina Sevillano 23",40.44477,-3.568829,43,17,4,"ES","Madrid (BiciMAD)","PBSC (publicbikesystem.net)","2026-08-28 00:09:06"
"2380","620 - Calle Cazorla 79",40.376297,-3.665886,43,21,0,"ES","Madrid (BiciMAD)","PBSC (publicbikesystem.net)","2026-08-28 00:09:06"
"2381","621 - Calle Montiel 27",40.381382,-3.672609,63,21,1,"ES","Madrid (BiciMAD)","PBSC (publicbikesystem.net)","2026-08-28 00:09:06"
"2382","622 - Calle Sierra de Albarracin 2",40.386022,-3.671961,43,16,2,"ES","Madrid (BiciMAD)","PBSC (publicbikesystem.net)","2026-08-28 00:09:06"
"2383","617 - Calle Eduardo Barreiros",40.358866,-3.70238,43,14,8,"ES","Madrid (BiciMAD)","PBSC (publicbikesystem.net)","2026-08-28 00:09:06"
"2384","626 - Avenida Victoria Kent 9",40.401326,-3.564012,43,13,10,"ES","Madrid (BiciMAD)","PBSC (publicbikesystem.net)","2026-08-28 00:09:06"
"2385","627 - Alcalde Andrés Madrid Dávila 92",40.398303,-3.548534,43,19,4,"ES","Madrid (BiciMAD)","PBSC (publicbikesystem.net)","2026-08-28 00:09:06"
"2386","624  - Avenida Blas de Lezo 33",40.407067,-3.553002,43,8,12,"ES","Madrid (BiciMAD)","PBSC (publicbikesystem.net)","2026-08-28 00:09:06"
"2387","625 - Avenida de Miguel Delibes 49",40.405505,-3.560344,43,12,6,"ES","Madrid (BiciMAD)","PBSC (publicbikesystem.net)","2026-08-28 00:09:06"
"2388","612 - Calle Rosalia de Castro 1",40.480258,-3.734639,43,20,2,"ES","Madrid (BiciMAD)","PBSC (publicbikesystem.net)","2026-08-28 00:09:06"
"2389","613 - Facultad de informática",40.453109,-3.734813,44,1,20,"ES","Madrid (BiciMAD)","PBSC (publicbikesystem.net)","2026-08-28 00:09:06"
"2390","615 - Avenida Juan de Andrés 21",40.468732,-3.722789,43,18,5,"ES","Madrid (BiciMAD)","PBSC (publicbikesystem.net)","2026-08-28 00:09:06"
"2391","616 - Alcalde Martín de Alzaga",40.462899,-3.717195,43,22,0,"ES","Madrid (BiciMAD)","PBSC (publicbikesystem.net)","2026-08-28 00:09:06"
"2392","628  - Calle Arcaute 13",40.44358,-3.576652,43,12,9,"ES","Madrid (BiciMAD)","PBSC (publicbikesystem.net)","2026-08-28 00:09:06"
"2394","619 - Cooperativa Electrica 13",40.374387,-3.659633,43,16,4,"ES","Madrid (BiciMAD)","PBSC (publicbikesystem.net)","2026-08-28 00:09:06"
"2395","623  -  Ronda del Sur, esq Santa Rafaela",40.37773,-3.673105,53,15,4,"ES","Madrid (BiciMAD)","PBSC (publicbikesystem.net)","2026-08-28 00:09:06"
"2396","614 - Biblioteca central de la UNED",40.436106,-3.734767,83,13,10,"ES","Madrid (BiciMAD)","PBSC (publicbikesystem.net)","2026-08-28 00:09:06"
"2397","618 - Calle Paterna 55",40.340613,-3.68482,39,10,8,"ES","Madrid (BiciMAD)","PBSC (publicbikesystem.net)","2026-08-28 00:09:06"
"2399","632 - Avda. Campus Sur, 11",40.3866809097235,-3.63042982548422,43,6,17,"ES","Madrid (BiciMAD)","PBSC (publicbikesystem.net)","2026-08-28 00:09:06"
"2400","631 -  CAMPUS SUR 2",40.3834079244238,-3.6248116208401,39,1,18,"ES","Madrid (BiciMAD)","PBSC (publicbikesystem.net)","2026-08-28 00:09:06"
"2403","22 - Jacometrezo 3",40.420172,-3.706494,32,0,11,"ES","Madrid (BiciMAD)","PBSC (publicbikesystem.net)","2026-08-28 00:09:06"
"2406","633 - HUB Plaza de España 360 (Planta -1)",40.4236942174411,-3.71171692634212,32,0,12,"ES","Madrid (BiciMAD)","PBSC (publicbikesystem.net)","2026-08-28 00:09:06"
"2410","634 - Centro Operaciones EMT Entrevías",40.3730450282904,-3.67697630047139,73,4,17,"ES","Madrid (BiciMAD)","PBSC (publicbikesystem.net)","2026-08-28 00:09:06"
"2412","676 - Arroyo del Cañaveral 60",40.399057,-3.558615,43,10,13,"ES","Madrid (BiciMAD)","PBSC (publicbikesystem.net)","2026-08-28 00:09:06"
"2413","635 -  SAN JUAN DE LA CRUZ",40.4302831260666,-3.81349655948934,47,14,13,"ES","Madrid (BiciMAD)","PBSC (publicbikesystem.net)","2026-08-28 00:09:06"
"2414","636 -  POZUELO ESTACIÓN",40.4469360421979,-3.79956285088614,44,4,17,"ES","Madrid (BiciMAD)","PBSC (publicbikesystem.net)","2026-08-28 00:09:06"
"2415","637 - SATURNO",40.4413193007625,-3.79480680550714,44,7,16,"ES","Madrid (BiciMAD)","PBSC (publicbikesystem.net)","2026-08-28 00:09:06"
"2416","638 -  POLIDEPORTIVO CARLOS RUIZ",40.4505086158489,-3.79427342619634,43,13,9,"ES","Madrid (BiciMAD)","PBSC (publicbikesystem.net)","2026-08-28 00:09:06"
"2417","639 - MADROÑO DEL PAULAR",40.454842720036,-3.80652206493524,47,23,4,"ES","Madrid (BiciMAD)","PBSC (publicbikesystem.net)","2026-08-28 00:09:06"
"2418","641 -  POLIDEPORTIVO EL TORREÓN",40.445077,-3.811594,44,15,8,"ES","Madrid (BiciMAD)","PBSC (publicbikesystem.net)","2026-08-28 00:09:06"
"2419","642 -  POLIDEPORTIVO EL PRADILLO",40.4399652684429,-3.81534229418766,39,6,8,"ES","Madrid (BiciMAD)","PBSC (publicbikesystem.net)","2026-08-28 00:09:06"
"2420","643 -  PLAZA MERCEDES LLORENTE",40.4348533545932,-3.81353890524788,35,14,0,"ES","Madrid (BiciMAD)","PBSC (publicbikesystem.net)","2026-08-28 00:09:06"
"2421","644 - BIBLIOTECA ESIC",40.4360901534939,-3.79951803329287,43,0,22,"ES","Madrid (BiciMAD)","PBSC (publicbikesystem.net)","2026-08-28 00:09:06"
"2422","645 -  C.C. VOLTURNO",40.4077218036475,-3.79691466339393,44,20,2,"ES","Madrid (BiciMAD)","PBSC (publicbikesystem.net)","2026-08-28 00:09:06"
"2423","646 -  C.C. ZIELO",40.4423072926203,-3.78450794264679,43,18,4,"ES","Madrid (BiciMAD)","PBSC (publicbikesystem.net)","2026-08-28 00:09:06"
"2424","647 -POLIDEPORTIVO VALLE DE LAS CAÑAS",40.4223272973641,-3.81639612684403,44,9,14,"ES","Madrid (BiciMAD)","PBSC (publicbikesystem.net)","2026-08-28 00:09:06"
"2425","648 - CIUDAD DEL CINE",40.3972045239273,-3.78430788087256,43,10,12,"ES","Madrid (BiciMAD)","PBSC (publicbikesystem.net)","2026-08-28 00:09:06"
"2426","649 - JOSÉ ISBERT",40.3947641621364,-3.79650764953701,50,8,19,"ES","Madrid (BiciMAD)","PBSC (publicbikesystem.net)","2026-08-28 00:09:06"
"2427","652 -  PLAZA DE LA CONSTITUCIÓN",40.4490013333576,-3.80685130060474,43,18,3,"ES","Madrid (BiciMAD)","PBSC (publicbikesystem.net)","2026-08-28 00:09:06"
"2428","653 -  MINGO Y VELASCO",40.4436925333683,-3.80150509957377,38,18,0,"ES","Madrid (BiciMAD)","PBSC (publicbikesystem.net)","2026-08-28 00:09:06"
"2429","654 - BERNA",40.4446219354433,-3.79078427304981,43,3,16,"ES","Madrid (BiciMAD)","PBSC (publicbikesystem.net)","2026-08-28 00:09:06"
"2430","655 -  LUIS GARCÍA CERECEDA",40.4058285251282,-3.79846763320072,43,3,20,"ES","Madrid (BiciMAD)","PBSC (publicbikesystem.net)","2026-08-28 00:09:06"
"2431","657 -  PEÑALARA",40.4583947529732,-3.80152124218262,44,19,5,"ES","Madrid (BiciMAD)","PBSC (publicbikesystem.net)","2026-08-28 00:09:06"
"2432","658 - ISAAC ALBÉNIZ",40.455288354773,-3.811672030196,47,27,0,"ES","Madrid (BiciMAD)","PBSC (publicbikesystem.net)","2026-08-28 00:09:06"
"2433","659 -  HÚMERA",40.4290061267663,-3.78665081697337,35,8,7,"ES","Madrid (BiciMAD)","PBSC (publicbikesystem.net)","2026-08-28 00:09:06"
"2434","661 -  COMUNIDAD DE MADRID",40.4384076130412,-3.79354817840553,39,1,18,"ES","Madrid (BiciMAD)","PBSC (publicbikesystem.net)","2026-08-28 00:09:06"
"2435","663 - EMISORA",40.4394776284491,-3.80188771871155,32,3,7,"ES","Madrid (BiciMAD)","PBSC (publicbikesystem.net)","2026-08-28 00:09:06"
"2436","664 - VÍA DOS CASTILLAS",40.4324246080143,-3.80222282822254,47,11,10,"ES","Madrid (BiciMAD)","PBSC (publicbikesystem.net)","2026-08-28 00:09:06"
"2437","640 -  REYES CATÓLICOS",40.4498085211967,-3.79952790753898,44,10,14,"ES","Madrid (BiciMAD)","PBSC (publicbikesystem.net)","2026-08-28 00:09:06"
"2438","650 -  UNIVERSIDAD COMPLUTENSE",40.4319278658704,-3.79491704809424,39,5,14,"ES","Madrid (BiciMAD)","PBSC (publicbikesystem.net)","2026-08-28 00:09:06"
"2439","651 -  HOSPITAL QUIRÓN",40.4033109512451,-3.78512954772127,44,6,18,"ES","Madrid (BiciMAD)","PBSC (publicbikesystem.net)","2026-08-28 00:09:06"
"2440","656 -  POZUELO OESTE",40.422117515164,-3.80509859414654,38,16,2,"ES","Madrid (BiciMAD)","PBSC (publicbikesystem.net)","2026-08-28 00:09:06"
"2441","660 -  LA FINCA",40.4076866008339,-3.81063129328755,47,15,11,"ES","Madrid (BiciMAD)","PBSC (publicbikesystem.net)","2026-08-28 00:09:06"
"2442","662 -  CASA DE CAMPO",40.4112653813703,-3.78382876941872,39,12,2,"ES","Madrid (BiciMAD)","PBSC (publicbikesystem.net)","2026-08-28 00:09:06"
"2444","66 - Ronda de las flores",40.449332,-3.76433,43,15,8,"ES","Madrid (BiciMAD)","PBSC (publicbikesystem.net)","2026-08-28 00:09:06"
"2445","669 - Osa Mayor - Regulo",40.459477,-3.779448,43,15,6,"ES","Madrid (BiciMAD)","PBSC (publicbikesystem.net)","2026-08-28 00:09:06"
"2446","668 - Luz Casanova",40.460069,-3.791901,31,8,2,"ES","Madrid (BiciMAD)","PBSC (publicbikesystem.net)","2026-08-28 00:09:06"
"2447","665 - Osa Mayor – Concepción Llorente",40.455111,-3.793599,43,10,13,"ES","Madrid (BiciMAD)","PBSC (publicbikesystem.net)","2026-08-28 00:09:06"
"2448","667 - Hospital Universitario  Madrid Aravaca",40.465854,-3.783251,39,15,4,"ES","Madrid (BiciMAD)","PBSC (publicbikesystem.net)","2026-08-28 00:09:06"
"2449","677 - Provisional Gran Vía de Vicálvaro",40.397393,-3.555573,43,1,22,"ES","Madrid (BiciMAD)","PBSC (publicbikesystem.net)","2026-08-28 00:09:06"
"2450","681 - Luis Martínez Feduchi",40.500008,-3.642216,43,4,17,"ES","Madrid (BiciMAD)","PBSC (publicbikesystem.net)","2026-08-28 00:09:06"
"2451","683 - Los Arces",40.453402,-3.622636,43,8,14,"ES","Madrid (BiciMAD)","PBSC (publicbikesystem.net)","2026-08-28 00:09:06"
"2452","671 - Centro Deportivo  Alfredo Goyeneche",40.451829,-3.782398,23,0,23,"ES","Madrid (BiciMAD)","PBSC (publicbikesystem.net)","2026-08-28 00:09:06"
"2453","670 - Glorieta Pepe Domingo Castaño",40.467685,-3.794898,44,9,15,"ES","Madrid (BiciMAD)","PBSC (publicbikesystem.net)","2026-08-28 00:09:06"
"2460","682 - Centro operaciones EMT SANCHINARRO",40.48423,-3.64958,43,3,19,"ES","Madrid (BiciMAD)","PBSC (publicbikesystem.net)","2026-08-28 00:09:06"
"2461","672 - Estación de tren El Barrial-Pozuelo",40.464908,-3.807764,39,4,15,"ES","Madrid (BiciMAD)","PBSC (publicbikesystem.net)","2026-08-28 00:09:06"
"2462","674 -Instalación deportiva Victoria Hernández",40.360951,-3.686373,43,10,13,"ES","Madrid (BiciMAD)","PBSC (publicbikesystem.net)","2026-08-28 00:09:06"
"2463","675 - SANTA ESCOLÁSTICA",40.361799,-3.697931,43,4,17,"ES","Madrid (BiciMAD)","PBSC (publicbikesystem.net)","2026-08-28 00:09:06"
"2464","679 - Metro Hortaleza",40.474821,-3.652566,43,7,16,"ES","Madrid (BiciMAD)","PBSC (publicbikesystem.net)","2026-08-28 00:09:06"
"2465","673 - Estación de tren Villaverde Bajo",40.35283,-3.68485,40,8,11,"ES","Madrid (BiciMAD)","PBSC (publicbikesystem.net)","2026-08-28 00:09:06"
"2466","678 - Centro Deportivo Municipal El Barco",40.462631,-3.587829,43,6,17,"ES","Madrid (BiciMAD)","PBSC (publicbikesystem.net)","2026-08-28 00:09:06"
"2467","680 - Princesa de Éboli",40.490507,-3.654918,43,5,16,"ES","Madrid (BiciMAD)","PBSC (publicbikesystem.net)","2026-08-28 00:09:06"
"2474","Estación Virtual Centro Municipal Mistral",40.472924,-3.597272,30,0,0,"ES","Madrid (BiciMAD)","PBSC (publicbikesystem.net)","2026-08-28 00:09:06"
"4728239","Kurt-Schumacher-Ring (Campus Ost)",50.080828,8.21809,12,17,0,"DE","Wiesbaden","nextbike","2026-08-28 00:23:09"
"4775065","Bertramstraße (Campus)",50.07956,8.23052,NA,11,0,"DE","Wiesbaden","nextbike","2026-08-28 00:23:09"
"4775074","Dern’sches Gelände",50.080666,8.24349,NA,1,0,"DE","Wiesbaden","nextbike","2026-08-28 00:23:09"
"4775082","Dürerplatz",50.08564,8.225514,NA,2,0,"DE","Wiesbaden","nextbike","2026-08-28 00:23:09"
"4775087","Eltviller Straße",50.076546,8.226448,NA,0,0,"DE","Wiesbaden","nextbike","2026-08-28 00:23:09"
"4775102","Friedrich-Naumann-Straße (Studierendenwohnheim)",50.082972,8.21962,NA,1,0,"DE","Wiesbaden","nextbike","2026-08-28 00:23:09"
"4775108","Gneisenaustraße",50.079672,8.224286,NA,0,0,"DE","Wiesbaden","nextbike","2026-08-28 00:23:09"
"4775113","Herderstraße",50.074514,8.233523,NA,4,0,"DE","Wiesbaden","nextbike","2026-08-28 00:23:09"
"4775117","Kurt-Schumacher-Ring (Campus Mitte)",50.080501,8.216786,4,10,0,"DE","Wiesbaden","nextbike","2026-08-28 00:23:09"
"4775126","Platz der Deutschen Einheit",50.07978,8.2347,NA,2,0,"DE","Wiesbaden","nextbike","2026-08-28 00:23:09"
"4775132","Saalgasse ",50.08674,8.24166,NA,3,0,"DE","Wiesbaden","nextbike","2026-08-28 00:23:09"
"4775141","Sedanplatz",50.082866,8.228803,NA,3,0,"DE","Wiesbaden","nextbike","2026-08-28 00:23:09"
"4775153","Unter den Eichen (Campus) ",50.0957,8.21618,8,15,0,"DE","Wiesbaden","nextbike","2026-08-28 00:23:09"
"4775162","Webergasse",50.08464,8.2426,NA,1,0,"DE","Wiesbaden","nextbike","2026-08-28 00:23:09"
"4880650","Loreleiring",50.07763,8.22064,NA,0,0,"DE","Wiesbaden","nextbike","2026-08-28 00:23:09"
"5029668","Raiffeisenplatz",50.067305,8.273746,NA,1,0,"DE","Wiesbaden","nextbike","2026-08-28 00:23:09"
"5029742","Abraham-Lincoln-Park",50.06291,8.27154,NA,2,0,"DE","Wiesbaden","nextbike","2026-08-28 00:23:09"
"5301942","Frankfurter Straße",50.073805,8.255228,NA,4,0,"DE","Wiesbaden","nextbike","2026-08-28 00:23:09"
"53173847","Neroberg Talstation",50.094966,8.226126,NA,5,0,"DE","Wiesbaden","nextbike","2026-08-28 00:23:09"
"53279454","Nerotal",50.091216,8.236082,NA,2,0,"DE","Wiesbaden","nextbike","2026-08-28 00:23:09"
"53697507","Mainzer Straße",50.058507,8.255213,NA,6,0,"DE","Wiesbaden","nextbike","2026-08-28 00:23:09"
"53699259","Friedrich-Ebert-Allee",50.076204,8.24563,NA,1,0,"DE","Wiesbaden","nextbike","2026-08-28 00:23:09"
"53701912","Adolfsallee",50.076168,8.239901,NA,6,0,"DE","Wiesbaden","nextbike","2026-08-28 00:23:09"
"54069261","Albrecht-Dürer-Anlagen",50.089468,8.220322,NA,0,0,"DE","Wiesbaden","nextbike","2026-08-28 00:23:09"
"87795417","Coulinstraße",50.083286,8.236345,NA,4,0,"DE","Wiesbaden","nextbike","2026-08-28 00:23:09"
"87795984","Neugasse",50.081525,8.23976,NA,0,0,"DE","Wiesbaden","nextbike","2026-08-28 00:23:09"
"87796213","Luisenplatz",50.079147,8.240044,NA,9,0,"DE","Wiesbaden","nextbike","2026-08-28 00:23:09"
"87796369","Bahnhofstraße",50.072318,8.242933,NA,4,0,"DE","Wiesbaden","nextbike","2026-08-28 00:23:09"
"87796472","Hauptbahnhof",50.071337,8.242628,NA,16,0,"DE","Wiesbaden","nextbike","2026-08-28 00:23:09"
"87796596","Konrad-Adenauer-Straße/ Schiersteiner Straße",50.071167,8.226985,NA,2,0,"DE","Wiesbaden","nextbike","2026-08-28 00:23:09"
"87796717","Karlsbader Platz",50.074863,8.223887,NA,1,0,"DE","Wiesbaden","nextbike","2026-08-28 00:23:09"
"87796883","Frankfurter Straße/ Humboldtstraße",50.07816,8.249343,NA,2,0,"DE","Wiesbaden","nextbike","2026-08-28 00:23:09"
"87797085","Gustav-Stresemann-Ring",50.071756,8.252207,NA,2,0,"DE","Wiesbaden","nextbike","2026-08-28 00:23:09"
"126084480","SOKA Bau",50.069332,8.253932,NA,3,0,"DE","Wiesbaden","nextbike","2026-08-28 00:23:09"
"143097087","Alter Schlachthof",50.06673,8.247916,NA,5,0,"DE","Wiesbaden","nextbike","2026-08-28 00:23:09"
"608535280","Amtsgericht / Klinikum",48.182119,11.258064,NA,7,0,"DE","Muenchen","nextbike","2026-08-28 00:23:09"
"608535281","Buchenau Bahnhof",48.160556,11.2244,NA,3,0,"DE","Muenchen","nextbike","2026-08-28 00:23:09"
"608535282","Fürstenfeld",48.171345,11.247608,NA,1,0,"DE","Muenchen","nextbike","2026-08-28 00:23:09"
"608535283","Fürstenfeldbruck Bahnhof",48.172396,11.262272,NA,1,0,"DE","Muenchen","nextbike","2026-08-28 00:23:09"
"608535284","Hauptplatz",48.177894,11.255632,NA,2,0,"DE","Muenchen","nextbike","2026-08-28 00:23:09"
"608535285","Kapellenstraße",48.182509,11.253274,NA,6,0,"DE","Muenchen","nextbike","2026-08-28 00:23:09"
"608535286","Klosterstraße",48.174272,11.241322,NA,6,0,"DE","Muenchen","nextbike","2026-08-28 00:23:09"
"608535287","Landratsamt",48.176677,11.260783,NA,5,0,"DE","Muenchen","nextbike","2026-08-28 00:23:09"
"608535288","Pucher Meer (Parkplatz)",48.18776,11.233439,NA,3,0,"DE","Muenchen","nextbike","2026-08-28 00:23:09"
"608535289","Rudolf-Diesel-Ring",48.192993,11.250284,NA,7,0,"DE","Muenchen","nextbike","2026-08-28 00:23:09"
"608535290","St. Bernhard",48.172186,11.232778,NA,7,0,"DE","Muenchen","nextbike","2026-08-28 00:23:09"
"608535291","Theodor-Heuss-Straße",48.181375,11.242322,NA,2,0,"DE","Muenchen","nextbike","2026-08-28 00:23:09"
"608535292","Alfons-Baumann-Straße",48.122496,11.353216,NA,5,0,"DE","Muenchen","nextbike","2026-08-28 00:23:09"
"608535293","An den Gemeindewiesen",48.140383,11.359614,NA,4,0,"DE","Muenchen","nextbike","2026-08-28 00:23:09"
"608535294","Bertha-von-Suttner-Straße / Theodor-Heuss-Straße",48.115044,11.3555,NA,5,0,"DE","Muenchen","nextbike","2026-08-28 00:23:09"
"608535295","GEP",48.137313,11.373433,NA,7,0,"DE","Muenchen","nextbike","2026-08-28 00:23:09"
"608535296","Germering-Unterpfaffenhofen Bahnhof",48.128957,11.36373,NA,4,0,"DE","Muenchen","nextbike","2026-08-28 00:23:09"
"608535297","Gewerbegebiet Nord",48.139178,11.370889,NA,9,0,"DE","Muenchen","nextbike","2026-08-28 00:23:09"
"608535298","Hallenbad",48.133156,11.372576,NA,2,0,"DE","Muenchen","nextbike","2026-08-28 00:23:09"
"608535299","Harthaus Bahnhof",48.133642,11.386486,NA,3,0,"DE","Muenchen","nextbike","2026-08-28 00:23:09"
"608535300","St.-Jakob-Straße",48.130562,11.351484,NA,5,0,"DE","Muenchen","nextbike","2026-08-28 00:23:09"
"608535301","Königsberger Straße",48.136733,11.383645,NA,7,0,"DE","Muenchen","nextbike","2026-08-28 00:23:09"
"608535302","Oskar-von-Miller-Straße",48.131863,11.371173,NA,8,0,"DE","Muenchen","nextbike","2026-08-28 00:23:09"
"608535303","Otto-Wagner-Straße Nord",48.124643,11.366397,NA,7,0,"DE","Muenchen","nextbike","2026-08-28 00:23:09"
"608535304","Rathaus",48.134827,11.362811,NA,5,0,"DE","Muenchen","nextbike","2026-08-28 00:23:09"
"608535305","Streiflacher Straße",48.128287,11.373914,NA,7,0,"DE","Muenchen","nextbike","2026-08-28 00:23:09"
"608535306","Grafrath Bahnhof",48.132405,11.152776,NA,1,0,"DE","Muenchen","nextbike","2026-08-28 00:23:09"
"608535307","Am Sandberg",48.18344,11.387938,NA,5,0,"DE","Muenchen","nextbike","2026-08-28 00:23:09"
"608535308","Am Zillerhof",48.186275,11.38352,NA,6,0,"DE","Muenchen","nextbike","2026-08-28 00:23:09"
"608535309","Beislerstraße",48.179444,11.380757,NA,2,0,"DE","Muenchen","nextbike","2026-08-28 00:23:09"
"608535310","Gröbenzell Bahnhof Süd / Kirchenstraße",48.194822,11.372656,NA,14,0,"DE","Muenchen","nextbike","2026-08-28 00:23:09"
"608535311","Sportzentrum",48.193575,11.38457,NA,6,0,"DE","Muenchen","nextbike","2026-08-28 00:23:09"
"608535312","Babenrieder Straße",48.162529,11.167998,NA,6,0,"DE","Muenchen","nextbike","2026-08-28 00:23:09"
"608535313","Schöngeising Bahnhof Nord",48.147073,11.190071,NA,3,0,"DE","Muenchen","nextbike","2026-08-28 00:23:09"
"608535314","Am Strasserwinkel",48.215347,11.270064,NA,5,0,"DE","Muenchen","nextbike","2026-08-28 00:23:09"
"608535315","Ganghoferstraße",48.214342,11.287288,NA,3,0,"DE","Muenchen","nextbike","2026-08-28 00:23:09"
"608535316","Gernlinden Bahnhof",48.213157,11.298278,NA,9,0,"DE","Muenchen","nextbike","2026-08-28 00:23:09"
"608535317","Hans-Gruber-Platz",48.210856,11.2967,NA,5,0,"DE","Muenchen","nextbike","2026-08-28 00:23:09"
"608535318","Maisach Bahnhof",48.214565,11.256503,NA,10,0,"DE","Muenchen","nextbike","2026-08-28 00:23:09"
"608535319","Otto-Hahn-Straße",48.212351,11.244004,NA,2,0,"DE","Muenchen","nextbike","2026-08-28 00:23:09"
"608535320","Bürgerhaus",48.205971,11.151883,NA,5,0,"DE","Muenchen","nextbike","2026-08-28 00:23:09"
"608535321","Freizeitpark Mammendorf (Freibad)",48.202536,11.171189,NA,3,0,"DE","Muenchen","nextbike","2026-08-28 00:23:09"
"608535322","Mammendorf Bahnhof",48.216556,11.174148,NA,6,0,"DE","Muenchen","nextbike","2026-08-28 00:23:09"
"608535323","Pfarrkirche",48.207825,11.164622,NA,5,0,"DE","Muenchen","nextbike","2026-08-28 00:23:09"
"608535324","Auf der Insel",48.206662,11.327017,NA,1,0,"DE","Muenchen","nextbike","2026-08-28 00:23:09"
"608535325","Esting Bahnhof",48.212724,11.318829,NA,14,0,"DE","Muenchen","nextbike","2026-08-28 00:23:09"
"608535326","Ferdinandstraße",48.216143,11.346824,NA,8,0,"DE","Muenchen","nextbike","2026-08-28 00:23:09"
"608535327","Gewerbepark Süd",48.227101,11.334508,NA,6,0,"DE","Muenchen","nextbike","2026-08-28 00:23:09"
"608535328","Heimgartenstraße",48.196859,11.324711,NA,10,0,"DE","Muenchen","nextbike","2026-08-28 00:23:09"
"608535329","Kapellenweg",48.225455,11.343241,NA,1,0,"DE","Muenchen","nextbike","2026-08-28 00:23:09"
"608535330","Kriegerdenkmal",48.200154,11.309124,NA,4,0,"DE","Muenchen","nextbike","2026-08-28 00:23:09"
"608535331","Olching Bahnhof",48.209717,11.334807,NA,1,0,"DE","Muenchen","nextbike","2026-08-28 00:23:09"
"608535332","Alpenstraße",48.179304,11.36113,NA,7,0,"DE","Muenchen","nextbike","2026-08-28 00:23:09"
"608535333","Birkenstraße",48.174638,11.359112,NA,3,0,"DE","Muenchen","nextbike","2026-08-28 00:23:09"
"608535334","Boschstraße",48.170484,11.363384,NA,0,0,"DE","Muenchen","nextbike","2026-08-28 00:23:09"
"608535335","Edelweißstraße / PUC",48.169771,11.345956,NA,5,0,"DE","Muenchen","nextbike","2026-08-28 00:23:09"
"608535336","Friedenstraße",48.18263,11.371141,NA,13,0,"DE","Muenchen","nextbike","2026-08-28 00:23:09"
"608535337","Friedhof Schopflach",48.163649,11.335233,NA,5,0,"DE","Muenchen","nextbike","2026-08-28 00:23:09"
"608535338","Kriegerdenkmal",48.147102,11.347664,NA,4,0,"DE","Muenchen","nextbike","2026-08-28 00:23:09"
"608535339","Laurenzer Grundschule",48.152464,11.341765,NA,2,0,"DE","Muenchen","nextbike","2026-08-28 00:23:09"
"608535340","Lilienthalstraße",48.161214,11.342048,NA,2,0,"DE","Muenchen","nextbike","2026-08-28 00:23:09"
"608535341","Nordendstraße",48.176307,11.365722,NA,11,0,"DE","Muenchen","nextbike","2026-08-28 00:23:09"
"608535342","Puchheim Bahnhof Nord",48.172526,11.353002,NA,2,0,"DE","Muenchen","nextbike","2026-08-28 00:23:09"
"608535343","Puchheim Bahnhof Süd",48.171984,11.351683,NA,9,0,"DE","Muenchen","nextbike","2026-08-28 00:23:09"
"608535344","Sportzentrum",48.179592,11.354255,NA,9,0,"DE","Muenchen","nextbike","2026-08-28 00:23:09"
"608535345","Rathaus",48.13893,11.206623,NA,3,0,"DE","Muenchen","nextbike","2026-08-28 00:23:09"
"608535346","Schöngeising Bahnhof",48.146438,11.191714,NA,5,0,"DE","Muenchen","nextbike","2026-08-28 00:23:09"
"608535256","Eching Bahnhof",48.303429,11.618548,NA,4,0,"DE","Muenchen","nextbike","2026-08-28 00:23:09"
"608535257","Bürgersaal",48.281144,11.673717,4,11,0,"DE","Muenchen","nextbike","2026-08-28 00:23:09"
"608535258","Bergstrasse",48.323108,11.599879,NA,7,0,"DE","Muenchen","nextbike","2026-08-28 00:23:09"
"608535259","Rathaus",48.297144,11.622322,NA,4,0,"DE","Muenchen","nextbike","2026-08-28 00:23:09"
"608535260","Am Isardamm",48.277602,11.673041,NA,9,0,"DE","Muenchen","nextbike","2026-08-28 00:23:09"
"608535261","Hollerner See",48.283376,11.606952,NA,3,0,"DE","Muenchen","nextbike","2026-08-28 00:23:09"
"608535262","IKEA",48.303778,11.634774,NA,4,0,"DE","Muenchen","nextbike","2026-08-28 00:23:09"
"608535263","Hotel Olymp",48.298312,11.624925,NA,6,0,"DE","Muenchen","nextbike","2026-08-28 00:23:09"
"608535265","Rathaus",48.318164,11.745158,NA,6,0,"DE","Muenchen","nextbike","2026-08-28 00:23:09"
"608535266","Sportpark",48.322114,11.737419,NA,5,0,"DE","Muenchen","nextbike","2026-08-28 00:23:09"
"608535267","Nachbarschaftshilfe",48.310556,11.749206,NA,5,0,"DE","Muenchen","nextbike","2026-08-28 00:23:09"
"608535268","S-Bahn Hallbergmoos",48.308833,11.714621,NA,5,0,"DE","Muenchen","nextbike","2026-08-28 00:23:09"
"608535270","Altes Rathaus",48.327697,11.752451,NA,5,0,"DE","Muenchen","nextbike","2026-08-28 00:23:09"
"608535271","MABP Surftown",48.332461,11.731651,NA,3,0,"DE","Muenchen","nextbike","2026-08-28 00:23:09"
"608535272","Neufahrn Bahnhof",48.320835,11.660394,NA,3,0,"DE","Muenchen","nextbike","2026-08-28 00:23:09"
"608535273","Rathaus",48.317133,11.662304,NA,6,0,"DE","Muenchen","nextbike","2026-08-28 00:23:09"
"608535274","Mintraching, Spielplatz Feuerwehr",48.318879,11.68717,NA,5,0,"DE","Muenchen","nextbike","2026-08-28 00:23:09"
"608535276","Lena-Christ-Straße",48.309108,11.665278,NA,8,0,"DE","Muenchen","nextbike","2026-08-28 00:23:09"
"608535277","Sport- und Freizeitpark",48.322081,11.672788,NA,4,0,"DE","Muenchen","nextbike","2026-08-28 00:23:09"
"608535278","Zeppelinstraße",48.31436,11.650398,NA,2,0,"DE","Muenchen","nextbike","2026-08-28 00:23:09"
"608535279","Gewerbepark Römerweg",48.330098,11.692431,NA,6,0,"DE","Muenchen","nextbike","2026-08-28 00:23:09"
"608535378","Heidenheimer Straße",48.247327,11.612108,NA,0,0,"DE","Muenchen","nextbike","2026-08-28 00:23:09"
"608535379","Carl-von-Linde-Straße (Garching-Hochbrück)",48.251581,11.606968,NA,1,0,"DE","Muenchen","nextbike","2026-08-28 00:23:09"
"608535380","Dieselstraße (Garching-Hochbrück)",48.254889,11.617622,NA,2,0,"DE","Muenchen","nextbike","2026-08-28 00:23:09"
"608535381","Garchinger See (Garching)",48.261523,11.640456,NA,4,0,"DE","Muenchen","nextbike","2026-08-28 00:23:09"
"608535383","Jahnstraße (Garching-Hochbrück)",48.247635,11.608093,NA,4,0,"DE","Muenchen","nextbike","2026-08-28 00:23:09"
"608535384","Lilienthalstraße (Garching-Hochbrück)",48.252431,11.620245,NA,1,0,"DE","Muenchen","nextbike","2026-08-28 00:23:09"
"608535385","Maibaumplatz (Garching)",48.249634,11.653183,NA,11,0,"DE","Muenchen","nextbike","2026-08-28 00:23:09"
"608535386","Maier-Leibnitz-Straße (Garching)",48.24993,11.64571,NA,8,0,"DE","Muenchen","nextbike","2026-08-28 00:23:09"
"608535387","Parkring Ost (Garching)",48.251713,11.637284,NA,2,0,"DE","Muenchen","nextbike","2026-08-28 00:23:09"
"608535388","Parkring West (Garching)",48.252165,11.633886,NA,10,0,"DE","Muenchen","nextbike","2026-08-28 00:23:09"
"608535389","Professor-Angermair-Ring (Garching)",48.245103,11.655635,NA,11,0,"DE","Muenchen","nextbike","2026-08-28 00:23:09"
"608535390","Siemens/SAP (Garching Forschungszentrum)",48.264493,11.661396,NA,1,0,"DE","Muenchen","nextbike","2026-08-28 00:23:09"
"608535391","U-Bahnhof (Garching Forschungszentrum)",48.264969,11.671454,NA,1,0,"DE","Muenchen","nextbike","2026-08-28 00:23:09"
"608535392","Campus West (Garching Forschungszentrum)",48.263358,11.665104,NA,9,0,"DE","Muenchen","nextbike","2026-08-28 00:23:09"
"608535393","Lichtenbergstraße (Garching Forschungszentrum)",48.268109,11.669114,NA,15,0,"DE","Muenchen","nextbike","2026-08-28 00:23:09"
"608535394","U-Bahnhof (P+R) (Garching-Hochbrück)",48.248359,11.631394,NA,23,0,"DE","Muenchen","nextbike","2026-08-28 00:23:09"
"608535395","Untere Strassäcker (Garching)",48.257185,11.654569,NA,24,0,"DE","Muenchen","nextbike","2026-08-28 00:23:09"
"608535396","Voithstraße (Garching-Hochbrück)",48.250049,11.612699,NA,3,0,"DE","Muenchen","nextbike","2026-08-28 00:23:09"
"608535440","Bahnhof Nord (Ismaning)",48.226437,11.679748,NA,5,0,"DE","Muenchen","nextbike","2026-08-28 00:23:09"
"608535441","Bahnhof Süd (Ismaning)",48.225292,11.678691,NA,4,0,"DE","Muenchen","nextbike","2026-08-28 00:23:09"
"608535442","Oskar-Messter-Straße (Ismaning)",48.233712,11.680308,NA,4,0,"DE","Muenchen","nextbike","2026-08-28 00:23:09"
"608535443","Carl-Zeiss-Ring (Ismaning)",48.236072,11.67964,NA,5,0,"DE","Muenchen","nextbike","2026-08-28 00:23:09"
"608535444","Fischerhäuser (Ismaning)",48.251724,11.69419,NA,9,0,"DE","Muenchen","nextbike","2026-08-28 00:23:09"
"608535445","Wasserturm (Ismaning)",48.220403,11.665488,NA,9,0,"DE","Muenchen","nextbike","2026-08-28 00:23:09"
"608535446","AGROB Süd (Ismaning)",48.208313,11.658857,NA,4,0,"DE","Muenchen","nextbike","2026-08-28 00:23:09"
"608535447","Mayerbacherstraße (Ismaning)",48.228368,11.684676,NA,3,0,"DE","Muenchen","nextbike","2026-08-28 00:23:09"
"608535461","Helmholtz Zentrum (Oberschleißheim)",48.219933,11.589283,NA,3,0,"DE","Muenchen","nextbike","2026-08-28 00:23:09"
"608535462","Bahnhof Oberschleißheim",48.257973,11.558038,NA,2,0,"DE","Muenchen","nextbike","2026-08-28 00:23:09"
"608535463","Veterinärstraße",48.248642,11.549747,NA,3,0,"DE","Muenchen","nextbike","2026-08-28 00:23:09"
"608535464","Schloss Oberschleißheim",48.250599,11.561043,NA,4,0,"DE","Muenchen","nextbike","2026-08-28 00:23:09"
"608535491","Am Bahnhof (S)",48.189293,11.645839,NA,6,0,"DE","Muenchen","nextbike","2026-08-28 00:23:09"
"608535492","Feringasee (Ost)",48.191728,11.677217,NA,0,0,"DE","Muenchen","nextbike","2026-08-28 00:23:09"
"608535493","Leinthaler Brücke",48.183,11.632371,NA,5,0,"DE","Muenchen","nextbike","2026-08-28 00:23:09"
"608535494","Poschinger Weiher",48.200971,11.641153,NA,5,0,"DE","Muenchen","nextbike","2026-08-28 00:23:09"
"608535495","Parkhaus Dieselstraße",48.185951,11.650884,NA,1,0,"DE","Muenchen","nextbike","2026-08-28 00:23:09"
"608535496","Parkhaus Bürgerfestplatz",48.192544,11.655237,NA,2,0,"DE","Muenchen","nextbike","2026-08-28 00:23:09"
"608535497","Bauhofstraße",48.201223,11.650217,NA,3,0,"DE","Muenchen","nextbike","2026-08-28 00:23:09"
"608535498","Fichtenstraße",48.19779,11.651963,NA,7,0,"DE","Muenchen","nextbike","2026-08-28 00:23:09"
"608535499","Blumenstraße",48.195136,11.646904,NA,5,0,"DE","Muenchen","nextbike","2026-08-28 00:23:09"
"608535500","Bürgerhaus",48.191709,11.639557,NA,11,0,"DE","Muenchen","nextbike","2026-08-28 00:23:09"
"608535501","Föhringer Allee",48.187134,11.641244,NA,4,0,"DE","Muenchen","nextbike","2026-08-28 00:23:09"
"608535502","Feringastraße Ost",48.178157,11.635993,NA,3,0,"DE","Muenchen","nextbike","2026-08-28 00:23:09"
"608535503","Apianstraße",48.175036,11.639062,NA,20,0,"DE","Muenchen","nextbike","2026-08-28 00:23:09"
"608535504","Feringastraße",48.179985,11.631105,NA,2,0,"DE","Muenchen","nextbike","2026-08-28 00:23:09"
"608535505","Feringasee (West)",48.191295,11.664523,NA,0,0,"DE","Muenchen","nextbike","2026-08-28 00:23:09"
"637793366","BR Unterföhring",48.191805,11.650666,NA,5,0,"DE","Muenchen","nextbike","2026-08-28 00:23:09"
"608535516","Unterschleißheim (S) Ost",48.272692,11.568468,NA,5,0,"DE","Muenchen","nextbike","2026-08-28 00:23:09"
"608535517","Unterschleißheim (S) West",48.273039,11.56758,NA,8,0,"DE","Muenchen","nextbike","2026-08-28 00:23:09"
"608535518","Unterschleißheim (S) St.-Benedikt-Straße",48.274712,11.569599,NA,7,0,"DE","Muenchen","nextbike","2026-08-28 00:23:09"
"608535519","Unterschleißheim (S) Berglstraße",48.275193,11.56869,NA,3,0,"DE","Muenchen","nextbike","2026-08-28 00:23:09"
"608535520","Lohhof (S) Süd",48.287895,11.581118,NA,3,0,"DE","Muenchen","nextbike","2026-08-28 00:23:09"
"608535521","Lohhof (S) Nord",48.28808,11.580679,NA,10,0,"DE","Muenchen","nextbike","2026-08-28 00:23:09"
"608535522","Sportpark",48.270009,11.585583,NA,9,0,"DE","Muenchen","nextbike","2026-08-28 00:23:09"
"608535523","Altes Rathaus",48.281902,11.576054,NA,3,0,"DE","Muenchen","nextbike","2026-08-28 00:23:09"
"608535524","Johann-Schmid-Straße",48.278358,11.581606,NA,7,0,"DE","Muenchen","nextbike","2026-08-28 00:23:09"
"608535525","Riedmoos",48.268979,11.533116,NA,2,0,"DE","Muenchen","nextbike","2026-08-28 00:23:09"
"608535526","Unterschleißheimer See",48.286179,11.552244,NA,2,0,"DE","Muenchen","nextbike","2026-08-28 00:23:09"
"608535527","Kiebitzstraße",48.28043,11.587453,NA,7,0,"DE","Muenchen","nextbike","2026-08-28 00:23:09"
"608535528","Mallertshoffener Straße",48.262584,11.589574,NA,5,0,"DE","Muenchen","nextbike","2026-08-28 00:23:09"
"608535529","Am Weiher",48.280435,11.556115,NA,3,0,"DE","Muenchen","nextbike","2026-08-28 00:23:09"
"608535530","Stadtwerke Unterschleißheim",48.283693,11.572017,NA,5,0,"DE","Muenchen","nextbike","2026-08-28 00:23:09"
"608535531","Emmy-Noether-Ring Business Campus",48.275469,11.561265,NA,0,0,"DE","Muenchen","nextbike","2026-08-28 00:23:09"
"608535532","Röntgenstraße",48.282397,11.566866,NA,7,0,"DE","Muenchen","nextbike","2026-08-28 00:23:09"
"608535533","Ohmstraße",48.287158,11.570431,NA,1,0,"DE","Muenchen","nextbike","2026-08-28 00:23:09"
"608535534","Ballhausforum",48.284271,11.564689,NA,5,0,"DE","Muenchen","nextbike","2026-08-28 00:23:09"
"608535537","Alfred-Nobel-Straße Business Campus",48.276502,11.560718,NA,2,0,"DE","Muenchen","nextbike","2026-08-28 00:23:09"
"608535398","Bahnhof (Gräfelfing)",48.121098,11.425649,NA,3,0,"DE","Muenchen","nextbike","2026-08-28 00:23:09"
"608535399","Bahnhof Lochham (Gräfelfing)",48.129418,11.430742,NA,4,0,"DE","Muenchen","nextbike","2026-08-28 00:23:09"
"608535400","Lochhamer Schlag (Gräfelfing)",48.122026,11.451154,NA,3,0,"DE","Muenchen","nextbike","2026-08-28 00:23:09"
"608535402","Würmtalstraße (Gräfelfing)",48.115415,11.440033,NA,6,0,"DE","Muenchen","nextbike","2026-08-28 00:23:09"
"608535403","Kirchweg (Gräfelfing)",48.125229,11.445698,NA,0,0,"DE","Muenchen","nextbike","2026-08-28 00:23:09"
"608535404","Doemens (Gräfelfing)",48.120768,11.446022,NA,1,0,"DE","Muenchen","nextbike","2026-08-28 00:23:09"
"608535405","Derbolfinger Platz (Grünwald)",48.041865,11.523734,NA,7,0,"DE","Muenchen","nextbike","2026-08-28 00:23:09"
"608535406","Bavariafilmplatz (Grünwald)",48.067423,11.546563,NA,2,0,"DE","Muenchen","nextbike","2026-08-28 00:23:09"
"608535407","Bavariafilmstraße (Grünwald)",48.065753,11.554089,NA,4,0,"DE","Muenchen","nextbike","2026-08-28 00:23:09"
"608535408","Parkplatz (Grünwald)",48.055074,11.540914,NA,2,0,"DE","Muenchen","nextbike","2026-08-28 00:23:09"
"608535409","Ludwig-Thoma-Straße (Grünwald)",48.049592,11.535365,NA,0,0,"DE","Muenchen","nextbike","2026-08-28 00:23:09"
"608535410","Musikschule (Grünwald)",48.050489,11.533111,NA,2,0,"DE","Muenchen","nextbike","2026-08-28 00:23:09"
"608535411","Freizeitpark (Grünwald)",48.049033,11.52849,NA,9,0,"DE","Muenchen","nextbike","2026-08-28 00:23:09"
"608535412","Laufzorner Straße (Grünwald)",48.036067,11.528432,NA,7,0,"DE","Muenchen","nextbike","2026-08-28 00:23:09"
"608535413","Josef-Sammer-Straße (Grünwald)",48.039208,11.534973,NA,5,0,"DE","Muenchen","nextbike","2026-08-28 00:23:09"
"608535414","Wörnbrunn (Grünwald)",48.038854,11.548214,NA,7,0,"DE","Muenchen","nextbike","2026-08-28 00:23:09"
"608535415","Lil-Dagover-Ring (Grünwald)",48.064798,11.556074,NA,11,0,"DE","Muenchen","nextbike","2026-08-28 00:23:09"
"608535416","Tölzer Straße (Grünwald)",48.034844,11.521349,NA,3,0,"DE","Muenchen","nextbike","2026-08-28 00:23:09"
"608535417","Robert-Koch-Straße (Grünwald)",48.062765,11.544919,NA,6,0,"DE","Muenchen","nextbike","2026-08-28 00:23:09"
"608535418","Haus der Begegnung (Grünwald)",48.0388,11.527856,NA,16,0,"DE","Muenchen","nextbike","2026-08-28 00:23:09"
"608535419","Martin-Kneidl-Grundschule (Grünwald)",48.044656,11.524422,NA,6,0,"DE","Muenchen","nextbike","2026-08-28 00:23:09"
"608535420","Bahnhof Süd (Haar)",48.110711,11.731274,NA,1,0,"DE","Muenchen","nextbike","2026-08-28 00:23:09"
"608535421","Bahnhof Nord (Haar)",48.111714,11.730938,NA,9,0,"DE","Muenchen","nextbike","2026-08-28 00:23:09"
"608535422","Ferd.-Kobell-Straße (Haar)",48.103411,11.722933,NA,5,0,"DE","Muenchen","nextbike","2026-08-28 00:23:09"
"608535423","Hans-Stießberger-Straße (Haar)",48.110938,11.715021,NA,2,0,"DE","Muenchen","nextbike","2026-08-28 00:23:09"
"608535424","Jagdfeldhochhaus (Haar)",48.1083,11.723526,NA,2,0,"DE","Muenchen","nextbike","2026-08-28 00:23:09"
"608535425","Waldluststraße (Haar)",48.104181,11.729069,NA,8,0,"DE","Muenchen","nextbike","2026-08-28 00:23:09"
"608535426","Ottendichl Kirche (Ottendichl)",48.12692,11.741225,NA,4,0,"DE","Muenchen","nextbike","2026-08-28 00:23:09"
"608535427","Salmdorf Kirche (Salmdorf)",48.130671,11.716349,NA,8,0,"DE","Muenchen","nextbike","2026-08-28 00:23:09"
"608535428","IAK Klinikum (Haar)",48.116445,11.741971,NA,7,0,"DE","Muenchen","nextbike","2026-08-28 00:23:09"
"608535429","Bahnhof (Gronsdorf)",48.119347,11.699794,NA,7,0,"DE","Muenchen","nextbike","2026-08-28 00:23:09"
"608535430","Sportpark (Haar)",48.114494,11.728949,NA,7,0,"DE","Muenchen","nextbike","2026-08-28 00:23:09"
"608535431","Klinikum Mitte (Haar)",48.116487,11.746498,NA,0,0,"DE","Muenchen","nextbike","2026-08-28 00:23:09"
"608535438","S-Bahnhof Hohenbrunn (Hohenbrunn)",48.047218,11.698346,NA,5,0,"DE","Muenchen","nextbike","2026-08-28 00:23:09"
"608535439","Steinstraße (Hohenbrunn)",48.062083,11.679794,NA,5,0,"DE","Muenchen","nextbike","2026-08-28 00:23:09"
"608535432","S-Bahnhof Nord",48.019222,11.718707,NA,6,0,"DE","Muenchen","nextbike","2026-08-28 00:23:09"
"608535433","Bahnhof (Höhenkirchen-Siegertsbrunn)",48.017067,11.719139,NA,6,0,"DE","Muenchen","nextbike","2026-08-28 00:23:09"
"608535434","Rathaus",48.016069,11.712816,NA,4,0,"DE","Muenchen","nextbike","2026-08-28 00:23:09"
"608535435","Sportplatz Siegertsbrunn ETC",48.01789,11.734888,NA,5,0,"DE","Muenchen","nextbike","2026-08-28 00:23:09"
"608535436","Ortsmitte Siegertsbrunn",48.02425,11.72857,NA,5,0,"DE","Muenchen","nextbike","2026-08-28 00:23:09"
"608535437","Sportplatz Höhenkirchen",48.025028,11.701432,NA,4,0,"DE","Muenchen","nextbike","2026-08-28 00:23:09"
"608535448","Ammerthalstraße (Heimstetten)",48.150935,11.74959,NA,6,0,"DE","Muenchen","nextbike","2026-08-28 00:23:09"
"608535449","Bahnhof Süd (Heimstetten)",48.158369,11.758887,NA,6,0,"DE","Muenchen","nextbike","2026-08-28 00:23:09"
"608535450","Pfarrer-Caspar-Mayr-Platz (Kirchheim)",48.176741,11.755441,NA,4,0,"DE","Muenchen","nextbike","2026-08-28 00:23:09"
"608535451","Räterzentrum (Heimstetten)",48.16348,11.756829,NA,6,0,"DE","Muenchen","nextbike","2026-08-28 00:23:09"
"608535483","Fasanenpark Ost (Neubiberg)",48.079753,11.610314,NA,6,0,"DE","Muenchen","nextbike","2026-08-28 00:23:09"
"608535484","Bahnhofsplatz (Neubiberg)",48.076462,11.660084,NA,4,0,"DE","Muenchen","nextbike","2026-08-28 00:23:09"
"608535485","Campeon (Neubiberg)",48.078716,11.615636,NA,7,0,"DE","Muenchen","nextbike","2026-08-28 00:23:09"
"608535486","Bamerstraße (Neubiberg)",48.079446,11.645409,NA,3,0,"DE","Muenchen","nextbike","2026-08-28 00:23:09"
"608535487","Universitätsstraße (Neubiberg)",48.081829,11.63288,NA,3,0,"DE","Muenchen","nextbike","2026-08-28 00:23:09"
"608535488","Werner-Heisenberg-Weg (Neubiberg)",48.078347,11.651776,NA,4,0,"DE","Muenchen","nextbike","2026-08-28 00:23:09"
"608535489","Hohenbrunner Str. / Prof. - Göttsberger - Str.",48.073284,11.670583,NA,3,0,"DE","Muenchen","nextbike","2026-08-28 00:23:09"
"608535490","Wotanstraße (Neubiberg",48.074283,11.678966,NA,5,0,"DE","Muenchen","nextbike","2026-08-28 00:23:09"
"608535452","Altes Rathaus (Neuried)",48.093395,11.465476,NA,3,0,"DE","Muenchen","nextbike","2026-08-28 00:23:09"
"608535453","Zugspitzstraße (Neuried)",48.087947,11.469806,NA,2,0,"DE","Muenchen","nextbike","2026-08-28 00:23:09"
"608535454","Kraillinger Weg (Neuried)",48.092398,11.456418,NA,2,0,"DE","Muenchen","nextbike","2026-08-28 00:23:09"
"608535455","Am Haderner Winkel (Neuried)",48.094649,11.464114,NA,3,0,"DE","Muenchen","nextbike","2026-08-28 00:23:09"
"608535456","Am Sportpark (Neuried)",48.087564,11.461622,NA,0,0,"DE","Muenchen","nextbike","2026-08-28 00:23:09"
"608535457","Forstenrieder Straße (Neuried)",48.091461,11.469223,NA,4,0,"DE","Muenchen","nextbike","2026-08-28 00:23:09"
"608535458","Deisenhofen Bahnhof (Oberhaching)",48.019833,11.583125,NA,6,0,"DE","Muenchen","nextbike","2026-08-28 00:23:09"
"608535459","Furth Bahnhof (Oberhaching)",48.034959,11.592397,NA,6,0,"DE","Muenchen","nextbike","2026-08-28 00:23:09"
"608535460","Schmidweg (Oberhaching)",48.031311,11.583427,NA,8,0,"DE","Muenchen","nextbike","2026-08-28 00:23:09"
"608535465","Bahnhof Ost (Planegg)",48.10559,11.414315,NA,7,0,"DE","Muenchen","nextbike","2026-08-28 00:23:09"
"608535466","Behringstraße (Planegg)",48.110628,11.431463,NA,0,0,"DE","Muenchen","nextbike","2026-08-28 00:23:09"
"608535467","Otto-Pippel-Straße (Planegg)",48.106504,11.427588,NA,1,0,"DE","Muenchen","nextbike","2026-08-28 00:23:09"
"608535468","Kettelerstraße (Planegg)",48.103033,11.429318,NA,0,0,"DE","Muenchen","nextbike","2026-08-28 00:23:09"
"608535469","Lochhamer Straße (Martinsried Nord)",48.111146,11.451776,NA,2,0,"DE","Muenchen","nextbike","2026-08-28 00:23:09"
"608535470","Max-Planck-Institute (Martinsried)",48.105904,11.459104,NA,0,0,"DE","Muenchen","nextbike","2026-08-28 00:23:09"
"608535471","LMU (Martinsried)",48.110407,11.460697,NA,0,0,"DE","Muenchen","nextbike","2026-08-28 00:23:09"
"608535473","Kopernikusweg (Martinsried)",48.104359,11.44667,NA,0,0,"DE","Muenchen","nextbike","2026-08-28 00:23:09"
"608535474","Röntgenstraße (Martinsried)",48.109298,11.449702,NA,0,0,"DE","Muenchen","nextbike","2026-08-28 00:23:09"
"608535475","IZB (Martinsried)",48.107887,11.459063,NA,0,0,"DE","Muenchen","nextbike","2026-08-28 00:23:09"
"608535476","Pullach Bahnhof (Pullach im Isartal)",48.05884,11.522067,NA,2,0,"DE","Muenchen","nextbike","2026-08-28 00:23:09"
"608535477","Großhesselohe Bahnhof (Pullach im Isartal)",48.070574,11.531098,NA,4,0,"DE","Muenchen","nextbike","2026-08-28 00:23:09"
"608535478","Waldwirtschaft (Pullach im Isartal)",48.067451,11.539233,NA,0,0,"DE","Muenchen","nextbike","2026-08-28 00:23:09"
"608535479","Rathaus (Pullach im Isartal)",48.054615,11.519177,NA,2,0,"DE","Muenchen","nextbike","2026-08-28 00:23:09"
"608535480","Jakobusplatz",48.053556,11.512561,NA,6,0,"DE","Muenchen","nextbike","2026-08-28 00:23:09"
"608535481","Bahnhof Höllriegelskreuth",48.042723,11.509806,NA,5,0,"DE","Muenchen","nextbike","2026-08-28 00:23:09"
"608535482","Großhesseloher Brücke/ Adolf-Wenz-Siedlung",48.074718,11.539836,NA,0,0,"DE","Muenchen","nextbike","2026-08-28 00:23:09"
"608535507","Fasanenpark West (Unterhaching)",48.079566,11.607543,NA,5,0,"DE","Muenchen","nextbike","2026-08-28 00:23:09"
"608535508","Am Sportpark (Unterhaching)",48.072361,11.620452,NA,7,0,"DE","Muenchen","nextbike","2026-08-28 00:23:09"
"608535509","Landschaftspark (Unterhaching)",48.068851,11.619201,NA,1,0,"DE","Muenchen","nextbike","2026-08-28 00:23:09"
"608535510","Sankt-Alto-Straße (Unterhaching)",48.071386,11.606387,NA,4,0,"DE","Muenchen","nextbike","2026-08-28 00:23:09"
"608535511","Bahnhof West (Unterhaching)",48.064884,11.612099,NA,4,0,"DE","Muenchen","nextbike","2026-08-28 00:23:09"
"608535512","Gewerbegebiet (Unterhaching)",48.056144,11.605162,NA,7,0,"DE","Muenchen","nextbike","2026-08-28 00:23:09"
"608535513","KUBIZ (Unterhaching)",48.062174,11.614574,NA,4,0,"DE","Muenchen","nextbike","2026-08-28 00:23:09"
"608535514","Rathausplatz (Unterhaching)",48.066131,11.609576,NA,4,0,"DE","Muenchen","nextbike","2026-08-28 00:23:09"
"608535515","Freibad (Unterhaching)",48.062385,11.62118,NA,6,0,"DE","Muenchen","nextbike","2026-08-28 00:23:09"
"608535347","Bahnhof Seite Münchner Str.",47.884096,11.697389,NA,3,0,"DE","Muenchen","nextbike","2026-08-28 00:23:09"
"608535348","Bahnhof Seite Erlkamer Str.",47.884702,11.697947,NA,13,0,"DE","Muenchen","nextbike","2026-08-28 00:23:09"
"608535349","Standort Bosch",47.893039,11.720663,NA,4,0,"DE","Muenchen","nextbike","2026-08-28 00:23:09"
"608535350","Standort Hexal",47.881076,11.712264,NA,6,0,"DE","Muenchen","nextbike","2026-08-28 00:23:09"
"608535351","Rathaus/Marktplatz",47.877171,11.701189,NA,0,0,"DE","Muenchen","nextbike","2026-08-28 00:23:09"
"608535352","Bahnhof, Bahnhofstr./Ludwig-Thoma-Str.",47.910452,11.682256,NA,9,0,"DE","Muenchen","nextbike","2026-08-28 00:23:09"
"608535353","Gewerbegebiet, Hienlohestraße/Lehrer-Holl Str.",47.917588,11.676253,NA,1,0,"DE","Muenchen","nextbike","2026-08-28 00:23:09"
"608535354","Ortsmitte",47.909992,11.675773,NA,4,0,"DE","Muenchen","nextbike","2026-08-28 00:23:09"
"608535538","Asto Park (Gilching)",48.091772,11.283013,NA,1,0,"DE","Muenchen","nextbike","2026-08-28 00:23:09"
"608535539","S-Bahnhof Neugilching (Gilching)",48.098072,11.287961,NA,19,0,"DE","Muenchen","nextbike","2026-08-28 00:23:09"
"608535540","Gewerbepark Gilching Süd (Gilching)",48.092467,11.310529,NA,6,0,"DE","Muenchen","nextbike","2026-08-28 00:23:09"
"608535355","Heimstettener See (Aschheim)",48.158132,11.737274,NA,6,0,"DE","Muenchen","nextbike","2026-08-28 00:23:09"
"608535356","Feldkirchner Straße (Aschheim)",48.170755,11.716695,NA,12,0,"DE","Muenchen","nextbike","2026-08-28 00:23:09"
"608535357","Park & Ride - Anlage (Dornach)",48.144795,11.680652,NA,3,0,"DE","Muenchen","nextbike","2026-08-28 00:23:09"
"608535358","Gewerbegebiet Eichendorffstraße (Aschheim)",48.165339,11.736585,NA,10,0,"DE","Muenchen","nextbike","2026-08-28 00:23:09"
"608535359","Otto-Hahn-Straße (Dornach)",48.147902,11.684935,NA,7,0,"DE","Muenchen","nextbike","2026-08-28 00:23:09"
"608535360","Gewerbegebiet (Brunnthal Nord)",48.040783,11.661507,NA,4,0,"DE","Muenchen","nextbike","2026-08-28 00:23:09"
"608535361","Bogenstraße (Waldbrunn)",48.041655,11.676953,NA,2,0,"DE","Muenchen","nextbike","2026-08-28 00:23:09"
"608535362","Amselstraße (Gudrunsiedlung)",48.035016,11.667445,NA,2,0,"DE","Muenchen","nextbike","2026-08-28 00:23:09"
"608535363","Waldstraße (Neukirchstockach)",48.034044,11.67733,NA,2,0,"DE","Muenchen","nextbike","2026-08-28 00:23:09"
"608535364","Münchner Straße (Brunnthal)",48.007148,11.6856,NA,3,0,"DE","Muenchen","nextbike","2026-08-28 00:23:09"
"608535365","Bergstraße (Brunnthal)",48.004922,11.680669,NA,2,0,"DE","Muenchen","nextbike","2026-08-28 00:23:09"
"608535366","Tölzer Straße (Otterloh)",47.995795,11.659562,NA,2,0,"DE","Muenchen","nextbike","2026-08-28 00:23:09"
"608535367","Kirchplatz (Hofolding)",47.984057,11.700169,NA,3,0,"DE","Muenchen","nextbike","2026-08-28 00:23:09"
"608535368","Ottobrunner Straße (Faistenhaar)",47.984287,11.715848,NA,2,0,"DE","Muenchen","nextbike","2026-08-28 00:23:09"
"608535369","Waldsiedlung (Faistenhaar)",47.99294,11.710879,NA,3,0,"DE","Muenchen","nextbike","2026-08-28 00:23:09"
"608535370","Eugen-Sänger-Ring",48.041495,11.664519,NA,2,0,"DE","Muenchen","nextbike","2026-08-28 00:23:09"
"608535371","Bahnhof (Feldkirchen)",48.151266,11.731695,NA,0,0,"DE","Muenchen","nextbike","2026-08-28 00:23:09"
"608535372","Dornacher Straße/Mozartstraße (Feldkirchen)",48.151217,11.723097,NA,6,0,"DE","Muenchen","nextbike","2026-08-28 00:23:09"
"608535373","Gewerbegebiet Süd Otto-Lilienthal-Ring (Feldkirchen)",48.140805,11.739926,NA,5,0,"DE","Muenchen","nextbike","2026-08-28 00:23:09"
"608535375","Gewerbegebiet Ost Philipp-Hauck-Straße (Feldkirchen)",48.149798,11.743773,NA,5,0,"DE","Muenchen","nextbike","2026-08-28 00:23:09"
"608535376","Münchner Straße (Feldkirchen)",48.146452,11.728178,NA,9,0,"DE","Muenchen","nextbike","2026-08-28 00:23:09"
"606857330","Studentenstadt U",48.183211,11.608321,NA,5,0,"DE","Muenchen","nextbike","2026-08-28 00:23:09"
"608534898","Kreuzstraße",48.13493,11.567326,NA,6,0,"DE","Muenchen","nextbike","2026-08-28 00:23:09"
"608534899","Oberanger / Klosterhofstraße",48.134225,11.570455,NA,2,0,"DE","Muenchen","nextbike","2026-08-28 00:23:09"
"608534900","Corneliusstraße",48.133705,11.573102,NA,0,0,"DE","Muenchen","nextbike","2026-08-28 00:23:09"
"608534901","Westenriederstraße (Ecke Radlsteg)",48.13503,11.579129,NA,0,0,"DE","Muenchen","nextbike","2026-08-28 00:23:09"
"608534902","Rindermarkt",48.136075,11.574184,NA,0,0,"DE","Muenchen","nextbike","2026-08-28 00:23:09"
"608534903","Pacellistraße (nahe Promenadeplatz)",48.14047,11.571224,NA,7,0,"DE","Muenchen","nextbike","2026-08-28 00:23:09"
"608534904","Platz der Opfer des Nationalsozialismus",48.142614,11.573662,NA,0,0,"DE","Muenchen","nextbike","2026-08-28 00:23:09"
"608534905","Knöbelstraße",48.136097,11.584209,NA,5,0,"DE","Muenchen","nextbike","2026-08-28 00:23:09"
"608534906","Westenriederstraße (Tal)",48.134982,11.581161,7,1,6,"DE","Muenchen","nextbike","2026-08-28 00:23:09"
"608534907","Maximilianstrasse (Ecke Residenzstr.)",48.139451,11.577781,NA,0,0,"DE","Muenchen","nextbike","2026-08-28 00:23:09"
"608534908","Thierschplatz",48.139301,11.588804,NA,2,0,"DE","Muenchen","nextbike","2026-08-28 00:23:09"
"608534909","Lerchenfeldstraße",48.143412,11.589044,NA,2,0,"DE","Muenchen","nextbike","2026-08-28 00:23:09"
"608534910","Paradiesstraße",48.146685,11.593243,NA,10,0,"DE","Muenchen","nextbike","2026-08-28 00:23:09"
"608534912","Isartor S - Nord",48.134695,11.583001,NA,1,0,"DE","Muenchen","nextbike","2026-08-28 00:23:09"
"608534913","Herzogspitalstraße HsNr. 4",48.137593,11.568819,NA,2,0,"DE","Muenchen","nextbike","2026-08-28 00:23:09"
"608534914","Seeaustraße",48.144482,11.591632,NA,7,0,"DE","Muenchen","nextbike","2026-08-28 00:23:09"
"608534915","Oettingenstraße",48.150388,11.595284,NA,5,0,"DE","Muenchen","nextbike","2026-08-28 00:23:09"
"608534916","Hermann-Schmid-Straße",48.127621,11.553952,NA,7,0,"DE","Muenchen","nextbike","2026-08-28 00:23:09"
"608534917","Mozartstraße / Goetheplatz",48.129893,11.55805,NA,1,0,"DE","Muenchen","nextbike","2026-08-28 00:23:09"
"608534918","Dreimühlenstraße / Reifenstuelstraße",48.119946,11.558636,NA,1,0,"DE","Muenchen","nextbike","2026-08-28 00:23:09"
"608534919","Baldeplatz",48.123315,11.566868,NA,4,0,"DE","Muenchen","nextbike","2026-08-28 00:23:09"
"608534920","Sendlinger Tor U / Nußbaumstraße",48.133507,11.565029,NA,0,0,"DE","Muenchen","nextbike","2026-08-28 00:23:09"
"608534921","Stephansplatz",48.130936,11.566215,NA,10,0,"DE","Muenchen","nextbike","2026-08-28 00:23:09"
"608534922","Baaderstraße",48.133609,11.581624,NA,1,0,"DE","Muenchen","nextbike","2026-08-28 00:23:09"
"608534923","Fraunhoferstraße",48.128511,11.576132,NA,7,0,"DE","Muenchen","nextbike","2026-08-28 00:23:09"
"608534924","Kaiser-Ludwig-Platz",48.131402,11.555608,NA,9,0,"DE","Muenchen","nextbike","2026-08-28 00:23:09"
"608534925","Am Glockenbach",48.126907,11.56714,NA,1,0,"DE","Muenchen","nextbike","2026-08-28 00:23:09"
"608534926","Hermann-Lingg-Straße",48.138842,11.551604,NA,3,0,"DE","Muenchen","nextbike","2026-08-28 00:23:09"
"608534927","Hauptbahnhof Süd I",48.138495,11.558703,NA,21,0,"DE","Muenchen","nextbike","2026-08-28 00:23:09"
"608534928","Klenzestraße / Westermühlstraße",48.128371,11.570612,NA,2,0,"DE","Muenchen","nextbike","2026-08-28 00:23:09"
"608534930","Theresienwiese",48.135844,11.551369,NA,3,0,"DE","Muenchen","nextbike","2026-08-28 00:23:09"
"608534931","Ickstattstraße",48.129989,11.570392,NA,0,0,"DE","Muenchen","nextbike","2026-08-28 00:23:09"
"608534932","Dreimühlenstraße",48.122721,11.562665,NA,11,0,"DE","Muenchen","nextbike","2026-08-28 00:23:09"
"608534933","Goetheplatz / Waltherstraße",48.129059,11.558744,NA,8,0,"DE","Muenchen","nextbike","2026-08-28 00:23:09"
"608534934","Gärtnerplatz / Reichenbachstraße",48.131419,11.576137,NA,0,0,"DE","Muenchen","nextbike","2026-08-28 00:23:09"
"608534936","Pettenkoferstraße",48.134585,11.558244,NA,3,0,"DE","Muenchen","nextbike","2026-08-28 00:23:09"
"608534937","Theresienwiese / St. Pauls-Platz",48.13662,11.553183,NA,6,0,"DE","Muenchen","nextbike","2026-08-28 00:23:09"
"608534939","Königinstraße / Veterinärstraße",48.149777,11.584529,NA,5,0,"DE","Muenchen","nextbike","2026-08-28 00:23:09"
"608534940","Tengstraße",48.154502,11.568135,NA,12,0,"DE","Muenchen","nextbike","2026-08-28 00:23:09"
"608534942","Schleißheimerstraße / Schellingstraße",48.154477,11.560947,NA,11,0,"DE","Muenchen","nextbike","2026-08-28 00:23:09"
"608534943","Hochschule München",48.155077,11.555503,NA,6,0,"DE","Muenchen","nextbike","2026-08-28 00:23:09"
"608534944","Galeriestraße",48.14425,11.578666,NA,0,0,"DE","Muenchen","nextbike","2026-08-28 00:23:09"
"608534945","ZOB - Bernhard-Wicki Straße",48.14272,11.548303,NA,1,0,"DE","Muenchen","nextbike","2026-08-28 00:23:09"
"608534946","St. Benno",48.151933,11.55336,NA,10,0,"DE","Muenchen","nextbike","2026-08-28 00:23:09"
"608534947","Deroystraße",48.143991,11.545243,NA,8,0,"DE","Muenchen","nextbike","2026-08-28 00:23:09"
"608534948","Hochschule - Lothstraße Süd",48.154082,11.553551,NA,0,0,"DE","Muenchen","nextbike","2026-08-28 00:23:09"
"608534950","Universität",48.149621,11.58067,NA,0,0,"DE","Muenchen","nextbike","2026-08-28 00:23:09"
"608534952","Hauptbahnhof Nord",48.14199,11.561517,NA,1,0,"DE","Muenchen","nextbike","2026-08-28 00:23:09"
"608534953","Prinz-Ludwig Straße / Barer Straße",48.145813,11.57014,NA,0,0,"DE","Muenchen","nextbike","2026-08-28 00:23:09"
"608534954","Türkenstraße",48.150592,11.576219,NA,2,0,"DE","Muenchen","nextbike","2026-08-28 00:23:09"
"608534955","Amalienstraße / Universität",48.151362,11.579209,NA,0,0,"DE","Muenchen","nextbike","2026-08-28 00:23:09"
"608534956","TU München - Theresienstraße",48.150147,11.567852,NA,4,0,"DE","Muenchen","nextbike","2026-08-28 00:23:09"
"608534957","Königin / Schönfeldstraße",48.145673,11.584113,NA,0,0,"DE","Muenchen","nextbike","2026-08-28 00:23:09"
"608534958","Hohenzollernplatz",48.161175,11.568084,NA,10,0,"DE","Muenchen","nextbike","2026-08-28 00:23:09"
"608534959","Scheidplatz",48.170829,11.573819,8,3,5,"DE","Muenchen","nextbike","2026-08-28 00:23:09"
"608534960","Petuelring U Nord",48.175183,11.565786,NA,9,0,"DE","Muenchen","nextbike","2026-08-28 00:23:09"
"608534961","Bonner Platz",48.167299,11.578208,NA,4,0,"DE","Muenchen","nextbike","2026-08-28 00:23:09"
"608534962","Elisabethplatz",48.156768,11.573554,NA,13,0,"DE","Muenchen","nextbike","2026-08-28 00:23:09"
"608534963","Herzogstraße",48.163588,11.563631,NA,7,0,"DE","Muenchen","nextbike","2026-08-28 00:23:09"
"608534964","Destouchestraße",48.164581,11.574023,NA,12,0,"DE","Muenchen","nextbike","2026-08-28 00:23:09"
"608534965","Kölner Platz / Hörwarthstraße",48.169619,11.578093,NA,4,0,"DE","Muenchen","nextbike","2026-08-28 00:23:09"
"608534967","Rümannstraße",48.175689,11.574496,NA,7,0,"DE","Muenchen","nextbike","2026-08-28 00:23:09"
"608534968","Clemensstraße",48.164327,11.56598,NA,5,0,"DE","Muenchen","nextbike","2026-08-28 00:23:09"
"608534969","Birnauer Straße / Lerchenauer Straße",48.174247,11.56064,NA,3,0,"DE","Muenchen","nextbike","2026-08-28 00:23:09"
"608534970","Georg-Birk-Straße",48.163277,11.557027,NA,6,0,"DE","Muenchen","nextbike","2026-08-28 00:23:09"
"608534971","Kathi-Kobus Straße",48.159055,11.556286,NA,4,0,"DE","Muenchen","nextbike","2026-08-28 00:23:09"
"608534973","Georgenstraße",48.155286,11.574996,NA,9,0,"DE","Muenchen","nextbike","2026-08-28 00:23:09"
"608534974","Pündterplatz",48.162752,11.577341,NA,10,0,"DE","Muenchen","nextbike","2026-08-28 00:23:09"
"608534975","Orleansplatz",48.128103,11.602686,NA,2,0,"DE","Muenchen","nextbike","2026-08-28 00:23:09"
"608534977","Hochstrasse / Pöppelstraße",48.124261,11.585795,NA,0,0,"DE","Muenchen","nextbike","2026-08-28 00:23:09"
"608534978","Bothestraße",48.136463,11.613007,NA,3,0,"DE","Muenchen","nextbike","2026-08-28 00:23:09"
"608534979","Lucile-Grahn-Straße",48.135794,11.607648,NA,3,0,"DE","Muenchen","nextbike","2026-08-28 00:23:09"
"608534980","Grillparzerstraße",48.136692,11.609877,NA,0,0,"DE","Muenchen","nextbike","2026-08-28 00:23:09"
"608534981","Rosenheimer Platz",48.129187,11.594263,NA,0,0,"DE","Muenchen","nextbike","2026-08-28 00:23:09"
"608534982","Weißenburger Platz",48.128895,11.596567,NA,1,0,"DE","Muenchen","nextbike","2026-08-28 00:23:09"
"608534983","Ostbahnhof/Belfortstraße",48.129069,11.603514,NA,0,0,"DE","Muenchen","nextbike","2026-08-28 00:23:09"
"608534984","Welfenstraße",48.122349,11.588445,NA,1,0,"DE","Muenchen","nextbike","2026-08-28 00:23:09"
"608534985","Kolumbusplatz",48.120906,11.576194,NA,3,0,"DE","Muenchen","nextbike","2026-08-28 00:23:09"
"608534986","Max-Weber-Platz Ost",48.135588,11.600923,NA,0,0,"DE","Muenchen","nextbike","2026-08-28 00:23:09"
"608534987","Falkenstraße",48.123427,11.58008,NA,5,0,"DE","Muenchen","nextbike","2026-08-28 00:23:09"
"608534988","Rosenheimer Straße",48.127906,11.594455,NA,2,0,"DE","Muenchen","nextbike","2026-08-28 00:23:09"
"608534990","Schlottauerstraße",48.123219,11.575405,NA,0,0,"DE","Muenchen","nextbike","2026-08-28 00:23:09"
"608534991","Preysingstraße",48.132268,11.591071,NA,2,0,"DE","Muenchen","nextbike","2026-08-28 00:23:09"
"608534992","Mariahilfplatz Süd",48.12486,11.582164,NA,1,0,"DE","Muenchen","nextbike","2026-08-28 00:23:09"
"608534993","Schleibingerstrasse",48.128421,11.591358,NA,2,0,"DE","Muenchen","nextbike","2026-08-28 00:23:09"
"608534994","Regerplatz",48.124676,11.587948,NA,1,0,"DE","Muenchen","nextbike","2026-08-28 00:23:09"
"608534995","Wiener Platz",48.134825,11.595959,NA,2,0,"DE","Muenchen","nextbike","2026-08-28 00:23:09"
"608534996","Hochstraße / Rosenheimer Straße",48.130996,11.589698,NA,0,0,"DE","Muenchen","nextbike","2026-08-28 00:23:09"
"608534998","Kirchenstrasse / Seeriederstraße",48.133665,11.602209,NA,7,0,"DE","Muenchen","nextbike","2026-08-28 00:23:09"
"608534999","Implerstraße",48.121298,11.548541,NA,4,0,"DE","Muenchen","nextbike","2026-08-28 00:23:09"
"608535000","Brudermühlstraße",48.111142,11.548427,NA,3,0,"DE","Muenchen","nextbike","2026-08-28 00:23:09"
"608535001","Spitzwegstraße",48.123018,11.541546,NA,4,0,"DE","Muenchen","nextbike","2026-08-28 00:23:09"
"608535002","Gotzinger Platz",48.118209,11.551265,NA,4,0,"DE","Muenchen","nextbike","2026-08-28 00:23:09"
"608535003","Lagerhausstraße / Thalkirchner Straße",48.120182,11.555557,NA,1,0,"DE","Muenchen","nextbike","2026-08-28 00:23:09"
"608535004","Engelhardstraße",48.112929,11.538838,NA,1,0,"DE","Muenchen","nextbike","2026-08-28 00:23:09"
"608535005","Herzog-Ernst-Platz",48.125192,11.541307,NA,9,0,"DE","Muenchen","nextbike","2026-08-28 00:23:09"
"608535006","Kidlerplatz",48.116949,11.541678,NA,4,0,"DE","Muenchen","nextbike","2026-08-28 00:23:09"
"608535007","Am Harras süd",48.116592,11.539068,NA,3,0,"DE","Muenchen","nextbike","2026-08-28 00:23:09"
"608535008","Mittersendling S Ost",48.108405,11.536971,NA,1,0,"DE","Muenchen","nextbike","2026-08-28 00:23:09"
"608535009","Aberlestraße",48.122236,11.545044,NA,4,0,"DE","Muenchen","nextbike","2026-08-28 00:23:09"
"608535010","Schäftlarnstraße / Gasteig HP8",48.112044,11.553298,NA,0,0,"DE","Muenchen","nextbike","2026-08-28 00:23:09"
"608535011","Margaretenplatz",48.120002,11.540473,NA,3,0,"DE","Muenchen","nextbike","2026-08-28 00:23:09"
"608535012","Resi-Huber-Platz",48.112665,11.549053,NA,7,0,"DE","Muenchen","nextbike","2026-08-28 00:23:09"
"608535013","Nestroystraße",48.121426,11.534685,NA,10,0,"DE","Muenchen","nextbike","2026-08-28 00:23:09"
"608535014","Jean-Paul-Richter-Straße",48.1118,11.525932,NA,12,0,"DE","Muenchen","nextbike","2026-08-28 00:23:09"
"608535015","Holzapfelstraße",48.138999,11.545876,NA,0,0,"DE","Muenchen","nextbike","2026-08-28 00:23:09"
"608535016","Schwanthalerhöhe U Nord / Heimeranstraße",48.133773,11.544008,NA,0,0,"DE","Muenchen","nextbike","2026-08-28 00:23:09"
"608535017","Westend",48.137823,11.531504,NA,2,0,"DE","Muenchen","nextbike","2026-08-28 00:23:09"
"608535018","Trappentreustraße",48.133877,11.533746,NA,1,0,"DE","Muenchen","nextbike","2026-08-28 00:23:09"
"608535019","Ganghoferstraße",48.137974,11.540766,NA,4,0,"DE","Muenchen","nextbike","2026-08-28 00:23:09"
"608535020","Georg-Freundorfer-Platz / Sandtnerstraße",48.133177,11.538327,NA,4,0,"DE","Muenchen","nextbike","2026-08-28 00:23:09"
"608535021","Alter Messeplatz",48.134634,11.545698,NA,2,0,"DE","Muenchen","nextbike","2026-08-28 00:23:09"
"608535022","Guldeinstraße",48.138759,11.528959,NA,10,0,"DE","Muenchen","nextbike","2026-08-28 00:23:09"
"608535023","Schießstättstraße",48.136952,11.545517,NA,1,0,"DE","Muenchen","nextbike","2026-08-28 00:23:09"
"608535024","Hans-Fischer-Straße",48.127766,11.544436,NA,3,0,"DE","Muenchen","nextbike","2026-08-28 00:23:09"
"608535025","Hirschbergstraße",48.148745,11.533839,NA,9,0,"DE","Muenchen","nextbike","2026-08-28 00:23:09"
"608535026","Schluderstraße",48.150123,11.529,NA,5,0,"DE","Muenchen","nextbike","2026-08-28 00:23:09"
"608535027","Steubenplatz Nord",48.150988,11.520659,NA,5,0,"DE","Muenchen","nextbike","2026-08-28 00:23:09"
"608535028","Nibelungenstraße",48.153094,11.52792,NA,3,0,"DE","Muenchen","nextbike","2026-08-28 00:23:09"
"608535029","Spiridon-Louis-Ring",48.167614,11.554154,NA,7,0,"DE","Muenchen","nextbike","2026-08-28 00:23:09"
"608535030","Moosach Bahnhof",48.18024,11.507373,NA,2,0,"DE","Muenchen","nextbike","2026-08-28 00:23:09"
"608535031","Sapporobogen",48.168886,11.536836,NA,3,0,"DE","Muenchen","nextbike","2026-08-28 00:23:09"
"608535032","Westfriedhof Süd",48.169064,11.528738,NA,10,0,"DE","Muenchen","nextbike","2026-08-28 00:23:09"
"608535033","Darmstädter Straße",48.175293,11.525683,NA,13,0,"DE","Muenchen","nextbike","2026-08-28 00:23:09"
"608535034","Treitschkestraße",48.177135,11.521339,NA,5,0,"DE","Muenchen","nextbike","2026-08-28 00:23:09"
"608535036","Pelkovenstraße",48.18115,11.510421,NA,8,0,"DE","Muenchen","nextbike","2026-08-28 00:23:09"
"608535037","Moosacher St. Martins PLatz",48.181676,11.517408,NA,15,0,"DE","Muenchen","nextbike","2026-08-28 00:23:09"
"608535038","Sickingerstraße",48.171936,11.505519,NA,2,0,"DE","Muenchen","nextbike","2026-08-28 00:23:09"
"608535039","Moosstraße",48.176822,11.49671,NA,11,0,"DE","Muenchen","nextbike","2026-08-28 00:23:09"
"608535040","Andenacher Straße",48.185654,11.524704,NA,5,0,"DE","Muenchen","nextbike","2026-08-28 00:23:09"
"608535041","Georg-Brauchle-Ring U",48.176792,11.52949,NA,3,0,"DE","Muenchen","nextbike","2026-08-28 00:23:09"
"608535042","Baubergerstraße",48.176646,11.505376,NA,9,0,"DE","Muenchen","nextbike","2026-08-28 00:23:09"
"608535043","Stadtwerke München",48.171239,11.530954,NA,2,0,"DE","Muenchen","nextbike","2026-08-28 00:23:09"
"608535044","Olympia-Pressestadt",48.180002,11.536811,NA,4,0,"DE","Muenchen","nextbike","2026-08-28 00:23:09"
"608535045","Hugo-Troendle-Straße",48.178919,11.51495,NA,10,0,"DE","Muenchen","nextbike","2026-08-28 00:23:09"
"608535046","Preußenstraße",48.186177,11.557269,NA,7,0,"DE","Muenchen","nextbike","2026-08-28 00:23:09"
"608535047","Milbertshofen / Keferloherstraße",48.181798,11.572188,NA,16,0,"DE","Muenchen","nextbike","2026-08-28 00:23:09"
"608535048","Frankfurter Ring U",48.185778,11.573208,NA,5,0,"DE","Muenchen","nextbike","2026-08-28 00:23:09"
"608535049","Neuherbergstraße",48.209082,11.56504,NA,9,0,"DE","Muenchen","nextbike","2026-08-28 00:23:09"
"608535050","Griegstraße",48.181686,11.584512,NA,11,0,"DE","Muenchen","nextbike","2026-08-28 00:23:09"
"608535051","Schmalkaldener Straße",48.186906,11.584119,NA,17,0,"DE","Muenchen","nextbike","2026-08-28 00:23:09"
"608535052","Olympiazentrum",48.178389,11.556516,NA,10,0,"DE","Muenchen","nextbike","2026-08-28 00:23:09"
"608535053","Marienbaderstraße",48.193547,11.58324,NA,4,0,"DE","Muenchen","nextbike","2026-08-28 00:23:09"
"608535054","Harthof",48.204771,11.570384,NA,5,0,"DE","Muenchen","nextbike","2026-08-28 00:23:09"
"608535055","Ingolstädterstraße",48.196101,11.584007,NA,10,0,"DE","Muenchen","nextbike","2026-08-28 00:23:09"
"608535057","Curt-Mezger-Platz",48.182013,11.566918,NA,20,0,"DE","Muenchen","nextbike","2026-08-28 00:23:09"
"608535058","Rose-Pichler-Weg",48.210749,11.586228,NA,15,0,"DE","Muenchen","nextbike","2026-08-28 00:23:09"
"608535059","Rockefellerstraße süd",48.206641,11.57959,NA,9,0,"DE","Muenchen","nextbike","2026-08-28 00:23:09"
"608535060","Paracelsusstraße",48.201192,11.58952,NA,15,0,"DE","Muenchen","nextbike","2026-08-28 00:23:09"
"608535061","Rockefellerstraße nord",48.209777,11.575216,NA,5,0,"DE","Muenchen","nextbike","2026-08-28 00:23:09"
"608535062","Olympiazentrum ZHS",48.180573,11.547239,NA,4,0,"DE","Muenchen","nextbike","2026-08-28 00:23:09"
"608535063","Troppauerstraße",48.195285,11.572336,NA,2,0,"DE","Muenchen","nextbike","2026-08-28 00:23:09"
"608535064","Abtstraße",48.18439,11.578156,NA,6,0,"DE","Muenchen","nextbike","2026-08-28 00:23:09"
"608535065","Rathenaustraße",48.201209,11.577427,NA,6,0,"DE","Muenchen","nextbike","2026-08-28 00:23:09"
"608535066","Bertholdstraße",48.186131,11.566038,NA,7,0,"DE","Muenchen","nextbike","2026-08-28 00:23:09"
"608535067","Karl-Weinmair-Straße",48.179601,11.589009,NA,2,0,"DE","Muenchen","nextbike","2026-08-28 00:23:09"
"608535068","Marianne-Brandt-Straße",48.180743,11.593467,NA,8,0,"DE","Muenchen","nextbike","2026-08-28 00:23:09"
"608535069","Admiralbogen",48.208239,11.613941,NA,4,0,"DE","Muenchen","nextbike","2026-08-28 00:23:09"
"608535070","Ainmillerstraße",48.158332,11.584503,NA,10,0,"DE","Muenchen","nextbike","2026-08-28 00:23:09"
"608535071","Wilhelm-Wagenfeld-Straße",48.182437,11.593753,NA,4,0,"DE","Muenchen","nextbike","2026-08-28 00:23:09"
"608535072","Max-Bill-Straße",48.187053,11.593011,NA,14,0,"DE","Muenchen","nextbike","2026-08-28 00:23:09"
"608535073","Haimhauser Straße",48.162243,11.587411,NA,8,0,"DE","Muenchen","nextbike","2026-08-28 00:23:09"
"608535074","Gertrud-Grunow-Straße",48.183643,11.596546,NA,6,0,"DE","Muenchen","nextbike","2026-08-28 00:23:09"
"608535075","Freimann",48.190721,11.614713,NA,5,0,"DE","Muenchen","nextbike","2026-08-28 00:23:09"
"608535077","Mandl- / Gunezrainerstraße",48.15987,11.591767,NA,13,0,"DE","Muenchen","nextbike","2026-08-28 00:23:09"
"608535078","Nordfriedhof U",48.173765,11.597309,NA,5,0,"DE","Muenchen","nextbike","2026-08-28 00:23:09"
"608535079","Theodor-Dombart-Straße",48.173114,11.594121,NA,11,0,"DE","Muenchen","nextbike","2026-08-28 00:23:09"
"608535080","St.-Nikolaus-Platz",48.192792,11.616112,NA,2,0,"DE","Muenchen","nextbike","2026-08-28 00:23:09"
"608535081","Josef-Wirth-Straße",48.199241,11.626731,NA,24,0,"DE","Muenchen","nextbike","2026-08-28 00:23:09"
"608535082","Carl-Orff-Bogen",48.207564,11.607999,NA,7,0,"DE","Muenchen","nextbike","2026-08-28 00:23:09"
"608535083","Fröttmaning U",48.210092,11.614037,NA,4,0,"DE","Muenchen","nextbike","2026-08-28 00:23:09"
"608535084","Nordfriedhof",48.172375,11.596858,NA,10,0,"DE","Muenchen","nextbike","2026-08-28 00:23:09"
"608535085","Mildred-Scheel-Bogen",48.1757,11.581672,NA,8,0,"DE","Muenchen","nextbike","2026-08-28 00:23:09"
"608535086","Königinstraße / Ohmstraße",48.153451,11.587692,NA,4,0,"DE","Muenchen","nextbike","2026-08-28 00:23:09"
"608535087","Arabellapark",48.153002,11.62132,NA,2,0,"DE","Muenchen","nextbike","2026-08-28 00:23:09"
"608535088","Siebertstraße",48.143687,11.601102,NA,6,0,"DE","Muenchen","nextbike","2026-08-28 00:23:09"
"608535089","Prinzregentenstadion",48.139597,11.604241,NA,5,0,"DE","Muenchen","nextbike","2026-08-28 00:23:09"
"608535090","Bundesfinanzhof",48.148214,11.605206,NA,0,0,"DE","Muenchen","nextbike","2026-08-28 00:23:09"
"608535091","Herkomerplatz",48.150505,11.60884,NA,3,0,"DE","Muenchen","nextbike","2026-08-28 00:23:09"
"608535092","Fritz-Meyer-Weg",48.172258,11.636217,NA,9,0,"DE","Muenchen","nextbike","2026-08-28 00:23:09"
"608535093","Galileiplatz",48.144415,11.607187,NA,4,0,"DE","Muenchen","nextbike","2026-08-28 00:23:09"
"608535094","Cosimastraße",48.163027,11.62937,NA,9,0,"DE","Muenchen","nextbike","2026-08-28 00:23:09"
"608535095","Elektrastraße",48.151304,11.626196,NA,0,0,"DE","Muenchen","nextbike","2026-08-28 00:23:09"
"608535096","Hofererweg",48.148617,11.628294,NA,10,0,"DE","Muenchen","nextbike","2026-08-28 00:23:09"
"608535097","Gleimstraße",48.141575,11.6268,NA,3,0,"DE","Muenchen","nextbike","2026-08-28 00:23:09"
"608535098","Daglfinger Straße",48.146417,11.640839,NA,14,0,"DE","Muenchen","nextbike","2026-08-28 00:23:09"
"608535099","Königsbergerstraße",48.151808,11.640735,NA,8,0,"DE","Muenchen","nextbike","2026-08-28 00:23:09"
"608535100","Meistersingerstraße",48.157879,11.640522,NA,5,0,"DE","Muenchen","nextbike","2026-08-28 00:23:09"
"608535101","Wesendonkstraße",48.165255,11.628959,NA,6,0,"DE","Muenchen","nextbike","2026-08-28 00:23:09"
"608535102","Fürkhofstraße",48.168059,11.634617,NA,1,0,"DE","Muenchen","nextbike","2026-08-28 00:23:09"
"608535103","Lohengrinstraße",48.162805,11.62518,NA,14,0,"DE","Muenchen","nextbike","2026-08-28 00:23:09"
"608535104","Wilhelm-Dieß-Weg",48.155228,11.636935,NA,2,0,"DE","Muenchen","nextbike","2026-08-28 00:23:09"
"608535105","Bernheimerstraße",48.173565,11.629237,NA,15,0,"DE","Muenchen","nextbike","2026-08-28 00:23:09"
"608535106","Mauerkirchner Straße",48.166898,11.618598,NA,5,0,"DE","Muenchen","nextbike","2026-08-28 00:23:09"
"608535107","Gellertstrasse",48.162641,11.614954,NA,6,0,"DE","Muenchen","nextbike","2026-08-28 00:23:09"
"608535108","Rohlfsstraße",48.140971,11.636567,NA,8,0,"DE","Muenchen","nextbike","2026-08-28 00:23:09"
"608535109","Lüderitzstraße",48.140295,11.6434,NA,5,0,"DE","Muenchen","nextbike","2026-08-28 00:23:09"
"608535110","Burgauerstraße",48.149652,11.657519,NA,8,0,"DE","Muenchen","nextbike","2026-08-28 00:23:09"
"608535111","Kardinal-Wendel-Straße",48.166293,11.657063,NA,9,0,"DE","Muenchen","nextbike","2026-08-28 00:23:09"
"608535112","Böhmerwaldplatz",48.142581,11.615048,NA,6,0,"DE","Muenchen","nextbike","2026-08-28 00:23:09"
"608535113","Richard-Strauss-Straße",48.148596,11.616378,NA,0,0,"DE","Muenchen","nextbike","2026-08-28 00:23:09"
"608535114","Mahirstraße",48.155977,11.614119,NA,6,0,"DE","Muenchen","nextbike","2026-08-28 00:23:09"
"608535116","Cosimabad",48.154246,11.629261,NA,1,0,"DE","Muenchen","nextbike","2026-08-28 00:23:09"
"608535117","Gemingstraße",48.143237,11.661442,NA,6,0,"DE","Muenchen","nextbike","2026-08-28 00:23:09"
"608535118","Schlösselgarten",48.15901,11.629502,NA,5,0,"DE","Muenchen","nextbike","2026-08-28 00:23:09"
"608535119","Höchlstraße",48.145695,11.601865,NA,0,0,"DE","Muenchen","nextbike","2026-08-28 00:23:09"
"608535120","Knappertsbuschstraße",48.163298,11.640504,NA,9,0,"DE","Muenchen","nextbike","2026-08-28 00:23:09"
"608535121","Prinzregentenplatz Nord",48.139733,11.607422,NA,4,0,"DE","Muenchen","nextbike","2026-08-28 00:23:09"
"608535122","Michaelibad",48.11922,11.630509,NA,9,0,"DE","Muenchen","nextbike","2026-08-28 00:23:09"
"608535123","Hermann-Weinhauser-Straße",48.133385,11.628823,NA,6,0,"DE","Muenchen","nextbike","2026-08-28 00:23:09"
"608535124","August-Everding-Straße",48.125389,11.61037,NA,2,0,"DE","Muenchen","nextbike","2026-08-28 00:23:09"
"608535125","Ostbahnhof/Friedenstraße",48.126758,11.608266,NA,1,0,"DE","Muenchen","nextbike","2026-08-28 00:23:09"
"608535126","Kreillerstraße",48.125805,11.647788,NA,4,0,"DE","Muenchen","nextbike","2026-08-28 00:23:09"
"608535127","Fehwiesenstraße",48.129299,11.624311,NA,9,0,"DE","Muenchen","nextbike","2026-08-28 00:23:09"
"608535128","Hachinger-Bach Straße",48.119774,11.639069,NA,8,0,"DE","Muenchen","nextbike","2026-08-28 00:23:09"
"608535129","St-Veit Straße",48.122728,11.642506,NA,5,0,"DE","Muenchen","nextbike","2026-08-28 00:23:09"
"608535130","Hohenbrunnerstraße",48.119258,11.649278,NA,5,0,"DE","Muenchen","nextbike","2026-08-28 00:23:09"
"608535131","Ursbergerstraße",48.130831,11.644692,NA,7,0,"DE","Muenchen","nextbike","2026-08-28 00:23:09"
"608535132","Hansjakobstraße",48.127146,11.653469,NA,2,0,"DE","Muenchen","nextbike","2026-08-28 00:23:09"
"608535133","Friedenstraße",48.124054,11.602249,NA,0,0,"DE","Muenchen","nextbike","2026-08-28 00:23:09"
"608535134","Innsbrucker Ring U-Bahn Ost",48.120444,11.622317,NA,0,0,"DE","Muenchen","nextbike","2026-08-28 00:23:09"
"608535135","Mühldorfstraße",48.127096,11.613289,NA,0,0,"DE","Muenchen","nextbike","2026-08-28 00:23:09"
"608535136","Josephsburg U-Bahn",48.126289,11.632472,NA,6,0,"DE","Muenchen","nextbike","2026-08-28 00:23:09"
"608535137","Grafinger Straße",48.124578,11.619448,NA,1,0,"DE","Muenchen","nextbike","2026-08-28 00:23:09"
"608535138","Isareckstraße",48.128027,11.621821,NA,4,0,"DE","Muenchen","nextbike","2026-08-28 00:23:09"
"608535139","Mutschellestraße",48.126359,11.638202,NA,2,0,"DE","Muenchen","nextbike","2026-08-28 00:23:09"
"608535140","Gögginger Straße",48.122369,11.628135,NA,5,0,"DE","Muenchen","nextbike","2026-08-28 00:23:09"
"608535141","Virgil- / Hansjakobstraße",48.130119,11.636914,NA,3,0,"DE","Muenchen","nextbike","2026-08-28 00:23:09"
"608535142","Edinburghplatz",48.133198,11.689623,NA,6,0,"DE","Muenchen","nextbike","2026-08-28 00:23:09"
"608535143","Trudering Bahnhof Süd",48.124822,11.664353,NA,5,0,"DE","Muenchen","nextbike","2026-08-28 00:23:09"
"608535144","Gronsdorf Bahnhof",48.11804,11.697968,NA,8,0,"DE","Muenchen","nextbike","2026-08-28 00:23:09"
"608535145","Friedenspromenade",48.112699,11.676805,NA,13,0,"DE","Muenchen","nextbike","2026-08-28 00:23:09"
"608535146","Truderinger Straße",48.121528,11.671484,NA,1,0,"DE","Muenchen","nextbike","2026-08-28 00:23:09"
"608535147","Perlach Bahnhof",48.094224,11.63063,NA,5,0,"DE","Muenchen","nextbike","2026-08-28 00:23:09"
"608535148","Quiddestraße",48.106845,11.646671,NA,0,0,"DE","Muenchen","nextbike","2026-08-28 00:23:09"
"608535149","Plettstraße",48.10683,11.640937,NA,0,0,"DE","Muenchen","nextbike","2026-08-28 00:23:09"
"608535150","Karl-Marx-Zentrum",48.107981,11.656356,NA,12,0,"DE","Muenchen","nextbike","2026-08-28 00:23:09"
"608535151","Giesinger Bahnhof I",48.110402,11.594512,NA,0,0,"DE","Muenchen","nextbike","2026-08-28 00:23:09"
"608535152","Kesselbergstraße",48.112869,11.583699,NA,1,0,"DE","Muenchen","nextbike","2026-08-28 00:23:09"
"608535153","Untersbergstraße",48.112087,11.587162,NA,2,0,"DE","Muenchen","nextbike","2026-08-28 00:23:09"
"608535154","Ella-Lingens-Platz",48.10981,11.580252,NA,3,0,"DE","Muenchen","nextbike","2026-08-28 00:23:09"
"608535155","Schyrenbad",48.120464,11.570291,NA,1,0,"DE","Muenchen","nextbike","2026-08-28 00:23:09"
"608535156","Hans-Mielich-Platz",48.116473,11.570002,NA,5,0,"DE","Muenchen","nextbike","2026-08-28 00:23:09"
"608535157","Candidplatz",48.112018,11.571463,NA,6,0,"DE","Muenchen","nextbike","2026-08-28 00:23:09"
"608535158","Lebschéestraße",48.107519,11.565151,NA,7,0,"DE","Muenchen","nextbike","2026-08-28 00:23:09"
"608535159","Fromundstraße",48.107716,11.576902,NA,1,0,"DE","Muenchen","nextbike","2026-08-28 00:23:09"
"608535160","Tierpark / Alemannenstraße",48.10064,11.558403,NA,12,0,"DE","Muenchen","nextbike","2026-08-28 00:23:09"
"608535162","Mangfallplatz",48.097194,11.581433,NA,5,0,"DE","Muenchen","nextbike","2026-08-28 00:23:09"
"608535163","Karolingerallee",48.095101,11.557736,NA,8,0,"DE","Muenchen","nextbike","2026-08-28 00:23:09"
"608535164","Hellabrunner Straße",48.110951,11.565297,NA,0,0,"DE","Muenchen","nextbike","2026-08-28 00:23:09"
"608535165","Authariplatz",48.091793,11.563215,NA,8,0,"DE","Muenchen","nextbike","2026-08-28 00:23:09"
"608535166","Südtiroler Straße",48.100778,11.567277,NA,6,0,"DE","Muenchen","nextbike","2026-08-28 00:23:09"
"608535167","Schmorellplatz",48.081953,11.546977,NA,1,0,"DE","Muenchen","nextbike","2026-08-28 00:23:09"
"608535168","Kastanienstraße",48.101765,11.58046,NA,3,0,"DE","Muenchen","nextbike","2026-08-28 00:23:09"
"608535169","Säbener Straße",48.098196,11.571131,NA,7,0,"DE","Muenchen","nextbike","2026-08-28 00:23:09"
"608535170","Bruggspergerstraße",48.086447,11.560821,NA,4,0,"DE","Muenchen","nextbike","2026-08-28 00:23:09"
"608535171","Säbenerplatz",48.089551,11.574538,NA,8,0,"DE","Muenchen","nextbike","2026-08-28 00:23:09"
"608535172","Schellenbergstraße",48.105725,11.574721,NA,1,0,"DE","Muenchen","nextbike","2026-08-28 00:23:09"
"608535173","Klausener Straße",48.10335,11.573001,NA,2,0,"DE","Muenchen","nextbike","2026-08-28 00:23:09"
"608535174","Hochleite - Zugang Marienklausenbrücke",48.092107,11.552297,NA,6,0,"DE","Muenchen","nextbike","2026-08-28 00:23:09"
"608535175","St.-Quirin-Platz U",48.104556,11.581453,NA,3,0,"DE","Muenchen","nextbike","2026-08-28 00:23:09"
"608535176","Wettersteinplatz U / Weningstraße",48.109311,11.57439,NA,3,0,"DE","Muenchen","nextbike","2026-08-28 00:23:09"
"608535178","Kupferhammerstraße",48.118441,11.574923,NA,4,0,"DE","Muenchen","nextbike","2026-08-28 00:23:09"
"608535179","Kemptener Straße",48.078873,11.483972,NA,9,0,"DE","Muenchen","nextbike","2026-08-28 00:23:09"
"608535180","Thalkirchen",48.101304,11.546416,NA,4,0,"DE","Muenchen","nextbike","2026-08-28 00:23:09"
"608535181","Obersendling",48.098617,11.537258,NA,4,0,"DE","Muenchen","nextbike","2026-08-28 00:23:09"
"608535182","Albert Bayerle Platz",48.10014,11.529422,NA,4,0,"DE","Muenchen","nextbike","2026-08-28 00:23:09"
"608535183","Ratzingerplatz",48.099902,11.522297,NA,2,0,"DE","Muenchen","nextbike","2026-08-28 00:23:09"
"608535184","Drygalski Allee Nord",48.098845,11.509038,NA,12,0,"DE","Muenchen","nextbike","2026-08-28 00:23:09"
"608535185","Forstenrieder Allee",48.095356,11.498043,NA,4,0,"DE","Muenchen","nextbike","2026-08-28 00:23:09"
"608535186","Basler Straße U",48.09104,11.49118,NA,2,0,"DE","Muenchen","nextbike","2026-08-28 00:23:09"
"608535187","Fürstenried West",48.088371,11.480756,NA,6,0,"DE","Muenchen","nextbike","2026-08-28 00:23:09"
"608535188","Thurgaustraße",48.092152,11.480793,NA,8,0,"DE","Muenchen","nextbike","2026-08-28 00:23:09"
"608535189","Forstenried",48.08479,11.494606,NA,7,0,"DE","Muenchen","nextbike","2026-08-28 00:23:09"
"608535190","Springerstraße",48.081974,11.50333,NA,4,0,"DE","Muenchen","nextbike","2026-08-28 00:23:09"
"608535192","Eberlestraße",48.078579,11.507955,NA,0,0,"DE","Muenchen","nextbike","2026-08-28 00:23:09"
"608535193","Grünbauerstraße / Herterichstraße",48.076398,11.517174,NA,4,0,"DE","Muenchen","nextbike","2026-08-28 00:23:09"
"608535194","Sollner Straße",48.077524,11.524738,NA,2,0,"DE","Muenchen","nextbike","2026-08-28 00:23:09"
"608535195","Solln Bahnhof Wendeschleife",48.081394,11.527757,NA,4,0,"DE","Muenchen","nextbike","2026-08-28 00:23:09"
"608535196","Grünbauerstraße/Hofbrunnstraße",48.08332,11.517733,NA,7,0,"DE","Muenchen","nextbike","2026-08-28 00:23:09"
"608535197","Zeismeringer Straße",48.08823,11.519573,NA,9,0,"DE","Muenchen","nextbike","2026-08-28 00:23:09"
"608535198","Maria-Einsiedel-Straße",48.095857,11.543037,NA,1,0,"DE","Muenchen","nextbike","2026-08-28 00:23:09"
"608535199","Melchiorstraße",48.072438,11.519124,NA,6,0,"DE","Muenchen","nextbike","2026-08-28 00:23:09"
"608535200","Siemenswerke",48.09348,11.530567,NA,3,0,"DE","Muenchen","nextbike","2026-08-28 00:23:09"
"608535201","St.-Wendel-Straße",48.090862,11.53489,NA,6,0,"DE","Muenchen","nextbike","2026-08-28 00:23:09"
"608535202","Josephinenstraße",48.082361,11.53662,NA,6,0,"DE","Muenchen","nextbike","2026-08-28 00:23:09"
"608535203","Glötzleweg",48.08604,11.510067,NA,7,0,"DE","Muenchen","nextbike","2026-08-28 00:23:09"
"608535204","Münsinger Straße",48.094357,11.516222,NA,5,0,"DE","Muenchen","nextbike","2026-08-28 00:23:09"
"608535205","Maxhofstraße",48.083382,11.474474,NA,0,0,"DE","Muenchen","nextbike","2026-08-28 00:23:09"
"608535206","Kriegelsteinerstraße",48.090145,11.497124,NA,6,0,"DE","Muenchen","nextbike","2026-08-28 00:23:09"
"608535207","Becker-Gundahl-Straße",48.085813,11.525466,NA,8,0,"DE","Muenchen","nextbike","2026-08-28 00:23:09"
"608535208","Königswieser Straße",48.083168,11.486061,NA,8,0,"DE","Muenchen","nextbike","2026-08-28 00:23:09"
"608535209","Leutstettener Straße",48.093501,11.522254,NA,8,0,"DE","Muenchen","nextbike","2026-08-28 00:23:09"
"608535210","Max-Lebsche-Platz",48.108855,11.476151,NA,6,0,"DE","Muenchen","nextbike","2026-08-28 00:23:09"
"608535211","Am Hedernfeld",48.121859,11.474135,NA,8,0,"DE","Muenchen","nextbike","2026-08-28 00:23:09"
"608535212","Drozzaweg",48.119891,11.477939,NA,3,0,"DE","Muenchen","nextbike","2026-08-28 00:23:09"
"608535213","Wastl-Witt Straße west",48.126834,11.469635,NA,11,0,"DE","Muenchen","nextbike","2026-08-28 00:23:09"
"608535214","Wastl-Witt Straße ost",48.128098,11.474167,NA,7,0,"DE","Muenchen","nextbike","2026-08-28 00:23:09"
"608535215","Veilchenstraße",48.129008,11.483073,NA,10,0,"DE","Muenchen","nextbike","2026-08-28 00:23:09"
"608535216","Ossingerstraße",48.120252,11.501537,NA,5,0,"DE","Muenchen","nextbike","2026-08-28 00:23:09"
"608535217","Menaristraße",48.128501,11.493941,NA,5,0,"DE","Muenchen","nextbike","2026-08-28 00:23:09"
"608535218","Stiftsbogen",48.119285,11.484481,NA,8,0,"DE","Muenchen","nextbike","2026-08-28 00:23:09"
"608535219","Holzapfelkreuth",48.116495,11.501274,NA,5,0,"DE","Muenchen","nextbike","2026-08-28 00:23:09"
"608535220","Kornwegerstraße",48.1128,11.495257,NA,7,0,"DE","Muenchen","nextbike","2026-08-28 00:23:09"
"608535221","Aurikelstraße",48.107831,11.490503,NA,3,0,"DE","Muenchen","nextbike","2026-08-28 00:23:09"
"608535222","Lorettoplatz",48.104225,11.488454,NA,8,0,"DE","Muenchen","nextbike","2026-08-28 00:23:09"
"608535223","Am Waldrand",48.107028,11.482198,NA,9,0,"DE","Muenchen","nextbike","2026-08-28 00:23:09"
"608535224","Altenastraße",48.114291,11.48567,NA,7,0,"DE","Muenchen","nextbike","2026-08-28 00:23:09"
"608535225","Konrad-Dreher-Straße",48.128223,11.489695,NA,10,0,"DE","Muenchen","nextbike","2026-08-28 00:23:09"
"608535226","Gondrellplatz",48.124585,11.490007,NA,4,0,"DE","Muenchen","nextbike","2026-08-28 00:23:09"
"608535227","Haderner Stern",48.118499,11.489439,NA,1,0,"DE","Muenchen","nextbike","2026-08-28 00:23:09"
"608535228","Ludwig-Hunger-Straße",48.118685,11.467851,NA,8,0,"DE","Muenchen","nextbike","2026-08-28 00:23:09"
"608535229","Großhadern",48.115436,11.475624,NA,9,0,"DE","Muenchen","nextbike","2026-08-28 00:23:09"
"608535230","Hans-Grässel Weg",48.113127,11.502006,NA,9,0,"DE","Muenchen","nextbike","2026-08-28 00:23:09"
"608535231","Pasinger Marienplatz",48.146709,11.46005,NA,5,0,"DE","Muenchen","nextbike","2026-08-28 00:23:09"
"608535232","Hermine-von-Parish-Straße",48.150228,11.476252,NA,10,0,"DE","Muenchen","nextbike","2026-08-28 00:23:09"
"608535234","Westkreuz",48.147977,11.44211,NA,1,0,"DE","Muenchen","nextbike","2026-08-28 00:23:09"
"608535235","Aubing",48.155602,11.414183,NA,13,0,"DE","Muenchen","nextbike","2026-08-28 00:23:09"
"608535236","Neuaubing",48.142867,11.423266,NA,8,0,"DE","Muenchen","nextbike","2026-08-28 00:23:09"
"608535237","Freiham",48.139371,11.410948,NA,14,0,"DE","Muenchen","nextbike","2026-08-28 00:23:09"
"608535238","Am Kosttor",48.138335,11.580954,NA,0,0,"DE","Muenchen","nextbike","2026-08-28 00:23:09"
"608535239","Sparkassenstraße, nördl. Tal",48.136871,11.57762,NA,3,0,"DE","Muenchen","nextbike","2026-08-28 00:23:09"
"608535240","Maximilianstraße, östl. Herzog-Rudolf-Str.",48.138504,11.583453,NA,5,0,"DE","Muenchen","nextbike","2026-08-28 00:23:09"
"608535241","Brunnstraße",48.136264,11.56864,NA,1,0,"DE","Muenchen","nextbike","2026-08-28 00:23:09"
"608535242","Laimer Platz",48.135404,11.500964,NA,2,0,"DE","Muenchen","nextbike","2026-08-28 00:23:09"
"608535243","Aindorferstraße / Rushaimerstraße",48.132325,11.494171,NA,5,0,"DE","Muenchen","nextbike","2026-08-28 00:23:09"
"608535244","Agnes-Bernauer-Straße",48.139516,11.511111,NA,5,0,"DE","Muenchen","nextbike","2026-08-28 00:23:09"
"608535245","Aindorferstraße",48.131108,11.501099,NA,10,0,"DE","Muenchen","nextbike","2026-08-28 00:23:09"
"608535246","Friedenheimer Straße",48.134625,11.511949,NA,5,0,"DE","Muenchen","nextbike","2026-08-28 00:23:09"
"608535247","Westendstraße",48.13501,11.521975,NA,7,0,"DE","Muenchen","nextbike","2026-08-28 00:23:09"
"608535248","Landsberger Straße / Elsenheimer Straße",48.141413,11.517044,NA,0,0,"DE","Muenchen","nextbike","2026-08-28 00:23:09"
"608535249","Lautensackstraße",48.138777,11.517862,NA,9,0,"DE","Muenchen","nextbike","2026-08-28 00:23:09"
"608535250","Rechpacherstraße",48.132577,11.486845,NA,11,0,"DE","Muenchen","nextbike","2026-08-28 00:23:09"
"608535251","Agnes Bernauer Platz",48.14029,11.496202,NA,13,0,"DE","Muenchen","nextbike","2026-08-28 00:23:09"
"608535252","Pörtschacher Straße",48.144439,11.490785,NA,5,0,"DE","Muenchen","nextbike","2026-08-28 00:23:09"
"608535254","Sandrartstraße",48.139857,11.50742,NA,7,0,"DE","Muenchen","nextbike","2026-08-28 00:23:09"
"608535255","Laim S / Wotanstraße",48.143726,11.50286,NA,6,0,"DE","Muenchen","nextbike","2026-08-28 00:23:09"
"613312171","Blumenstraße - Planungsreferat",48.13238,11.571394,NA,0,0,"DE","Muenchen","nextbike","2026-08-28 00:23:09"
"613312172","Odeonsplatz (Ostseite)",48.143268,11.57804,NA,0,0,"DE","Muenchen","nextbike","2026-08-28 00:23:09"
"613312173","Christophstraße",48.141061,11.58307,NA,10,0,"DE","Muenchen","nextbike","2026-08-28 00:23:09"
"613312174","Boschbrücke",48.131134,11.582159,NA,7,0,"DE","Muenchen","nextbike","2026-08-28 00:23:09"
"613312175","Deutsches Museum",48.1316,11.58534,NA,0,0,"DE","Muenchen","nextbike","2026-08-28 00:23:09"
"613312176","Marsplatz",48.146354,11.546639,NA,1,0,"DE","Muenchen","nextbike","2026-08-28 00:23:09"
"613312177","Luisenstraße",48.152263,11.568061,NA,4,0,"DE","Muenchen","nextbike","2026-08-28 00:23:09"
"613312179","Königsplatz U / Karlstraße",48.144154,11.563007,NA,3,0,"DE","Muenchen","nextbike","2026-08-28 00:23:09"
"613312180","Agnesstraße",48.158277,11.562847,NA,16,0,"DE","Muenchen","nextbike","2026-08-28 00:23:09"
"613312181","Stiglmaierplatz",48.1473,11.559695,NA,9,0,"DE","Muenchen","nextbike","2026-08-28 00:23:09"
"613312182","Stachus - Justizpalast",48.139931,11.565032,NA,2,0,"DE","Muenchen","nextbike","2026-08-28 00:23:09"
"613312183","Arnulfstraße - ZOB",48.143396,11.550393,NA,0,0,"DE","Muenchen","nextbike","2026-08-28 00:23:09"
"613312184","Schwere Reiter Straße",48.161334,11.55692,NA,9,0,"DE","Muenchen","nextbike","2026-08-28 00:23:09"
"613312185","Ackermannstraße / Schleißheimerstraße",48.168248,11.564684,NA,14,0,"DE","Muenchen","nextbike","2026-08-28 00:23:09"
"613312186","Bismarckstraße",48.162412,11.581602,NA,2,0,"DE","Muenchen","nextbike","2026-08-28 00:23:09"
"613312187","Auerfeldstraße",48.124138,11.59681,NA,0,0,"DE","Muenchen","nextbike","2026-08-28 00:23:09"
"613312188","Kellerstraße",48.130857,11.594334,NA,0,0,"DE","Muenchen","nextbike","2026-08-28 00:23:09"
"613312189","Wörthstraße",48.131591,11.598489,NA,1,0,"DE","Muenchen","nextbike","2026-08-28 00:23:09"
"613312190","Kirchenstraße",48.132646,11.609138,NA,8,0,"DE","Muenchen","nextbike","2026-08-28 00:23:09"
"613312191","Steinerstraße",48.103894,11.539732,NA,5,0,"DE","Muenchen","nextbike","2026-08-28 00:23:09"
"613312192","Pullacher Platz",48.105394,11.545422,NA,9,0,"DE","Muenchen","nextbike","2026-08-28 00:23:09"
"613312193","Am Flauchersteg",48.107177,11.552422,NA,0,0,"DE","Muenchen","nextbike","2026-08-28 00:23:09"
"613312194","Höglwörther Straße",48.10608,11.522882,NA,4,0,"DE","Muenchen","nextbike","2026-08-28 00:23:09"
"613312195","Mittersendling West",48.108897,11.534912,NA,2,0,"DE","Muenchen","nextbike","2026-08-28 00:23:09"
"613312196","Luise-Kiesselbach-Platz",48.112654,11.519251,NA,7,0,"DE","Muenchen","nextbike","2026-08-28 00:23:09"
"613312197","Waldfriedhofstraße",48.113463,11.515531,NA,1,0,"DE","Muenchen","nextbike","2026-08-28 00:23:09"
"613312198","Waldfriedhof",48.112061,11.503793,NA,14,0,"DE","Muenchen","nextbike","2026-08-28 00:23:09"
"613312199","Einhornallee",48.107665,11.511278,NA,7,0,"DE","Muenchen","nextbike","2026-08-28 00:23:09"
"613312200","Markomannenstraße",48.105386,11.505467,NA,4,0,"DE","Muenchen","nextbike","2026-08-28 00:23:09"
"613312201","Hinterbärenbadstraße",48.120626,11.528467,NA,11,0,"DE","Muenchen","nextbike","2026-08-28 00:23:09"
"613312202","Westendstraße",48.123732,11.508038,NA,9,0,"DE","Muenchen","nextbike","2026-08-28 00:23:09"
"613312203","Illingstraße",48.103491,11.524717,NA,7,0,"DE","Muenchen","nextbike","2026-08-28 00:23:09"
"613312204","Partnachplatz",48.116802,11.526109,NA,3,0,"DE","Muenchen","nextbike","2026-08-28 00:23:09"
"613312205","Westpark",48.117857,11.516793,NA,6,0,"DE","Muenchen","nextbike","2026-08-28 00:23:09"
"613312206","Drachenseestraße",48.117041,11.531579,NA,7,0,"DE","Muenchen","nextbike","2026-08-28 00:23:09"
"613312207","Trappentreustraße / Donnersbergerbrücke",48.13917,11.534863,NA,7,0,"DE","Muenchen","nextbike","2026-08-28 00:23:09"
"613312208","Donnersbergerbrücke",48.143629,11.536143,NA,2,0,"DE","Muenchen","nextbike","2026-08-28 00:23:09"
"613312209","Hedwig-Dransfeld-Allee",48.165228,11.545215,NA,10,0,"DE","Muenchen","nextbike","2026-08-28 00:23:09"
"613312210","Fasaneriestraße",48.15753,11.54324,NA,10,0,"DE","Muenchen","nextbike","2026-08-28 00:23:09"
"613312211","Gerner Brücke",48.158862,11.526036,NA,8,0,"DE","Muenchen","nextbike","2026-08-28 00:23:09"
"613312212","Burghausener Straße",48.14759,11.529289,NA,7,0,"DE","Muenchen","nextbike","2026-08-28 00:23:09"
"613312213","Hirschgarten",48.144816,11.520115,NA,0,0,"DE","Muenchen","nextbike","2026-08-28 00:23:09"
"613312214","Engasserbogen",48.145712,11.511511,NA,4,0,"DE","Muenchen","nextbike","2026-08-28 00:23:09"
"613312215","Nymphenburg Süd",48.146143,11.502216,NA,11,0,"DE","Muenchen","nextbike","2026-08-28 00:23:09"
"613312216","Kemnatenstraße",48.151997,11.504383,NA,8,0,"DE","Muenchen","nextbike","2026-08-28 00:23:09"
"613312217","Romanstraße",48.155119,11.505992,NA,6,0,"DE","Muenchen","nextbike","2026-08-28 00:23:09"
"613312218","Volpinistraße",48.165104,11.512722,NA,9,0,"DE","Muenchen","nextbike","2026-08-28 00:23:09"
"613312219","Dall'Armistraße",48.161672,11.511572,NA,6,0,"DE","Muenchen","nextbike","2026-08-28 00:23:09"
"613312220","Donnersbergerstraße",48.146596,11.535694,NA,12,0,"DE","Muenchen","nextbike","2026-08-28 00:23:09"
"613312221","Rotkreuzplatz",48.15311,11.531966,NA,10,0,"DE","Muenchen","nextbike","2026-08-28 00:23:09"
"613312222","Amalienburgstraße",48.165325,11.493301,NA,8,0,"DE","Muenchen","nextbike","2026-08-28 00:23:09"
"613312223","Botanischer Garten",48.164677,11.502466,NA,6,0,"DE","Muenchen","nextbike","2026-08-28 00:23:09"
"613312224","Dom-Pedro-Straße",48.159708,11.535028,NA,8,0,"DE","Muenchen","nextbike","2026-08-28 00:23:09"
"613312225","Albrechtstraße",48.155193,11.540151,NA,17,0,"DE","Muenchen","nextbike","2026-08-28 00:23:09"
"613312226","Leonrodplatz",48.1597,11.546576,NA,3,0,"DE","Muenchen","nextbike","2026-08-28 00:23:09"
"613312227","Christoph-Rapparini-Bogen",48.145804,11.506386,NA,6,0,"DE","Muenchen","nextbike","2026-08-28 00:23:09"
"613312228","Hanebergstraße",48.162338,11.536755,NA,5,0,"DE","Muenchen","nextbike","2026-08-28 00:23:09"
"613312229","Donauwörther Straße",48.184202,11.496734,NA,10,0,"DE","Muenchen","nextbike","2026-08-28 00:23:09"
"613312230","Memminger Platz",48.181013,11.506254,NA,5,0,"DE","Muenchen","nextbike","2026-08-28 00:23:09"
"613312231","Olympia Einkaufszentrum",48.182376,11.528717,NA,12,0,"DE","Muenchen","nextbike","2026-08-28 00:23:09"
"613312233","Anhalter Platz",48.187042,11.56156,NA,6,0,"DE","Muenchen","nextbike","2026-08-28 00:23:09"
"613312234","Am Hart U",48.197716,11.57208,NA,1,0,"DE","Muenchen","nextbike","2026-08-28 00:23:09"
"613312236","Oberwiesenfeld U-Bahn West",48.186592,11.546192,NA,3,0,"DE","Muenchen","nextbike","2026-08-28 00:23:09"
"613312237","Wilhelm-Hertz-Straße",48.175945,11.585842,NA,14,0,"DE","Muenchen","nextbike","2026-08-28 00:23:09"
"613312238","Schwedenstraße",48.169586,11.603003,NA,4,0,"DE","Muenchen","nextbike","2026-08-28 00:23:09"
"613312239","Wiltrudenstraße",48.167377,11.59151,NA,9,0,"DE","Muenchen","nextbike","2026-08-28 00:23:09"
"613312240","Alte Haide U",48.177842,11.602486,NA,8,0,"DE","Muenchen","nextbike","2026-08-28 00:23:09"
"613312241","Parzivalplatz",48.171033,11.584974,NA,7,0,"DE","Muenchen","nextbike","2026-08-28 00:23:09"
"613312242","Kieferngarten",48.203392,11.612684,NA,3,0,"DE","Muenchen","nextbike","2026-08-28 00:23:09"
"613312243","St. Emmeram",48.176074,11.631513,NA,2,0,"DE","Muenchen","nextbike","2026-08-28 00:23:09"
"613312244","Kufsteiner Platz",48.14997,11.60174,NA,5,0,"DE","Muenchen","nextbike","2026-08-28 00:23:09"
"613312245","Effnerplatz Nordost",48.152697,11.614833,NA,4,0,"DE","Muenchen","nextbike","2026-08-28 00:23:09"
"613312246","Baumkirchnerstraße",48.128503,11.630727,NA,7,0,"DE","Muenchen","nextbike","2026-08-28 00:23:09"
"613312247","Ampfingstraße",48.130363,11.615767,NA,2,0,"DE","Muenchen","nextbike","2026-08-28 00:23:09"
"613312248","Martin-Empl-Ring",48.140954,11.682629,NA,2,0,"DE","Muenchen","nextbike","2026-08-28 00:23:09"
"613312249","Lehrer-Wirth-Straße",48.129475,11.694919,NA,11,0,"DE","Muenchen","nextbike","2026-08-28 00:23:09"
"613312250","Selma-Lageröf-Straße",48.129964,11.702747,NA,9,0,"DE","Muenchen","nextbike","2026-08-28 00:23:09"
"613312251","U-Bahn Moosfeld",48.131133,11.671374,NA,7,0,"DE","Muenchen","nextbike","2026-08-28 00:23:09"
"613312252","Wardeinstraße",48.12467,11.655903,NA,2,0,"DE","Muenchen","nextbike","2026-08-28 00:23:09"
"613312253","Karpfenstraße",48.122928,11.662454,NA,1,0,"DE","Muenchen","nextbike","2026-08-28 00:23:09"
"613312254","Feldbergstraße",48.108699,11.663219,NA,3,0,"DE","Muenchen","nextbike","2026-08-28 00:23:09"
"613312255","Postweg",48.117954,11.68393,NA,6,0,"DE","Muenchen","nextbike","2026-08-28 00:23:09"
"613312256","Spertentalstraße",48.118144,11.670033,NA,12,0,"DE","Muenchen","nextbike","2026-08-28 00:23:09"
"613312257","Georg-Kerschensteiner-Straße",48.132961,11.697017,NA,6,0,"DE","Muenchen","nextbike","2026-08-28 00:23:09"
"613312258","Messestadt Ost U-Bahn",48.13336,11.703236,NA,0,0,"DE","Muenchen","nextbike","2026-08-28 00:23:09"
"613312259","Friesplatz",48.100622,11.672228,NA,10,0,"DE","Muenchen","nextbike","2026-08-28 00:23:09"
"613312260","Ungsteiner Straße",48.114724,11.597168,NA,0,0,"DE","Muenchen","nextbike","2026-08-28 00:23:09"
"613312261","Ramersdorf",48.115401,11.612403,NA,4,0,"DE","Muenchen","nextbike","2026-08-28 00:23:09"
"613312262","Führichstraße",48.116431,11.614696,NA,0,0,"DE","Muenchen","nextbike","2026-08-28 00:23:09"
"613312263","Thomasiusplatz",48.11535,11.603387,NA,0,0,"DE","Muenchen","nextbike","2026-08-28 00:23:09"
"613312264","Balanstraße",48.109407,11.603445,NA,4,0,"DE","Muenchen","nextbike","2026-08-28 00:23:09"
"613312265","Georg-Brauchle-Haus",48.109805,11.63923,NA,1,0,"DE","Muenchen","nextbike","2026-08-28 00:23:09"
"613312266","Hochäckerstraße",48.101156,11.606903,NA,5,0,"DE","Muenchen","nextbike","2026-08-28 00:23:09"
"613312267","Sudermannallee",48.097677,11.65268,NA,4,0,"DE","Muenchen","nextbike","2026-08-28 00:23:09"
"613312268","Hermann-Pünder-Straße",48.089132,11.636949,NA,5,0,"DE","Muenchen","nextbike","2026-08-28 00:23:09"
"613312269","Maria-Wimmer-Straße",48.08516,11.661418,NA,9,0,"DE","Muenchen","nextbike","2026-08-28 00:23:09"
"613312270","Woferlstraße",48.108984,11.619507,NA,9,0,"DE","Muenchen","nextbike","2026-08-28 00:23:09"
"613312271","Karl-Preis-Platz",48.118064,11.610177,NA,0,0,"DE","Muenchen","nextbike","2026-08-28 00:23:09"
"613312272","St.-Martin-Straße Ost",48.119507,11.600463,NA,2,0,"DE","Muenchen","nextbike","2026-08-28 00:23:09"
"613312273","Neuperlach Zentrum",48.100853,11.646309,NA,1,0,"DE","Muenchen","nextbike","2026-08-28 00:23:09"
"613312274","Nawiaskystraße",48.106409,11.636608,NA,6,0,"DE","Muenchen","nextbike","2026-08-28 00:23:09"
"613312275","Neuer Südfriedhof",48.101227,11.622042,NA,6,0,"DE","Muenchen","nextbike","2026-08-28 00:23:09"
"613312276","Schlierseestraße",48.115517,11.592303,NA,3,0,"DE","Muenchen","nextbike","2026-08-28 00:23:09"
"613312277","Pöllatstraße",48.105517,11.591138,NA,10,0,"DE","Muenchen","nextbike","2026-08-28 00:23:09"
"613312278","Lincolnstraße",48.095167,11.59126,NA,3,0,"DE","Muenchen","nextbike","2026-08-28 00:23:09"
"613312279","Minnewitstraße",48.086997,11.599204,NA,12,0,"DE","Muenchen","nextbike","2026-08-28 00:23:09"
"613312281","Ostfriedhof",48.117519,11.582032,NA,2,0,"DE","Muenchen","nextbike","2026-08-28 00:23:09"
"613312282","St. Martin-Straße S-Bahn",48.118254,11.594671,NA,0,0,"DE","Muenchen","nextbike","2026-08-28 00:23:09"
"613312283","Tegernseer Platz",48.115501,11.580741,NA,4,0,"DE","Muenchen","nextbike","2026-08-28 00:23:09"
"613312284","Schafreiterplatz",48.102482,11.595012,NA,5,0,"DE","Muenchen","nextbike","2026-08-28 00:23:09"
"613312285","Sintpertstraße",48.110642,11.589249,NA,2,0,"DE","Muenchen","nextbike","2026-08-28 00:23:09"
"613312286","Zugspitzplätzchen",48.116522,11.58336,NA,2,0,"DE","Muenchen","nextbike","2026-08-28 00:23:09"
"613312287","Grünspitz",48.113202,11.576828,NA,2,0,"DE","Muenchen","nextbike","2026-08-28 00:23:09"
"613312288","Am Bergsteig",48.118881,11.579973,NA,6,0,"DE","Muenchen","nextbike","2026-08-28 00:23:09"
"613312289","Theodolindenplatz",48.090711,11.558066,NA,2,0,"DE","Muenchen","nextbike","2026-08-28 00:23:09"
"613312290","Rolf-Pinegger-Straße",48.12582,11.47709,NA,10,0,"DE","Muenchen","nextbike","2026-08-28 00:23:09"
"613312291","Pasing Bahnhof Süd",48.149102,11.459789,NA,0,0,"DE","Muenchen","nextbike","2026-08-28 00:23:09"
"613312292","Mitterfeldstraße",48.137897,11.483132,NA,9,0,"DE","Muenchen","nextbike","2026-08-28 00:23:09"
"613312293","Veldener Straße",48.145169,11.479889,NA,6,0,"DE","Muenchen","nextbike","2026-08-28 00:23:09"
"613312294","Avenariusplatz",48.142389,11.450851,NA,11,0,"DE","Muenchen","nextbike","2026-08-28 00:23:09"
"613312295","Polkostraße",48.159762,11.445722,NA,7,0,"DE","Muenchen","nextbike","2026-08-28 00:23:09"
"613312296","Am Knie",48.142045,11.474476,NA,8,0,"DE","Muenchen","nextbike","2026-08-28 00:23:09"
"613312297","Mainaustraße",48.148679,11.434234,NA,15,0,"DE","Muenchen","nextbike","2026-08-28 00:23:09"
"613312298","Fritz-Bauer-Straße",48.141112,11.422564,NA,12,0,"DE","Muenchen","nextbike","2026-08-28 00:23:09"
"613312299","Wiesentfelser Straße West",48.146347,11.413553,NA,4,0,"DE","Muenchen","nextbike","2026-08-28 00:23:09"
"613312300","Wiesentfelser Straße Ost",48.147422,11.42077,NA,10,0,"DE","Muenchen","nextbike","2026-08-28 00:23:09"
"613312301","Sportanlagen Freiham",48.142403,11.403044,NA,9,0,"DE","Muenchen","nextbike","2026-08-28 00:23:09"
"613312302","Riesenburgstraße",48.150968,11.412909,NA,9,0,"DE","Muenchen","nextbike","2026-08-28 00:23:09"
"613312303","Leinweberweg",48.176321,11.417194,NA,7,0,"DE","Muenchen","nextbike","2026-08-28 00:23:09"
"613312304","Zwiedineckstraße",48.180353,11.464696,NA,9,0,"DE","Muenchen","nextbike","2026-08-28 00:23:09"
"613312305","Korbinian-Beer-Straße",48.183463,11.479739,NA,9,0,"DE","Muenchen","nextbike","2026-08-28 00:23:09"
"613312306","Manzostraße",48.183831,11.48817,NA,9,0,"DE","Muenchen","nextbike","2026-08-28 00:23:09"
"613312307","SV Untermenzing",48.176131,11.466134,NA,6,0,"DE","Muenchen","nextbike","2026-08-28 00:23:09"
"613312308","Augustin-Rösch-Straße",48.200656,11.564274,NA,6,0,"DE","Muenchen","nextbike","2026-08-28 00:23:09"
"613312309","Feldmochinger Anger",48.209216,11.544466,NA,9,0,"DE","Muenchen","nextbike","2026-08-28 00:23:09"
"613312310","Hasenbergl",48.213754,11.55654,NA,3,0,"DE","Muenchen","nextbike","2026-08-28 00:23:09"
"613312311","Feldmoching I",48.213674,11.540333,NA,2,0,"DE","Muenchen","nextbike","2026-08-28 00:23:09"
"613312312","Dülferstraße U West",48.213283,11.561993,NA,4,0,"DE","Muenchen","nextbike","2026-08-28 00:23:09"
"613312313","Ittlingerstraße",48.208336,11.555278,NA,6,0,"DE","Muenchen","nextbike","2026-08-28 00:23:09"
"613312314","Eduard-Spranger-Straße",48.207722,11.550141,NA,11,0,"DE","Muenchen","nextbike","2026-08-28 00:23:09"
"613312315","Fachnerstraße",48.131088,11.509525,NA,8,0,"DE","Muenchen","nextbike","2026-08-28 00:23:09"
"613510037","Geroltstraße",48.131332,11.538334,NA,1,0,"DE","Muenchen","nextbike","2026-08-28 00:23:09"
"624056982","Großhartpenning",47.846653,11.678266,NA,4,0,"DE","Muenchen","nextbike","2026-08-28 00:23:09"
"624057057","Föching",47.895636,11.716353,NA,8,0,"DE","Muenchen","nextbike","2026-08-28 00:23:09"
"631244273","Rosental (Ecke Sendlinger Str.)",48.136158,11.572902,NA,3,0,"DE","Muenchen","nextbike","2026-08-28 00:23:09"
"631244274","Rotkreuzplatz / Donnersbergerstraße",48.152129,11.533139,NA,1,0,"DE","Muenchen","nextbike","2026-08-28 00:23:09"
"631244275","Hauptbahnhof Süd II",48.13867,11.558547,NA,2,0,"DE","Muenchen","nextbike","2026-08-28 00:23:09"
"631244276","Maillingerstraße",48.150433,11.544812,NA,6,0,"DE","Muenchen","nextbike","2026-08-28 00:23:09"
"631244277","Pronnerplatz",48.143954,11.495654,NA,8,0,"DE","Muenchen","nextbike","2026-08-28 00:23:09"
"631244278","Karl-Theodor-Straße",48.166603,11.578666,NA,3,0,"DE","Muenchen","nextbike","2026-08-28 00:23:09"
"631244280","Hubertusstraße",48.156172,11.519937,NA,8,0,"DE","Muenchen","nextbike","2026-08-28 00:23:09"
"631244281","Heideckstraße",48.162561,11.541947,NA,9,0,"DE","Muenchen","nextbike","2026-08-28 00:23:09"
"631244286","Josephsplatz",48.155853,11.566783,NA,8,0,"DE","Muenchen","nextbike","2026-08-28 00:23:09"
"631244287","Gärtnerplatz/Klenzestraße",48.132015,11.576589,NA,3,0,"DE","Muenchen","nextbike","2026-08-28 00:23:09"
"631244288","Trautenwolffsstraße",48.158032,11.585294,NA,6,0,"DE","Muenchen","nextbike","2026-08-28 00:23:09"
"631244289","Heimeranplatz / Heimeranstraße",48.133639,11.534625,NA,4,0,"DE","Muenchen","nextbike","2026-08-28 00:23:09"
"631244290","Hackenstraße",48.135974,11.570573,NA,2,0,"DE","Muenchen","nextbike","2026-08-28 00:23:09"
"631244291","Herzog-Wilhelm-Straße (Ecke Herzogspitalstr.))",48.138069,11.566756,NA,2,0,"DE","Muenchen","nextbike","2026-08-28 00:23:09"
"631244292","Maderbräustraße, nördl. Tal",48.136474,11.578355,NA,2,0,"DE","Muenchen","nextbike","2026-08-28 00:23:09"
"631244293","Giesinger Bahnhof II",48.110773,11.59507,NA,0,0,"DE","Muenchen","nextbike","2026-08-28 00:23:09"
"631244294","Maximilianstraße (Ecke Falkenturmsstr.)",48.139117,11.579655,NA,1,0,"DE","Muenchen","nextbike","2026-08-28 00:23:09"
"631244295","Münzstraße, westl. Platzl",48.137697,11.579333,NA,0,0,"DE","Muenchen","nextbike","2026-08-28 00:23:09"
"631244297","Blutenburgstraße",48.151975,11.535357,NA,9,0,"DE","Muenchen","nextbike","2026-08-28 00:23:09"
"631244302","Romanplatz",48.154083,11.511376,NA,3,0,"DE","Muenchen","nextbike","2026-08-28 00:23:09"
"631244303","Schloss Nymphenburg",48.158324,11.51078,NA,7,0,"DE","Muenchen","nextbike","2026-08-28 00:23:09"
"631244304","Margarethe-Danzi-Straße",48.147096,11.49644,NA,8,0,"DE","Muenchen","nextbike","2026-08-28 00:23:09"
"631244306","Hirschgarten - Haupteingang",48.150428,11.510606,NA,4,0,"DE","Muenchen","nextbike","2026-08-28 00:23:09"
"631244308","Untermenzing S-Bahn Nord",48.178159,11.474491,NA,5,0,"DE","Muenchen","nextbike","2026-08-28 00:23:09"
"631244309","Nederlinger Straße",48.163433,11.520516,NA,10,0,"DE","Muenchen","nextbike","2026-08-28 00:23:09"
"631244311","Sadelerstraße",48.165216,11.520771,NA,7,0,"DE","Muenchen","nextbike","2026-08-28 00:23:09"
"631244312","Gern",48.163429,11.528919,NA,5,0,"DE","Muenchen","nextbike","2026-08-28 00:23:09"
"631244313","Am Harras nord",48.117401,11.539889,NA,6,0,"DE","Muenchen","nextbike","2026-08-28 00:23:09"
"631244315","Erzgießereistraße",48.148849,11.552554,NA,10,0,"DE","Muenchen","nextbike","2026-08-28 00:23:09"
"631244316","Brienner Straße",48.143039,11.575778,NA,0,0,"DE","Muenchen","nextbike","2026-08-28 00:23:09"
"636549648","Munich Urban Colab",48.156688,11.551519,NA,6,0,"DE","Muenchen","nextbike","2026-08-28 00:23:09"
"636549996","The Malt",48.195185,11.464444,NA,7,0,"DE","Muenchen","nextbike","2026-08-28 00:23:09"
"637793642","BR Campus Freimann",48.190244,11.627016,NA,5,0,"DE","Muenchen","nextbike","2026-08-28 00:23:09"
"637794034","BR Funkhaus",48.142681,11.554042,NA,2,0,"DE","Muenchen","nextbike","2026-08-28 00:23:09"
"50419","Berliner Platz StadtLastenRad",51.458744,7.004194,NA,1,0,"DE","Ruhrgebiet (metropolradruhr)","nextbike","2026-08-28 00:23:09"
"50425","Rüttenscheider Stern StadtLastenRad",51.438193,7.005667,NA,1,0,"DE","Ruhrgebiet (metropolradruhr)","nextbike","2026-08-28 00:23:09"
"113462","Grendplatz StadtLastenRad",51.446291,7.075067,NA,1,0,"DE","Ruhrgebiet (metropolradruhr)","nextbike","2026-08-28 00:23:09"
"113463","Essen Borbeck Bahnhof StadtLastenRad",51.472883,6.949319,NA,1,0,"DE","Ruhrgebiet (metropolradruhr)","nextbike","2026-08-28 00:23:09"
"115216","Gervinusstraße StadtLastenRad",51.449527,6.972992,NA,1,0,"DE","Ruhrgebiet (metropolradruhr)","nextbike","2026-08-28 00:23:09"
"121674","Gemarkenplatz StadtLastenRad",51.441771,6.997787,NA,1,0,"DE","Ruhrgebiet (metropolradruhr)","nextbike","2026-08-28 00:23:09"
"146999","Universität StadtLastenRad",51.464973,7.001703,NA,1,0,"DE","Ruhrgebiet (metropolradruhr)","nextbike","2026-08-28 00:23:09"
"147004","Mobilstation Parkfriedhof StadtLastenRad",51.447384,7.044082,NA,1,0,"DE","Ruhrgebiet (metropolradruhr)","nextbike","2026-08-28 00:23:09"
"147012","Mobilstation Florastraße StadtLastenRad",51.426604,7.002749,NA,1,0,"DE","Ruhrgebiet (metropolradruhr)","nextbike","2026-08-28 00:23:09"
"31364543","Mobilstation Kupferdreh StadtLastenRad",51.391658,7.080125,NA,1,0,"DE","Ruhrgebiet (metropolradruhr)","nextbike","2026-08-28 00:23:09"
"397909001","Eltingstraße StadtLastenRad",51.466384,7.013751,NA,1,0,"DE","Ruhrgebiet (metropolradruhr)","nextbike","2026-08-28 00:23:09"
"474985643","Weserstraße StadtLastenRad",51.437134,7.032763,NA,1,0,"DE","Ruhrgebiet (metropolradruhr)","nextbike","2026-08-28 00:23:09"
"499068852","Katernberger Markt StadtLastenRad",51.497417,7.048187,NA,0,0,"DE","Ruhrgebiet (metropolradruhr)","nextbike","2026-08-28 00:23:09"
"499069127","Isenbergstraße / Witteringstraße StadtLastenRad",51.441517,7.016203,NA,1,0,"DE","Ruhrgebiet (metropolradruhr)","nextbike","2026-08-28 00:23:09"
"499941260","Altenessen Mitte StadtLastenRad",51.494972,7.007189,NA,1,0,"DE","Ruhrgebiet (metropolradruhr)","nextbike","2026-08-28 00:23:09"
"555065328"," Haarzopf/Erbach StadtLastenRad",51.419958,6.958525,NA,1,0,"DE","Ruhrgebiet (metropolradruhr)","nextbike","2026-08-28 00:23:09"
"607620114","Ernestinenstr. StadtLastenRad",51.467618,7.04529,NA,0,0,"DE","Ruhrgebiet (metropolradruhr)","nextbike","2026-08-28 00:23:09"
"24397","Hauptbahnhof",54.315972,10.132278,42,37,3,"DE","Kiel/KielRegion (SprottenFlotte)","Donkey Republic","2026-08-28 00:23:09"
"33008","Schwebstöcken",54.2404563,10.2941646,20,3,17,"DE","Kiel/KielRegion (SprottenFlotte)","Donkey Republic","2026-08-28 00:23:09"
"24383","CAU Sportstätten",54.343444,10.111139,35,1,34,"DE","Kiel/KielRegion (SprottenFlotte)","Donkey Republic","2026-08-28 00:23:09"
"24463","Haimkrogkoppel",54.2429308,10.2994182,20,5,15,"DE","Kiel/KielRegion (SprottenFlotte)","Donkey Republic","2026-08-28 00:23:09"
"36775","Nordmarkhalle",54.3013451,9.6764596,15,2,13,"DE","Kiel/KielRegion (SprottenFlotte)","Donkey Republic","2026-08-28 00:23:09"
"24430","Fischerkoppel / BBZ",54.47767,9.83707,25,1,21,"DE","Kiel/KielRegion (SprottenFlotte)","Donkey Republic","2026-08-28 00:23:09"
"24381","Westring/Eckernförder Str.",54.328543,10.117925,30,3,27,"DE","Kiel/KielRegion (SprottenFlotte)","Donkey Republic","2026-08-28 00:23:09"
"33411","Hörn (Testlauf)",54.3139391,10.1386961,8,0,7,"DE","Kiel/KielRegion (SprottenFlotte)","Donkey Republic","2026-08-28 00:23:09"
"24393","Tilsiter Platz",54.3231298,10.1704551,30,12,18,"DE","Kiel/KielRegion (SprottenFlotte)","Donkey Republic","2026-08-28 00:23:09"
"24422","Fähre Nobiskrug",54.308426,9.709962,20,12,8,"DE","Kiel/KielRegion (SprottenFlotte)","Donkey Republic","2026-08-28 00:23:09"
"27448","Wendtorf Marina",54.4190661,10.2878796,30,5,25,"DE","Kiel/KielRegion (SprottenFlotte)","Donkey Republic","2026-08-28 00:23:09"
"36088"," Campingplatz Ostee Camp Kliff",54.4146608,10.2524214,12,1,11,"DE","Kiel/KielRegion (SprottenFlotte)","Donkey Republic","2026-08-28 00:23:09"
"24398","Rathausplatz",54.322361,10.133861,30,5,23,"DE","Kiel/KielRegion (SprottenFlotte)","Donkey Republic","2026-08-28 00:23:09"
"24369","Alte Mu/Brunswiker Str.",54.327583,10.1415,15,6,9,"DE","Kiel/KielRegion (SprottenFlotte)","Donkey Republic","2026-08-28 00:23:09"
"30027","REWE Klausdorf",54.3121896,10.2004707,15,8,7,"DE","Kiel/KielRegion (SprottenFlotte)","Donkey Republic","2026-08-28 00:23:09"
"31353","Falkensteiner Strand (Apr-Okt)",54.401024,10.1904627,20,2,19,"DE","Kiel/KielRegion (SprottenFlotte)","Donkey Republic","2026-08-28 00:23:09"
"30026","Ostseepark",54.2887936,10.2177163,15,2,13,"DE","Kiel/KielRegion (SprottenFlotte)","Donkey Republic","2026-08-28 00:23:09"
"24401","Dataport/FHVD",54.4020262,10.1281108,30,4,25,"DE","Kiel/KielRegion (SprottenFlotte)","Donkey Republic","2026-08-28 00:23:09"
"24424","Grüner Kranz",54.3078903,9.6500663,20,3,17,"DE","Kiel/KielRegion (SprottenFlotte)","Donkey Republic","2026-08-28 00:23:09"
"24374","Holsten-/Hafenstrasse",54.321,10.135389,20,22,0,"DE","Kiel/KielRegion (SprottenFlotte)","Donkey Republic","2026-08-28 00:23:09"
"30022","Rathaus Schwentinental",54.2842995,10.2405657,15,1,14,"DE","Kiel/KielRegion (SprottenFlotte)","Donkey Republic","2026-08-28 00:23:09"
"30120","Martinshaus",54.2901357,9.6536059,15,6,9,"DE","Kiel/KielRegion (SprottenFlotte)","Donkey Republic","2026-08-28 00:23:09"
"36996","Lancasterstr.",54.305029,9.6926541,15,1,14,"DE","Kiel/KielRegion (SprottenFlotte)","Donkey Republic","2026-08-28 00:23:09"
"26708","Schule Mielkendorf",54.2844554,10.0375259,25,12,13,"DE","Kiel/KielRegion (SprottenFlotte)","Donkey Republic","2026-08-28 00:23:09"
"29982","Eiderbad (Apr - Okt)",54.2858815,10.072252,20,1,19,"DE","Kiel/KielRegion (SprottenFlotte)","Donkey Republic","2026-08-28 00:23:09"
"26653","Feuerwehrhaus Schönberg",54.3944955,10.3721663,15,0,15,"DE","Kiel/KielRegion (SprottenFlotte)","Donkey Republic","2026-08-28 00:23:09"
"27450","Wisch Ort",54.4089166,10.3416223,15,6,9,"DE","Kiel/KielRegion (SprottenFlotte)","Donkey Republic","2026-08-28 00:23:09"
"24389","Hansastr./Gutenbergstr.",54.332111,10.124861,20,4,17,"DE","Kiel/KielRegion (SprottenFlotte)","Donkey Republic","2026-08-28 00:23:09"
"24423","Fussgängertunnel Nordseite",54.291789,9.663878,20,8,10,"DE","Kiel/KielRegion (SprottenFlotte)","Donkey Republic","2026-08-28 00:23:09"
"29147","Strandbad Lanker See (April - Oktober)",54.2187212,10.2815616,20,0,20,"DE","Kiel/KielRegion (SprottenFlotte)","Donkey Republic","2026-08-28 00:23:09"
"26805","Amt Eidertal",54.281617,10.0794572,15,1,14,"DE","Kiel/KielRegion (SprottenFlotte)","Donkey Republic","2026-08-28 00:23:09"
"24403","Hafen Laboe",54.4033599,10.2196891,30,14,15,"DE","Kiel/KielRegion (SprottenFlotte)","Donkey Republic","2026-08-28 00:23:09"
"24452","ZOB Rendsburg",54.303083,9.668583,20,3,17,"DE","Kiel/KielRegion (SprottenFlotte)","Donkey Republic","2026-08-28 00:23:09"
"35156","Melanchthonstraße",54.3128417,10.1197637,20,1,19,"DE","Kiel/KielRegion (SprottenFlotte)","Donkey Republic","2026-08-28 00:23:09"
"34817","Lindenstraße",54.2279082,10.2707972,20,0,20,"DE","Kiel/KielRegion (SprottenFlotte)","Donkey Republic","2026-08-28 00:23:09"
"31883","Metzstraße",54.3255159,10.116875,20,3,16,"DE","Kiel/KielRegion (SprottenFlotte)","Donkey Republic","2026-08-28 00:23:09"
"24408","thyssenkrupp Marine Systems bis 15.7.",54.316436,10.15131,30,12,17,"DE","Kiel/KielRegion (SprottenFlotte)","Donkey Republic","2026-08-28 00:23:09"
"24458","Bahnhof Plön",54.159571,10.4221476,30,1,29,"DE","Kiel/KielRegion (SprottenFlotte)","Donkey Republic","2026-08-28 00:23:09"
"24426","WFG Rendsburg",54.296658,9.6637986,15,1,14,"DE","Kiel/KielRegion (SprottenFlotte)","Donkey Republic","2026-08-28 00:23:09"
"27374","Osterby",54.4533849,9.7539694,15,7,7,"DE","Kiel/KielRegion (SprottenFlotte)","Donkey Republic","2026-08-28 00:23:09"
"24446","Wakendorf",54.250817,10.295331,20,9,11,"DE","Kiel/KielRegion (SprottenFlotte)","Donkey Republic","2026-08-28 00:23:09"
"24434","Parkplatz Südstrand",54.4508154,9.8553807,40,14,26,"DE","Kiel/KielRegion (SprottenFlotte)","Donkey Republic","2026-08-28 00:23:09"
"27444","Probsteierhagen Friedhof",54.3641613,10.2939504,15,6,9,"DE","Kiel/KielRegion (SprottenFlotte)","Donkey Republic","2026-08-28 00:23:09"
"26209","Kanalfähre Holtenau",54.3687939,10.1339529,20,2,18,"DE","Kiel/KielRegion (SprottenFlotte)","Donkey Republic","2026-08-28 00:23:09"
"24472","Ascheberger Parkplatz",54.152798,10.404486,20,5,14,"DE","Kiel/KielRegion (SprottenFlotte)","Donkey Republic","2026-08-28 00:23:09"
"31879","Punker GmbH",54.4530079,9.8325897,15,1,13,"DE","Kiel/KielRegion (SprottenFlotte)","Donkey Republic","2026-08-28 00:23:09"
"27567","Lutterbek",54.3923026,10.2761645,15,1,14,"DE","Kiel/KielRegion (SprottenFlotte)","Donkey Republic","2026-08-28 00:23:09"
"24441","Meimersdorf Kontor",54.283892,10.131535,15,0,15,"DE","Kiel/KielRegion (SprottenFlotte)","Donkey Republic","2026-08-28 00:23:09"
"24455","Paradeplatz",54.3003927,9.6655655,30,1,29,"DE","Kiel/KielRegion (SprottenFlotte)","Donkey Republic","2026-08-28 00:23:09"
"24443","Preetz, Kieler Str ",54.2448896,10.2770364,25,7,18,"DE","Kiel/KielRegion (SprottenFlotte)","Donkey Republic","2026-08-28 00:23:09"
"31888","Osterby, Dorfgemeinschaftshaus",54.4513325,9.7497275,20,2,18,"DE","Kiel/KielRegion (SprottenFlotte)","Donkey Republic","2026-08-28 00:23:09"
"29663","GTZ Raisdorf",54.2914887,10.2264654,15,0,15,"DE","Kiel/KielRegion (SprottenFlotte)","Donkey Republic","2026-08-28 00:23:09"
"24438","Förde Sparkasse Preetz",54.2358998,10.2809246,20,7,13,"DE","Kiel/KielRegion (SprottenFlotte)","Donkey Republic","2026-08-28 00:23:09"
"29346","Wilhelmstrasse",54.3157543,9.6807304,15,5,10,"DE","Kiel/KielRegion (SprottenFlotte)","Donkey Republic","2026-08-28 00:23:09"
"32285","Gorch-Fock-Straße",54.3199266,9.6794868,10,2,8,"DE","Kiel/KielRegion (SprottenFlotte)","Donkey Republic","2026-08-28 00:23:09"
"31587","Lotsenhaus (Opt. Station)",54.4021434,10.2178414,5,2,3,"DE","Kiel/KielRegion (SprottenFlotte)","Donkey Republic","2026-08-28 00:23:09"
"24427","Bahnhof Eckernförde",54.46828,9.83553,40,5,34,"DE","Kiel/KielRegion (SprottenFlotte)","Donkey Republic","2026-08-28 00:23:09"
"24392","Andreas-Gayk-Strasse",54.318269,10.1340143,30,11,19,"DE","Kiel/KielRegion (SprottenFlotte)","Donkey Republic","2026-08-28 00:23:09"
"27379","Owschlag Schule",54.392636,9.5982008,15,6,9,"DE","Kiel/KielRegion (SprottenFlotte)","Donkey Republic","2026-08-28 00:23:09"
"27451","Schönberg Eichkamp (max. Anz. 5, bis Ende Bau",54.3871441,10.3806112,5,12,0,"DE","Kiel/KielRegion (SprottenFlotte)","Donkey Republic","2026-08-28 00:23:09"
"24406","Bahnhof Oppendorf",54.326055,10.207911,25,5,19,"DE","Kiel/KielRegion (SprottenFlotte)","Donkey Republic","2026-08-28 00:23:09"
"24415","KVG Betriebshof Diedrichstrasse",54.302799,10.136963,20,23,0,"DE","Kiel/KielRegion (SprottenFlotte)","Donkey Republic","2026-08-28 00:23:09"
"30023","Freibad Raisdorf (April - Oktober)",54.2859985,10.2460814,15,2,13,"DE","Kiel/KielRegion (SprottenFlotte)","Donkey Republic","2026-08-28 00:23:09"
"24407","Rathaus Altenholz",54.386203,10.136875,20,1,18,"DE","Kiel/KielRegion (SprottenFlotte)","Donkey Republic","2026-08-28 00:23:09"
"24375","Hörnbad",54.308643,10.135253,30,1,29,"DE","Kiel/KielRegion (SprottenFlotte)","Donkey Republic","2026-08-28 00:23:09"
"30024","Bahnhof Raisdorf",54.2811376,10.2430089,15,1,13,"DE","Kiel/KielRegion (SprottenFlotte)","Donkey Republic","2026-08-28 00:23:09"
"24431","Hafen Eckernförde",54.47477,9.83861,30,9,21,"DE","Kiel/KielRegion (SprottenFlotte)","Donkey Republic","2026-08-28 00:23:09"
"24469","Seefischmarkt",54.32842,10.17724,20,3,16,"DE","Kiel/KielRegion (SprottenFlotte)","Donkey Republic","2026-08-28 00:23:09"
"27445","Stein Dorfring",54.4165517,10.26938,15,4,10,"DE","Kiel/KielRegion (SprottenFlotte)","Donkey Republic","2026-08-28 00:23:09"
"27380","Owschlag ZOB",54.3931,9.5909652,15,2,13,"DE","Kiel/KielRegion (SprottenFlotte)","Donkey Republic","2026-08-28 00:23:09"
"24440","Förde Sparkasse Teplitzer Allee",54.2920407,10.1872627,20,0,20,"DE","Kiel/KielRegion (SprottenFlotte)","Donkey Republic","2026-08-28 00:23:09"
"24460","Bystedtredder",54.4814,9.82645,20,2,18,"DE","Kiel/KielRegion (SprottenFlotte)","Donkey Republic","2026-08-28 00:23:09"
"24379","RBZ Wirtschaft",54.340743,10.126604,30,0,30,"DE","Kiel/KielRegion (SprottenFlotte)","Donkey Republic","2026-08-28 00:23:09"
"24377","Kronshagen Rathaus",54.3321711,10.0848927,25,0,25,"DE","Kiel/KielRegion (SprottenFlotte)","Donkey Republic","2026-08-28 00:23:09"
"24396","Rathaus Waisenhofstrasse",54.321722,10.132444,25,0,24,"DE","Kiel/KielRegion (SprottenFlotte)","Donkey Republic","2026-08-28 00:23:09"
"24418","Stolbergring",54.4619598,9.826322,15,1,14,"DE","Kiel/KielRegion (SprottenFlotte)","Donkey Republic","2026-08-28 00:23:09"
"36710","BBZ NOK",54.2994172,9.6697578,15,0,15,"DE","Kiel/KielRegion (SprottenFlotte)","Donkey Republic","2026-08-28 00:23:09"
"29347","Hollerstrasse Nord",54.3221105,9.6924828,15,11,4,"DE","Kiel/KielRegion (SprottenFlotte)","Donkey Republic","2026-08-28 00:23:09"
"24428","Busparkplatz Sauerstrasse / Schulzentrum Süd",54.44914,9.84185,25,3,21,"DE","Kiel/KielRegion (SprottenFlotte)","Donkey Republic","2026-08-28 00:23:09"
"27442","Krummbek - Bushaltestelle",54.3785432,10.3999272,15,3,12,"DE","Kiel/KielRegion (SprottenFlotte)","Donkey Republic","2026-08-28 00:23:09"
"26730","Schönberger Strand",54.4128166,10.4146652,30,9,21,"DE","Kiel/KielRegion (SprottenFlotte)","Donkey Republic","2026-08-28 00:23:09"
"24405","Marine-Ehrenmal",54.4119162,10.2287137,20,2,17,"DE","Kiel/KielRegion (SprottenFlotte)","Donkey Republic","2026-08-28 00:23:09"
"24417","Sophienhof",54.316629,10.129724,30,1,29,"DE","Kiel/KielRegion (SprottenFlotte)","Donkey Republic","2026-08-28 00:23:09"
"31635","Nordkolleg Rendsburg ",54.2891546,9.6460424,30,0,30,"DE","Kiel/KielRegion (SprottenFlotte)","Donkey Republic","2026-08-28 00:23:09"
"24402","Stadtteilzentrum Pries",54.395459,10.173146,21,2,18,"DE","Kiel/KielRegion (SprottenFlotte)","Donkey Republic","2026-08-28 00:23:09"
"24451","Bahnhof Preetz",54.2336954,10.276274,30,2,28,"DE","Kiel/KielRegion (SprottenFlotte)","Donkey Republic","2026-08-28 00:23:09"
"24474","Russeer Weg / Hofholzallee",54.317015,10.066768,20,8,12,"DE","Kiel/KielRegion (SprottenFlotte)","Donkey Republic","2026-08-28 00:23:09"
"31758","Helgolandstraße",54.303617,10.1121392,20,5,15,"DE","Kiel/KielRegion (SprottenFlotte)","Donkey Republic","2026-08-28 00:23:09"
"24479","Klinik Preetz",54.23905,10.27956,12,1,11,"DE","Kiel/KielRegion (SprottenFlotte)","Donkey Republic","2026-08-28 00:23:09"
"27376","Owschlag Alter Blöcken",54.3983663,9.575117,15,2,13,"DE","Kiel/KielRegion (SprottenFlotte)","Donkey Republic","2026-08-28 00:23:09"
"30434","Felde Gemeindezentrum",54.2995516,9.9338166,18,6,12,"DE","Kiel/KielRegion (SprottenFlotte)","Donkey Republic","2026-08-28 00:23:09"
"24457","Studiale",54.3378795,10.1244324,16,1,16,"DE","Kiel/KielRegion (SprottenFlotte)","Donkey Republic","2026-08-28 00:23:09"
"29200","REWE digital am Wissenschaftszentrum",54.341647,10.1222534,25,0,25,"DE","Kiel/KielRegion (SprottenFlotte)","Donkey Republic","2026-08-28 00:23:09"
"24435","Wulfsteert",54.45558,9.83387,20,0,20,"DE","Kiel/KielRegion (SprottenFlotte)","Donkey Republic","2026-08-28 00:23:09"
"27382","Brekendorf Markttreff",54.4212417,9.6284889,15,6,9,"DE","Kiel/KielRegion (SprottenFlotte)","Donkey Republic","2026-08-28 00:23:09"
"36736","Holstenbrücke",54.3213062,10.1377077,15,16,0,"DE","Kiel/KielRegion (SprottenFlotte)","Donkey Republic","2026-08-28 00:23:09"
"24450","Schulen am Langsee",54.307029,10.157109,25,1,25,"DE","Kiel/KielRegion (SprottenFlotte)","Donkey Republic","2026-08-28 00:23:09"
"24416","Rungholtplatz",54.361297,10.076831,30,3,27,"DE","Kiel/KielRegion (SprottenFlotte)","Donkey Republic","2026-08-28 00:23:09"
"24476","Kurt-Schumacher-Platz",54.322339,10.0536245,20,3,17,"DE","Kiel/KielRegion (SprottenFlotte)","Donkey Republic","2026-08-28 00:23:09"
"27441","Fiefbergen - Bushaltestelle",54.3790802,10.3430016,15,4,11,"DE","Kiel/KielRegion (SprottenFlotte)","Donkey Republic","2026-08-28 00:23:09"
"24384","CAU Universitätsbibliothek",54.346612,10.112408,25,0,25,"DE","Kiel/KielRegion (SprottenFlotte)","Donkey Republic","2026-08-28 00:23:09"
"24470","Fegetasche",54.153741,10.449131,20,10,9,"DE","Kiel/KielRegion (SprottenFlotte)","Donkey Republic","2026-08-28 00:23:09"
"24420","Kreishaus Rendsburg",54.2978535,9.6700294,15,0,15,"DE","Kiel/KielRegion (SprottenFlotte)","Donkey Republic","2026-08-28 00:23:09"
"30147","Schulensee Eiderbrücke",54.2897063,10.0900422,15,2,13,"DE","Kiel/KielRegion (SprottenFlotte)","Donkey Republic","2026-08-28 00:23:09"
"24388","Schönkirchen Gemeindehaus",54.339056,10.223028,25,1,24,"DE","Kiel/KielRegion (SprottenFlotte)","Donkey Republic","2026-08-28 00:23:09"
"24466","Sandkrug",54.31634,10.14607,15,1,14,"DE","Kiel/KielRegion (SprottenFlotte)","Donkey Republic","2026-08-28 00:23:09"
"24453","Kronshagen Bahnhof",54.331388,10.083113,25,0,25,"DE","Kiel/KielRegion (SprottenFlotte)","Donkey Republic","2026-08-28 00:23:09"
"24468","Catharinenberg",54.2644031,10.0656004,20,6,14,"DE","Kiel/KielRegion (SprottenFlotte)","Donkey Republic","2026-08-28 00:23:09"
"31192","Breitenauschule",54.1572713,10.4391669,20,0,19,"DE","Kiel/KielRegion (SprottenFlotte)","Donkey Republic","2026-08-28 00:23:09"
"24395","Wellingdorf Stadtteilzentrum",54.326139,10.183028,18,5,13,"DE","Kiel/KielRegion (SprottenFlotte)","Donkey Republic","2026-08-28 00:23:09"
"29109","Felde Bahnhof ",54.309801,9.9466436,15,1,13,"DE","Kiel/KielRegion (SprottenFlotte)","Donkey Republic","2026-08-28 00:23:09"
"24433","Langebrückstrasse / Commerzbank ",54.47254,9.8363,25,9,16,"DE","Kiel/KielRegion (SprottenFlotte)","Donkey Republic","2026-08-28 00:23:09"
"24432","Kurpark",54.46292,9.84079,25,1,24,"DE","Kiel/KielRegion (SprottenFlotte)","Donkey Republic","2026-08-28 00:23:09"
"24419","ADAC-Station",54.312104,10.110267,25,2,22,"DE","Kiel/KielRegion (SprottenFlotte)","Donkey Republic","2026-08-28 00:23:09"
"24387","Mönkeberg Anleger",54.3514446,10.1784451,25,7,19,"DE","Kiel/KielRegion (SprottenFlotte)","Donkey Republic","2026-08-28 00:23:09"
"24437","Markt Plön",54.1582828,10.4177364,20,1,19,"DE","Kiel/KielRegion (SprottenFlotte)","Donkey Republic","2026-08-28 00:23:09"
"24399","Exerzierplatz",54.321583,10.128389,31,0,31,"DE","Kiel/KielRegion (SprottenFlotte)","Donkey Republic","2026-08-28 00:23:09"
"24447","Bahnhalt Ellerbek",54.313927,10.169784,20,2,15,"DE","Kiel/KielRegion (SprottenFlotte)","Donkey Republic","2026-08-28 00:23:09"
"24425","Schiffbrückenplatz",54.304861,9.661167,20,2,18,"DE","Kiel/KielRegion (SprottenFlotte)","Donkey Republic","2026-08-28 00:23:09"
"31584","Gemeindeverwaltung Laboe (Opt. Station)",54.4054757,10.2200629,5,0,5,"DE","Kiel/KielRegion (SprottenFlotte)","Donkey Republic","2026-08-28 00:23:09"
"24400","Anleger Friedrichsort",54.390373,10.177173,30,1,29,"DE","Kiel/KielRegion (SprottenFlotte)","Donkey Republic","2026-08-28 00:23:09"
"24456","Lilienstrasse / Krankenhaus ",54.296248,9.65776,25,0,25,"DE","Kiel/KielRegion (SprottenFlotte)","Donkey Republic","2026-08-28 00:23:09"
"24454","Freilichtmuseum Molfsee",54.274827,10.074943,10,1,9,"DE","Kiel/KielRegion (SprottenFlotte)","Donkey Republic","2026-08-28 00:23:09"
"24459","Wentorper Platz",54.1578578,10.4129151,15,5,10,"DE","Kiel/KielRegion (SprottenFlotte)","Donkey Republic","2026-08-28 00:23:09"
"27183","Schilksee Olympiazentrum",54.4254534,10.1682239,30,8,22,"DE","Kiel/KielRegion (SprottenFlotte)","Donkey Republic","2026-08-28 00:23:09"
"24378","Muthesius Kunsthochschule",54.327389,10.128333,20,2,18,"DE","Kiel/KielRegion (SprottenFlotte)","Donkey Republic","2026-08-28 00:23:09"
"24367","Anleger Dietrichsdorf",54.329611,10.178556,30,7,22,"DE","Kiel/KielRegion (SprottenFlotte)","Donkey Republic","2026-08-28 00:23:09"
"29964","Langer Rehm P+R",54.3391019,10.1901603,10,2,8,"DE","Kiel/KielRegion (SprottenFlotte)","Donkey Republic","2026-08-28 00:23:09"
"24444","Kührener Strasse",54.224444,10.275525,25,3,22,"DE","Kiel/KielRegion (SprottenFlotte)","Donkey Republic","2026-08-28 00:23:09"
"24410","Bunsenstrasse",54.27697,10.158649,20,6,14,"DE","Kiel/KielRegion (SprottenFlotte)","Donkey Republic","2026-08-28 00:23:09"
"27381","Am Dörpshus Borgstedt",54.3316706,9.7088198,20,7,13,"DE","Kiel/KielRegion (SprottenFlotte)","Donkey Republic","2026-08-28 00:23:09"
"24368","Umsteiger",54.314861,10.131167,22,5,16,"DE","Kiel/KielRegion (SprottenFlotte)","Donkey Republic","2026-08-28 00:23:09"
"24439","Förde Sparkasse Fockbek",54.3077561,9.605646,20,10,10,"DE","Kiel/KielRegion (SprottenFlotte)","Donkey Republic","2026-08-28 00:23:09"
"24390","CITTI-PARK",54.311667,10.099722,30,0,30,"DE","Kiel/KielRegion (SprottenFlotte)","Donkey Republic","2026-08-28 00:23:09"
"24449","Bebelplatz",54.294629,10.185079,20,1,19,"DE","Kiel/KielRegion (SprottenFlotte)","Donkey Republic","2026-08-28 00:23:09"
"24413","Bernhard-Minetti-Platz",54.337864,10.133126,20,0,19,"DE","Kiel/KielRegion (SprottenFlotte)","Donkey Republic","2026-08-28 00:23:09"
"32085","Kaiserstrasse",54.3152775,10.1532726,15,11,4,"DE","Kiel/KielRegion (SprottenFlotte)","Donkey Republic","2026-08-28 00:23:09"
"24380","Vinetaplatz",54.311417,10.146972,16,5,11,"DE","Kiel/KielRegion (SprottenFlotte)","Donkey Republic","2026-08-28 00:23:09"
"30151","Eiche Dänischenhagen",54.4246632,10.1278724,15,3,12,"DE","Kiel/KielRegion (SprottenFlotte)","Donkey Republic","2026-08-28 00:23:09"
"24445","Schwimmhalle Preetz",54.241235,10.265307,15,1,15,"DE","Kiel/KielRegion (SprottenFlotte)","Donkey Republic","2026-08-28 00:23:09"
"29963","Langer Rehm (Rewe)",54.3366433,10.1897436,10,0,10,"DE","Kiel/KielRegion (SprottenFlotte)","Donkey Republic","2026-08-28 00:23:09"
"24414","Kuhlacker",54.285725,10.143565,20,5,15,"DE","Kiel/KielRegion (SprottenFlotte)","Donkey Republic","2026-08-28 00:23:09"
"30145","Rondeel",54.3085323,10.1250477,15,3,12,"DE","Kiel/KielRegion (SprottenFlotte)","Donkey Republic","2026-08-28 00:23:09"
"24391","Blücherplatz",54.341722,10.136861,30,6,23,"DE","Kiel/KielRegion (SprottenFlotte)","Donkey Republic","2026-08-28 00:23:09"
"27377","Owschlag Haltestelle Muusfall",54.399319,9.5816006,15,2,13,"DE","Kiel/KielRegion (SprottenFlotte)","Donkey Republic","2026-08-28 00:23:09"
"24465","UKSH",54.329415,10.14013,25,1,25,"DE","Kiel/KielRegion (SprottenFlotte)","Donkey Republic","2026-08-28 00:23:09"
"24412","MEKUN Olympiahochhaus",54.3552685,10.131253,30,12,18,"DE","Kiel/KielRegion (SprottenFlotte)","Donkey Republic","2026-08-28 00:23:09"
"24462","Förde Sparkasse Sehestedter Strasse",54.4601359,9.8379951,20,3,17,"DE","Kiel/KielRegion (SprottenFlotte)","Donkey Republic","2026-08-28 00:23:09"
"26224"," Wik, Kanalfähre - Busstation",54.3655075,10.1315889,20,14,5,"DE","Kiel/KielRegion (SprottenFlotte)","Donkey Republic","2026-08-28 00:23:09"
"26725","Kalifornien ",54.4252815,10.3749333,25,6,19,"DE","Kiel/KielRegion (SprottenFlotte)","Donkey Republic","2026-08-28 00:23:09"
"24373","Christian-Albrechts-Platz",54.3392217,10.1231946,30,0,30,"DE","Kiel/KielRegion (SprottenFlotte)","Donkey Republic","2026-08-28 00:23:09"
"27378","Owschlag Flachsberg",54.3912639,9.6021007,15,3,12,"DE","Kiel/KielRegion (SprottenFlotte)","Donkey Republic","2026-08-28 00:23:09"
"32384","Lunaplatz (Testlauf)",54.3262585,10.1862755,8,8,0,"DE","Kiel/KielRegion (SprottenFlotte)","Donkey Republic","2026-08-28 00:23:09"
"34970","Lehmkaten - Altenholz",54.4111841,10.1265889,16,5,11,"DE","Kiel/KielRegion (SprottenFlotte)","Donkey Republic","2026-08-28 00:23:09"
"32553","Schulzentrum Kronshagen",54.3404697,10.0810497,15,4,11,"DE","Kiel/KielRegion (SprottenFlotte)","Donkey Republic","2026-08-28 00:23:09"
"30146","Herzog-Friedrich-Strasse (ZOB)",54.3171137,10.1330993,25,17,8,"DE","Kiel/KielRegion (SprottenFlotte)","Donkey Republic","2026-08-28 00:23:09"
"30925","Blücherbrücke",54.3382341,10.1570662,25,0,24,"DE","Kiel/KielRegion (SprottenFlotte)","Donkey Republic","2026-08-28 00:23:09"
"24371","Anleger Reventlou",54.3338028,10.1520894,50,0,47,"DE","Kiel/KielRegion (SprottenFlotte)","Donkey Republic","2026-08-28 00:23:09"
"24471","Krausstrasse",54.333677,10.122391,25,0,25,"DE","Kiel/KielRegion (SprottenFlotte)","Donkey Republic","2026-08-28 00:23:09"
"30121","TÖZ Eckernförde ",54.4455863,9.832705,20,0,20,"DE","Kiel/KielRegion (SprottenFlotte)","Donkey Republic","2026-08-28 00:23:09"
"30515","Alte Lübecker Chaussee",54.3045643,10.1254699,15,13,3,"DE","Kiel/KielRegion (SprottenFlotte)","Donkey Republic","2026-08-28 00:23:09"
"24478","Kreisverwaltung Plön",54.1557237,10.4079486,25,8,17,"DE","Kiel/KielRegion (SprottenFlotte)","Donkey Republic","2026-08-28 00:23:09"
"26889","Wilhelmplatz",54.3227337,10.1212382,30,8,21,"DE","Kiel/KielRegion (SprottenFlotte)","Donkey Republic","2026-08-28 00:23:09"
"31567","Wendtorf Bottsand",54.4266219,10.2957743,20,2,17,"DE","Kiel/KielRegion (SprottenFlotte)","Donkey Republic","2026-08-28 00:23:09"
"24370","Alter Markt",54.3230025,10.1395802,15,13,1,"DE","Kiel/KielRegion (SprottenFlotte)","Donkey Republic","2026-08-28 00:23:09"
"27717","Gemeinschaftsschule Preetz",54.224604,10.2809252,20,7,13,"DE","Kiel/KielRegion (SprottenFlotte)","Donkey Republic","2026-08-28 00:23:09"
"24436","Förde Sparkasse Lorentzendamm",54.3259625,10.1343185,20,3,17,"DE","Kiel/KielRegion (SprottenFlotte)","Donkey Republic","2026-08-28 00:23:09"
"26724","Bahnhof Schönberg",54.3870037,10.3740043,20,2,18,"DE","Kiel/KielRegion (SprottenFlotte)","Donkey Republic","2026-08-28 00:23:09"
"24386","Fähranleger Möltenort",54.375655,10.1947797,15,10,4,"DE","Kiel/KielRegion (SprottenFlotte)","Donkey Republic","2026-08-28 00:23:09"
"30924","Anleger Bellevue",54.3443118,10.1547354,20,6,12,"DE","Kiel/KielRegion (SprottenFlotte)","Donkey Republic","2026-08-28 00:23:09"
"24409","Braunstrasse",54.280427,10.1456,20,1,20,"DE","Kiel/KielRegion (SprottenFlotte)","Donkey Republic","2026-08-28 00:23:09"
"24442","Rathaus Heikendorf",54.370727,10.205576,20,1,19,"DE","Kiel/KielRegion (SprottenFlotte)","Donkey Republic","2026-08-28 00:23:09"
"27449","Wisch Heidkate",54.4338561,10.3192379,30,3,25,"DE","Kiel/KielRegion (SprottenFlotte)","Donkey Republic","2026-08-28 00:23:09"
"24376","Kirchhofallee",54.316194,10.120583,20,2,17,"DE","Kiel/KielRegion (SprottenFlotte)","Donkey Republic","2026-08-28 00:23:09"
"24481","Kieler Innovations- und Technologiezentrum",54.334639,10.119389,20,0,20,"DE","Kiel/KielRegion (SprottenFlotte)","Donkey Republic","2026-08-28 00:23:09"
"24385","Dreiecksplatz",54.328528,10.134417,20,1,18,"DE","Kiel/KielRegion (SprottenFlotte)","Donkey Republic","2026-08-28 00:23:09"
"29049","Falkemedia",54.3393023,10.2152081,15,6,8,"DE","Kiel/KielRegion (SprottenFlotte)","Donkey Republic","2026-08-28 00:23:09"
"27447","Wendtorf Edeka",54.4119117,10.2858847,20,1,19,"DE","Kiel/KielRegion (SprottenFlotte)","Donkey Republic","2026-08-28 00:23:09"
"24372","Bahnhof Suchsdorf",54.3498224,10.0909467,20,0,20,"DE","Kiel/KielRegion (SprottenFlotte)","Donkey Republic","2026-08-28 00:23:09"
"31586","Hafenplatz (Opt. Station)",54.4038794,10.2182377,4,0,4,"DE","Kiel/KielRegion (SprottenFlotte)","Donkey Republic","2026-08-28 00:23:09"
"24421","Bahnhof Rendsburg",54.3020355,9.6704659,25,18,7,"DE","Kiel/KielRegion (SprottenFlotte)","Donkey Republic","2026-08-28 00:23:09"
"29946","Wörthstrasse",54.3237645,10.1186942,10,3,8,"DE","Kiel/KielRegion (SprottenFlotte)","Donkey Republic","2026-08-28 00:23:09"
"29965","B502 Schönkirchener Strasse ",54.3296577,10.1961943,10,0,10,"DE","Kiel/KielRegion (SprottenFlotte)","Donkey Republic","2026-08-28 00:23:09"
"32383","Gabelsberger Straße (Testlauf)",54.3257994,10.1832855,6,6,0,"DE","Kiel/KielRegion (SprottenFlotte)","Donkey Republic","2026-08-28 00:23:09"
"24411","Grot Steenbusch",54.2832,10.130672,20,2,18,"DE","Kiel/KielRegion (SprottenFlotte)","Donkey Republic","2026-08-28 00:23:09"
"27452","Lamp'sche Koppel",54.3950333,10.3791447,15,2,13,"DE","Kiel/KielRegion (SprottenFlotte)","Donkey Republic","2026-08-28 00:23:09"
"28738","Prasdorf",54.3789641,10.2953421,22,5,17,"DE","Kiel/KielRegion (SprottenFlotte)","Donkey Republic","2026-08-28 00:23:09"
"29345","Rathaus Büdelsdorf",54.3159434,9.6705883,15,3,12,"DE","Kiel/KielRegion (SprottenFlotte)","Donkey Republic","2026-08-28 00:23:09"
"24464","Brandenburger Platz",54.243031,10.2738623,20,5,15,"DE","Kiel/KielRegion (SprottenFlotte)","Donkey Republic","2026-08-28 00:23:09"
"24394","KiTa Fusssteigkoppel",54.342126,10.090524,20,4,17,"DE","Kiel/KielRegion (SprottenFlotte)","Donkey Republic","2026-08-28 00:23:09"
"33337","Schönkirchen Bahnhof",54.3325327,10.2278735,10,0,10,"DE","Kiel/KielRegion (SprottenFlotte)","Donkey Republic","2026-08-28 00:23:09"
"24404","Bullbrücke",54.3974944,10.2332235,20,6,14,"DE","Kiel/KielRegion (SprottenFlotte)","Donkey Republic","2026-08-28 00:23:09"
"24473","Aalborgring",54.316404,10.048583,25,1,24,"DE","Kiel/KielRegion (SprottenFlotte)","Donkey Republic","2026-08-28 00:23:09"
"24461","Prinzenstrasse",54.480989,9.8510949,16,4,12,"DE","Kiel/KielRegion (SprottenFlotte)","Donkey Republic","2026-08-28 00:23:09"
"24448","Bahnhof Russee",54.309867,10.06956,15,0,15,"DE","Kiel/KielRegion (SprottenFlotte)","Donkey Republic","2026-08-28 00:23:09"
"31501","Katzheide",54.3100193,10.1561757,25,4,21,"DE","Kiel/KielRegion (SprottenFlotte)","Donkey Republic","2026-08-28 00:23:09"
"29112","Felde Dorfplatz",54.3038568,9.93739,15,1,14,"DE","Kiel/KielRegion (SprottenFlotte)","Donkey Republic","2026-08-28 00:23:09"
"24467","Zur Fähre",54.3161861,10.1428896,20,1,19,"DE","Kiel/KielRegion (SprottenFlotte)","Donkey Republic","2026-08-28 00:23:09"
"30156","Hohes Arsenal",54.3007904,9.6622365,15,0,15,"DE","Kiel/KielRegion (SprottenFlotte)","Donkey Republic","2026-08-28 00:23:09"
"30025","Stadtwerke / Bürgerhaus Klausdorf",54.3033719,10.2156178,15,15,0,"DE","Kiel/KielRegion (SprottenFlotte)","Donkey Republic","2026-08-28 00:23:09"
"28264","Freudenholm",54.2168572,10.3126721,20,14,6,"DE","Kiel/KielRegion (SprottenFlotte)","Donkey Republic","2026-08-28 00:23:09"
"24482","Markt Preetz",54.2343397,10.2815033,15,5,10,"DE","Kiel/KielRegion (SprottenFlotte)","Donkey Republic","2026-08-28 00:23:09"
"28449","Robert-Enke-Strasse",52.3619186,9.731808,5,0,5,"DE","Hannover (Donkey Republic)","Donkey Republic","2026-08-28 00:23:09"
"29743","Allerweg/Ritter-Brüning-Strasse",52.3620376,9.721173,4,5,0,"DE","Hannover (Donkey Republic)","Donkey Republic","2026-08-28 00:23:09"
"29029","Tiestestrasse",52.3663508,9.7618425,4,4,1,"DE","Hannover (Donkey Republic)","Donkey Republic","2026-08-28 00:23:09"
"29190","Davenstedter /Woermannstrasse",52.3648251,9.6697843,3,2,1,"DE","Hannover (Donkey Republic)","Donkey Republic","2026-08-28 00:23:09"
"30574","Deisterstrasse",52.3643469,9.7178635,3,1,2,"DE","Hannover (Donkey Republic)","Donkey Republic","2026-08-28 00:23:09"
"28964","Lavesallee",52.3684927,9.7301014,8,0,8,"DE","Hannover (Donkey Republic)","Donkey Republic","2026-08-28 00:23:09"
"28432","Herrenhäuser Kirchweg",52.3908168,9.7057785,5,0,5,"DE","Hannover (Donkey Republic)","Donkey Republic","2026-08-28 00:23:09"
"28314","Eleonorenstrasse 18",52.3678189,9.7158591,10,1,10,"DE","Hannover (Donkey Republic)","Donkey Republic","2026-08-28 00:23:09"
"28404","Zoo",52.3820656,9.7672148,5,3,2,"DE","Hannover (Donkey Republic)","Donkey Republic","2026-08-28 00:23:09"
"29022","Strandbad Maschsee",52.3442864,9.7550471,25,27,0,"DE","Hannover (Donkey Republic)","Donkey Republic","2026-08-28 00:23:09"
"29005","Zimmermannstrasse",52.3745262,9.6905355,6,2,5,"DE","Hannover (Donkey Republic)","Donkey Republic","2026-08-28 00:23:09"
"32031","Neues Rathaus Hannover",52.3675163,9.7381234,8,0,8,"DE","Hannover (Donkey Republic)","Donkey Republic","2026-08-28 00:23:09"
"28977","Rudolf-von-Bennigsen-Ufer",52.3552153,9.7453014,3,0,3,"DE","Hannover (Donkey Republic)","Donkey Republic","2026-08-28 00:23:09"
"28421","Schwarzer Bär",52.3680446,9.7194755,10,8,2,"DE","Hannover (Donkey Republic)","Donkey Republic","2026-08-28 00:23:09"
"28336","Hauptbahnhof N2",52.375805,9.7411864,24,6,18,"DE","Hannover (Donkey Republic)","Donkey Republic","2026-08-28 00:23:09"
"29043","Bernhard-Caspar-Strasse",52.3661956,9.6990747,4,1,3,"DE","Hannover (Donkey Republic)","Donkey Republic","2026-08-28 00:23:09"
"29000","Wunstorfer Strasse",52.3778558,9.6893343,2,2,1,"DE","Hannover (Donkey Republic)","Donkey Republic","2026-08-28 00:23:09"
"28388","U Glocksee",52.3739414,9.7188959,10,2,8,"DE","Hannover (Donkey Republic)","Donkey Republic","2026-08-28 00:23:09"
"30961","Hub: Steintorstrasse",52.3757927,9.7330766,8,0,8,"DE","Hannover (Donkey Republic)","Donkey Republic","2026-08-28 00:23:09"
"32021","Station46",52.379023,9.7411676,8,0,8,"DE","Hannover (Donkey Republic)","Donkey Republic","2026-08-28 00:23:09"
"29014","Alte Döhrener Str",52.3585255,9.7481333,6,3,3,"DE","Hannover (Donkey Republic)","Donkey Republic","2026-08-28 00:23:09"
"32009","Station34",52.3785301,9.7297549,8,0,7,"DE","Hannover (Donkey Republic)","Donkey Republic","2026-08-28 00:23:09"
"28701","Lavesplatz",52.3730306,9.7495912,6,6,1,"DE","Hannover (Donkey Republic)","Donkey Republic","2026-08-28 00:23:09"
"28976","Glocksee",52.3717435,9.7192139,6,0,6,"DE","Hannover (Donkey Republic)","Donkey Republic","2026-08-28 00:23:09"
"31601","LUH / TIB Naturwissenschaften",52.3818116,9.7195406,20,0,19,"DE","Hannover (Donkey Republic)","Donkey Republic","2026-08-28 00:23:09"
"28405","Hauptbahnhof Süd",52.376343,9.740046,24,1,23,"DE","Hannover (Donkey Republic)","Donkey Republic","2026-08-28 00:23:09"
"36827","Roderbruch U",52.3902584,9.8191905,5,3,1,"DE","Hannover (Donkey Republic)","Donkey Republic","2026-08-28 00:23:09"
"28398","LUH / Sportcampus - Lodyweg",52.3783134,9.7142436,20,0,20,"DE","Hannover (Donkey Republic)","Donkey Republic","2026-08-28 00:23:09"
"31600","LUH / Hauptmensa",52.3866776,9.7148528,20,1,20,"DE","Hannover (Donkey Republic)","Donkey Republic","2026-08-28 00:23:09"
"31999","Station24",52.3785499,9.7229994,8,0,8,"DE","Hannover (Donkey Republic)","Donkey Republic","2026-08-28 00:23:09"
"33317","Göttinger Ch",52.3492375,9.7172656,3,1,2,"DE","Hannover (Donkey Republic)","Donkey Republic","2026-08-28 00:23:09"
"28350","Lister Kirche",52.3952408,9.7467085,4,1,3,"DE","Hannover (Donkey Republic)","Donkey Republic","2026-08-28 00:23:09"
"30703","Dorotheenstrasse 48",52.3915571,9.685734,4,3,2,"DE","Hannover (Donkey Republic)","Donkey Republic","2026-08-28 00:23:09"
"28966","Maschseefest: Nordkurve",52.3623158,9.7329743,4,0,4,"DE","Hannover (Donkey Republic)","Donkey Republic","2026-08-28 00:23:09"
"30284","Constantinstrasse",52.401885,9.7686247,4,3,1,"DE","Hannover (Donkey Republic)","Donkey Republic","2026-08-28 00:23:09"
"28321","Fössestrasse 83",52.3695022,9.7029493,5,0,5,"DE","Hannover (Donkey Republic)","Donkey Republic","2026-08-28 00:23:09"
"28999","Wasserkunst",52.3818501,9.6925157,6,0,6,"DE","Hannover (Donkey Republic)","Donkey Republic","2026-08-28 00:23:09"
"29002","Schleuse",52.3783566,9.6804591,3,4,0,"DE","Hannover (Donkey Republic)","Donkey Republic","2026-08-28 00:23:09"
"36828","Bevenser Weg",52.3789723,9.8252578,4,1,4,"DE","Hannover (Donkey Republic)","Donkey Republic","2026-08-28 00:23:09"
"32012","Station37",52.3761555,9.7308591,8,0,8,"DE","Hannover (Donkey Republic)","Donkey Republic","2026-08-28 00:23:09"
"28323","Franz-Nause-Strasse 10",52.3755158,9.6942818,5,6,0,"DE","Hannover (Donkey Republic)","Donkey Republic","2026-08-28 00:23:09"
"30500","Welfenstrasse",52.3841634,9.7363322,4,4,1,"DE","Hannover (Donkey Republic)","Donkey Republic","2026-08-28 00:23:09"
"28418","Sedanstrasse/Lister Meile",52.383979,9.746272,10,8,2,"DE","Hannover (Donkey Republic)","Donkey Republic","2026-08-28 00:23:09"
"29038","Steintor",52.3767767,9.7342364,6,0,6,"DE","Hannover (Donkey Republic)","Donkey Republic","2026-08-28 00:23:09"
"28998","Am Moritzwinkel",52.3796749,9.7104571,6,1,6,"DE","Hannover (Donkey Republic)","Donkey Republic","2026-08-28 00:23:09"
"28730","Am Schützenplatz",52.3648858,9.730776,4,2,3,"DE","Hannover (Donkey Republic)","Donkey Republic","2026-08-28 00:23:09"
"28653","Nikolaistrasse",52.381901,9.7330095,6,2,5,"DE","Hannover (Donkey Republic)","Donkey Republic","2026-08-28 00:23:09"
"31991","Station16",52.3738639,9.7421523,8,0,8,"DE","Hannover (Donkey Republic)","Donkey Republic","2026-08-28 00:23:09"
"31346","Harenberger ",52.3669125,9.7317344,2,0,2,"DE","Hannover (Donkey Republic)","Donkey Republic","2026-08-28 00:23:09"
"28975","LUX",52.3682244,9.7207216,6,4,2,"DE","Hannover (Donkey Republic)","Donkey Republic","2026-08-28 00:23:09"
"33548","Gneisenaustr",52.3748885,9.7635181,2,2,1,"DE","Hannover (Donkey Republic)","Donkey Republic","2026-08-28 00:23:09"
"28423","Kopernikusstrasse 2",52.387132,9.723594,10,0,9,"DE","Hannover (Donkey Republic)","Donkey Republic","2026-08-28 00:23:09"
"28442","HsH Campus Ricklingen",52.3530615,9.7222253,10,9,1,"DE","Hannover (Donkey Republic)","Donkey Republic","2026-08-28 00:23:09"
"30927","Engelbosteler Damm ",52.3927153,9.7189148,3,1,3,"DE","Hannover (Donkey Republic)","Donkey Republic","2026-08-28 00:23:09"
"28446","Elisabeth-Müller-Platz",52.365798,9.755857,4,6,0,"DE","Hannover (Donkey Republic)","Donkey Republic","2026-08-28 00:23:09"
"30968","Hub: Fernoderstrasse",52.3757875,9.7421406,8,1,7,"DE","Hannover (Donkey Republic)","Donkey Republic","2026-08-28 00:23:09"
"28692","Wilhelm-Busch-Strasse",52.3801107,9.721665,6,0,6,"DE","Hannover (Donkey Republic)","Donkey Republic","2026-08-28 00:23:09"
"31813","Infopavillon temp",52.3907625,9.7017344,2,0,2,"DE","Hannover (Donkey Republic)","Donkey Republic","2026-08-28 00:23:09"
"28344","Augustenstrasse ",52.3777487,9.744518,7,0,7,"DE","Hannover (Donkey Republic)","Donkey Republic","2026-08-28 00:23:09"
"32618","Hub am hohen ufer",52.3738573,9.7297561,6,0,6,"DE","Hannover (Donkey Republic)","Donkey Republic","2026-08-28 00:23:09"
"28349","Lindener Schmuckplatz",52.372557,9.7055778,10,1,10,"DE","Hannover (Donkey Republic)","Donkey Republic","2026-08-28 00:23:09"
"28369","Rathauskontor",52.3685557,9.7378187,10,1,10,"DE","Hannover (Donkey Republic)","Donkey Republic","2026-08-28 00:23:09"
"28454","Fössestrasse 14",52.3709062,9.7111219,10,2,9,"DE","Hannover (Donkey Republic)","Donkey Republic","2026-08-28 00:23:09"
"28438","Moltkeplatz",52.3926314,9.7463798,2,12,0,"DE","Hannover (Donkey Republic)","Donkey Republic","2026-08-28 00:23:09"
"28316","Fachwerkhaus",52.3731153,9.7314946,10,0,10,"DE","Hannover (Donkey Republic)","Donkey Republic","2026-08-28 00:23:09"
"28981","Dornröschenbrücke",52.3778346,9.7091836,6,0,6,"DE","Hannover (Donkey Republic)","Donkey Republic","2026-08-28 00:23:09"
"36825","Silberstr. / Pinkenburgerstr.",52.3993647,9.8073326,3,1,2,"DE","Hannover (Donkey Republic)","Donkey Republic","2026-08-28 00:23:09"
"31987","Station12",52.3709607,9.7417146,8,0,8,"DE","Hannover (Donkey Republic)","Donkey Republic","2026-08-28 00:23:09"
"31967","Private Station: Hannover Rück",52.3925259,9.8027546,12,10,2,"DE","Hannover (Donkey Republic)","Donkey Republic","2026-08-28 00:23:09"
"29041","Wilhelm-Busch-Strasse 1",52.3792896,9.7215625,6,0,6,"DE","Hannover (Donkey Republic)","Donkey Republic","2026-08-28 00:23:09"
"28655","Nedderfeldstrasse",52.3753958,9.710438,6,0,5,"DE","Hannover (Donkey Republic)","Donkey Republic","2026-08-28 00:23:09"
"31980","Station5",52.3705899,9.7359907,8,0,8,"DE","Hannover (Donkey Republic)","Donkey Republic","2026-08-28 00:23:09"
"29036","Osterstrasse",52.3714208,9.7385818,6,0,6,"DE","Hannover (Donkey Republic)","Donkey Republic","2026-08-28 00:23:09"
"28297","Arnswaldtstrasse 1",52.3697588,9.7443674,10,0,10,"DE","Hannover (Donkey Republic)","Donkey Republic","2026-08-28 00:23:09"
"28665","Hotel One an der Oper",52.3716021,9.7406503,6,0,6,"DE","Hannover (Donkey Republic)","Donkey Republic","2026-08-28 00:23:09"
"31976","Station1",52.3685181,9.7311182,4,0,4,"DE","Hannover (Donkey Republic)","Donkey Republic","2026-08-28 00:23:09"
"32028","Lister Meile",52.3801462,9.7444558,8,0,8,"DE","Hannover (Donkey Republic)","Donkey Republic","2026-08-28 00:23:09"
"28414","Limburgpassage",52.3747444,9.7341114,10,0,10,"DE","Hannover (Donkey Republic)","Donkey Republic","2026-08-28 00:23:09"
"31230","Kopernikusstrasse / Weidendamm",52.3886875,9.7263281,4,1,4,"DE","Hannover (Donkey Republic)","Donkey Republic","2026-08-28 00:23:09"
"28962","Schützenplatz",52.3637859,9.7256828,6,0,6,"DE","Hannover (Donkey Republic)","Donkey Republic","2026-08-28 00:23:09"
"28410","LUH / Nienburger Strasse",52.3811452,9.7184435,15,0,16,"DE","Hannover (Donkey Republic)","Donkey Republic","2026-08-28 00:23:09"
"32008","Station33",52.3781337,9.730906,8,0,8,"DE","Hannover (Donkey Republic)","Donkey Republic","2026-08-28 00:23:09"
"30948","August-Madsack-Strasse",52.3506992,9.8040665,1,1,0,"DE","Hannover (Donkey Republic)","Donkey Republic","2026-08-28 00:23:09"
"29039","Lange Laube ",52.3763683,9.7299107,6,0,6,"DE","Hannover (Donkey Republic)","Donkey Republic","2026-08-28 00:23:09"
"30891","Ernst-August-Platz ",52.3754725,9.7412672,10,0,10,"DE","Hannover (Donkey Republic)","Donkey Republic","2026-08-28 00:23:09"
"29178","Am Lindener Hafen / Fösserstrasse",52.3673254,9.6931302,4,3,1,"DE","Hannover (Donkey Republic)","Donkey Republic","2026-08-28 00:23:09"
"28391","U Leinaustrasse",52.373457,9.7070048,10,0,10,"DE","Hannover (Donkey Republic)","Donkey Republic","2026-08-28 00:23:09"
"28670","Lavesallee",52.3682508,9.7284748,6,0,6,"DE","Hannover (Donkey Republic)","Donkey Republic","2026-08-28 00:23:09"
"31347","Hardenberger ",52.3669125,9.7317344,2,0,2,"DE","Hannover (Donkey Republic)","Donkey Republic","2026-08-28 00:23:09"
"28707","Eichenfeldstrasse",52.3554785,9.6711121,5,4,2,"DE","Hannover (Donkey Republic)","Donkey Republic","2026-08-28 00:23:09"
"32390","Hub Westufer",52.3601333,9.7354612,35,0,35,"DE","Hannover (Donkey Republic)","Donkey Republic","2026-08-28 00:23:09"
"28642","Stresemannallee",52.356994,9.7630873,6,2,4,"DE","Hannover (Donkey Republic)","Donkey Republic","2026-08-28 00:23:09"
"33230","Haltestelle Bussestraße",52.4028292,9.8014705,4,2,2,"DE","Hannover (Donkey Republic)","Donkey Republic","2026-08-28 00:23:09"
"28372","Hildesheimer Strasse",52.3658065,9.7458004,6,0,6,"DE","Hannover (Donkey Republic)","Donkey Republic","2026-08-28 00:23:09"
"29028","Schlägerstrasse 1",52.3627635,9.7523956,3,3,1,"DE","Hannover (Donkey Republic)","Donkey Republic","2026-08-28 00:23:09"
"30967","Hub: Augustenstrasse/Königstrasse",52.3753625,9.7462031,8,0,8,"DE","Hannover (Donkey Republic)","Donkey Republic","2026-08-28 00:23:09"
"28384","Theodor-Heuss Platz",52.3768588,9.7680557,2,4,0,"DE","Hannover (Donkey Republic)","Donkey Republic","2026-08-28 00:23:09"
"28400","Waterloostrasse",52.3647927,9.7319092,3,0,3,"DE","Hannover (Donkey Republic)","Donkey Republic","2026-08-28 00:23:09"
"31978","Station3",52.3709985,9.7309326,8,0,8,"DE","Hannover (Donkey Republic)","Donkey Republic","2026-08-28 00:23:09"
"28393","U Markthalle/Landtag",52.3708313,9.7363724,10,0,10,"DE","Hannover (Donkey Republic)","Donkey Republic","2026-08-28 00:23:09"
"28984","Béi Chéz Heinz",52.372184,9.6964831,6,4,2,"DE","Hannover (Donkey Republic)","Donkey Republic","2026-08-28 00:23:09"
"31996","Station21",52.3679039,9.7435863,8,0,8,"DE","Hannover (Donkey Republic)","Donkey Republic","2026-08-28 00:23:09"
"29130","Friedrich-Ebert-Platz",52.3514086,9.7224055,3,1,2,"DE","Hannover (Donkey Republic)","Donkey Republic","2026-08-28 00:23:09"
"29182","Carlo Schmid Allee/ Wunstorfer Strasse",52.3818055,9.6746729,2,1,1,"DE","Hannover (Donkey Republic)","Donkey Republic","2026-08-28 00:23:09"
"29217","Hartenberger Strasse ",52.3772605,9.6849813,3,2,1,"DE","Hannover (Donkey Republic)","Donkey Republic","2026-08-28 00:23:09"
"32032","Klagesmarkt",52.3799382,9.7288996,8,0,8,"DE","Hannover (Donkey Republic)","Donkey Republic","2026-08-28 00:23:09"
"28988","Nienburgerstrasse",52.3898406,9.7068665,6,0,5,"DE","Hannover (Donkey Republic)","Donkey Republic","2026-08-28 00:23:09"
"28380","Klopstockstrasse 1",52.3999337,9.7797347,3,3,0,"DE","Hannover (Donkey Republic)","Donkey Republic","2026-08-28 00:23:09"
"28409","Am Küchengarten",52.3701797,9.7137014,10,4,6,"DE","Hannover (Donkey Republic)","Donkey Republic","2026-08-28 00:23:09"
"32010","Station35",52.3769282,9.72721,8,0,8,"DE","Hannover (Donkey Republic)","Donkey Republic","2026-08-28 00:23:09"
"29210","Hildesheimer Strasse ",52.3436901,9.7641615,2,2,0,"DE","Hannover (Donkey Republic)","Donkey Republic","2026-08-28 00:23:09"
"28431","Glocksee/Braunstrasse",52.3732824,9.7202753,10,1,10,"DE","Hannover (Donkey Republic)","Donkey Republic","2026-08-28 00:23:09"
"28674","Freundallee",52.369083,9.77181,6,2,5,"DE","Hannover (Donkey Republic)","Donkey Republic","2026-08-28 00:23:09"
"31860","Brabeckstr",52.3600375,9.8274531,2,3,0,"DE","Hannover (Donkey Republic)","Donkey Republic","2026-08-28 00:23:09"
"28710","Bauweg",52.3608389,9.6929665,3,2,1,"DE","Hannover (Donkey Republic)","Donkey Republic","2026-08-28 00:23:09"
"28706","Nibelungenweg",52.3514254,9.6691628,3,4,0,"DE","Hannover (Donkey Republic)","Donkey Republic","2026-08-28 00:23:09"
"30265","Wilhelm-Busch-Strasse",52.3809678,9.7213859,5,0,5,"DE","Hannover (Donkey Republic)","Donkey Republic","2026-08-28 00:23:09"
"28387","U Am Küchengarten",52.3712029,9.7132883,6,2,4,"DE","Hannover (Donkey Republic)","Donkey Republic","2026-08-28 00:23:09"
"28972","Aegi",52.36861,9.7426663,6,0,6,"DE","Hannover (Donkey Republic)","Donkey Republic","2026-08-28 00:23:09"
"31985","Station10",52.370014,9.7393651,8,2,7,"DE","Hannover (Donkey Republic)","Donkey Republic","2026-08-28 00:23:09"
"28959","Stadionbrücke",52.3588938,9.7281946,4,0,4,"DE","Hannover (Donkey Republic)","Donkey Republic","2026-08-28 00:23:09"
"28437","Niedersachsenring",52.3990903,9.7364938,8,11,0,"DE","Hannover (Donkey Republic)","Donkey Republic","2026-08-28 00:23:09"
"28948","Aral Tankstelle Niedersachsenring",52.3981236,9.7418076,5,5,1,"DE","Hannover (Donkey Republic)","Donkey Republic","2026-08-28 00:23:09"
"29011","Göhrdestrasse",52.3883704,9.7376975,3,1,0,"DE","Hannover (Donkey Republic)","Donkey Republic","2026-08-28 00:23:09"
"29035","Schiffgraben",52.3721445,9.7448515,6,0,6,"DE","Hannover (Donkey Republic)","Donkey Republic","2026-08-28 00:23:09"
"28709","Körtingsdorfer Weg",52.3603573,9.685961,3,3,0,"DE","Hannover (Donkey Republic)","Donkey Republic","2026-08-28 00:23:09"
"33543","Stadtpark Sauna ",52.3731575,9.7741876,3,2,1,"DE","Hannover (Donkey Republic)","Donkey Republic","2026-08-28 00:23:09"
"30264","Am Puttenser Felde",52.3820822,9.7220025,5,1,5,"DE","Hannover (Donkey Republic)","Donkey Republic","2026-08-28 00:23:09"
"28346","Langensalzastrasse 22",52.3644919,9.7436961,3,2,2,"DE","Hannover (Donkey Republic)","Donkey Republic","2026-08-28 00:23:09"
"28652","Adenauerallee ",52.3814803,9.7660742,0,1,0,"DE","Hannover (Donkey Republic)","Donkey Republic","2026-08-28 00:23:09"
"30153","Maschseefest Altenbekenerdamm ",52.354466,9.7467026,3,0,3,"DE","Hannover (Donkey Republic)","Donkey Republic","2026-08-28 00:23:09"
"29259","Hans Meyer Strasse",52.3860569,9.7147683,3,0,3,"DE","Hannover (Donkey Republic)","Donkey Republic","2026-08-28 00:23:09"
"28650","Freundallee",52.3671359,9.77226,6,1,4,"DE","Hannover (Donkey Republic)","Donkey Republic","2026-08-28 00:23:09"
"31264","Wiehbergstrasse",52.3286253,9.7764728,3,4,0,"DE","Hannover (Donkey Republic)","Donkey Republic","2026-08-28 00:23:09"
"28678","Humboldtstrasse",52.3701298,9.7234647,6,2,5,"DE","Hannover (Donkey Republic)","Donkey Republic","2026-08-28 00:23:09"
"28657","Osterstrasse",52.3702995,9.73941,6,0,6,"DE","Hannover (Donkey Republic)","Donkey Republic","2026-08-28 00:23:09"
"32015","Station40",52.3742826,9.734082,8,0,8,"DE","Hannover (Donkey Republic)","Donkey Republic","2026-08-28 00:23:09"
"28666","Am Welfenplatz",52.3863041,9.7423959,6,3,3,"DE","Hannover (Donkey Republic)","Donkey Republic","2026-08-28 00:23:09"
"30909","Schützenallee",52.3386904,9.7567415,3,4,0,"DE","Hannover (Donkey Republic)","Donkey Republic","2026-08-28 00:23:09"
"28714","Döhrener Turm",52.3451819,9.7626023,4,2,2,"DE","Hannover (Donkey Republic)","Donkey Republic","2026-08-28 00:23:09"
"28726","Berckhusenstrasse",52.3764903,9.798772,2,1,2,"DE","Hannover (Donkey Republic)","Donkey Republic","2026-08-28 00:23:09"
"28965","Schützenplatz",52.3635458,9.7320919,5,0,5,"DE","Hannover (Donkey Republic)","Donkey Republic","2026-08-28 00:23:09"
"28716","Medizinische Hochschule",52.3839557,9.8097409,5,4,1,"DE","Hannover (Donkey Republic)","Donkey Republic","2026-08-28 00:23:09"
"28661","Bischofsholer Damm",52.3673949,9.7658315,3,2,2,"DE","Hannover (Donkey Republic)","Donkey Republic","2026-08-28 00:23:09"
"28729","Allerweg / Deisterstrasse ",52.3622158,9.7161121,3,3,0,"DE","Hannover (Donkey Republic)","Donkey Republic","2026-08-28 00:23:09"
"28424","Limmerstrasse",52.3755399,9.7010345,10,5,6,"DE","Hannover (Donkey Republic)","Donkey Republic","2026-08-28 00:23:09"
"29010","Kopernikusstrasse 1",52.3910837,9.7305867,4,5,0,"DE","Hannover (Donkey Republic)","Donkey Republic","2026-08-28 00:23:09"
"28348","Limmerstrasse 39",52.3730843,9.7081897,10,0,10,"DE","Hannover (Donkey Republic)","Donkey Republic","2026-08-28 00:23:09"
"29690","Hanomag",52.3579889,9.7104368,12,1,11,"DE","Hannover (Donkey Republic)","Donkey Republic","2026-08-28 00:23:09"
"28305","Blantyreweg",52.3677976,9.7399176,10,0,10,"DE","Hannover (Donkey Republic)","Donkey Republic","2026-08-28 00:23:09"
"28722","Tegtmeyerstrasse",52.3790424,9.6852757,5,3,3,"DE","Hannover (Donkey Republic)","Donkey Republic","2026-08-28 00:23:09"
"29037","Schmiedestrasse",52.3747854,9.7342076,6,0,6,"DE","Hannover (Donkey Republic)","Donkey Republic","2026-08-28 00:23:09"
"28338","Hildesheimer x Am Graswege",52.3608718,9.7497487,2,0,2,"DE","Hannover (Donkey Republic)","Donkey Republic","2026-08-28 00:23:09"
"28681","Celler Strasse",52.3831437,9.7404231,6,2,5,"DE","Hannover (Donkey Republic)","Donkey Republic","2026-08-28 00:23:09"
"28385","Thielenplatz - Schauspielhaus",52.3745178,9.7447101,10,0,10,"DE","Hannover (Donkey Republic)","Donkey Republic","2026-08-28 00:23:09"
"30203","Lister Bad",52.4065121,9.750566,4,3,1,"DE","Hannover (Donkey Republic)","Donkey Republic","2026-08-28 00:23:09"
"29134","Beekestrasse",52.343296,9.7252688,2,3,0,"DE","Hannover (Donkey Republic)","Donkey Republic","2026-08-28 00:23:09"
"28347","Burgstrasse",52.3716397,9.732492,4,0,4,"DE","Hannover (Donkey Republic)","Donkey Republic","2026-08-28 00:23:09"
"28435","Werderstrasse",52.387214,9.73453,7,4,2,"DE","Hannover (Donkey Republic)","Donkey Republic","2026-08-28 00:23:09"
"28300","Augustenstrasse/Königstrasse ",52.3762498,9.7452742,6,1,6,"DE","Hannover (Donkey Republic)","Donkey Republic","2026-08-28 00:23:09"
"28396","Schlägerstrasse 3",52.3649679,9.7469813,4,0,4,"DE","Hannover (Donkey Republic)","Donkey Republic","2026-08-28 00:23:09"
"29033","Berliner Allee",52.3722412,9.7513467,6,1,6,"DE","Hannover (Donkey Republic)","Donkey Republic","2026-08-28 00:23:09"
"29045","Viktoriastrasse",52.3726437,9.7090994,6,0,6,"DE","Hannover (Donkey Republic)","Donkey Republic","2026-08-28 00:23:09"
"29180","Eppersstrasse",52.3763915,9.6924962,5,5,0,"DE","Hannover (Donkey Republic)","Donkey Republic","2026-08-28 00:23:09"
"28366","Pelikanstrasse 2",52.3976772,9.7712323,4,6,0,"DE","Hannover (Donkey Republic)","Donkey Republic","2026-08-28 00:23:09"
"28974","NDR",52.36065,9.7413071,6,0,6,"DE","Hannover (Donkey Republic)","Donkey Republic","2026-08-28 00:23:09"
"28649","Friesenstrasse",52.3803097,9.7416557,6,2,4,"DE","Hannover (Donkey Republic)","Donkey Republic","2026-08-28 00:23:09"
"31993","Station18",52.3690543,9.7420086,8,0,8,"DE","Hannover (Donkey Republic)","Donkey Republic","2026-08-28 00:23:09"
"28327","Gartenkirche St. Marien",52.3692093,9.746458,10,0,10,"DE","Hannover (Donkey Republic)","Donkey Republic","2026-08-28 00:23:09"
"32000","Station25",52.3779719,9.7238566,8,0,8,"DE","Hannover (Donkey Republic)","Donkey Republic","2026-08-28 00:23:09"
"32030","Parkplatz Rudolf-Hillebrecht-Platz",52.3678117,9.7358104,8,1,7,"DE","Hannover (Donkey Republic)","Donkey Republic","2026-08-28 00:23:09"
"29013","Hohenzollernstrasse",52.3863231,9.753736,2,4,0,"DE","Hannover (Donkey Republic)","Donkey Republic","2026-08-28 00:23:09"
"28982","Pfarrlandplatz",52.375616,9.7073408,6,1,6,"DE","Hannover (Donkey Republic)","Donkey Republic","2026-08-28 00:23:09"
"32007","Station32",52.3785461,9.7324779,8,0,8,"DE","Hannover (Donkey Republic)","Donkey Republic","2026-08-28 00:23:09"
"28313","Congress Centrum Nord",52.3765607,9.7691247,2,2,1,"DE","Hannover (Donkey Republic)","Donkey Republic","2026-08-28 00:23:09"
"28439","Weissekreuzplatz",52.380943,9.744822,10,2,9,"DE","Hannover (Donkey Republic)","Donkey Republic","2026-08-28 00:23:09"
"28731","Waterloostrasse nord",52.3654136,9.7316856,4,1,4,"DE","Hannover (Donkey Republic)","Donkey Republic","2026-08-28 00:23:09"
"29163","Walderstrasse/ Bernadotteallee",52.3896249,9.75494,5,5,0,"DE","Hannover (Donkey Republic)","Donkey Republic","2026-08-28 00:23:09"
"30066","Rathenaustrasse ",52.3740898,9.7407086,4,0,4,"DE","Hannover (Donkey Republic)","Donkey Republic","2026-08-28 00:23:09"
"31997","Mehlstrasse",52.3758634,9.73669,8,0,8,"DE","Hannover (Donkey Republic)","Donkey Republic","2026-08-28 00:23:09"
"32394","Hub Maschsee Quelle ",52.3454161,9.7445472,35,1,34,"DE","Hannover (Donkey Republic)","Donkey Republic","2026-08-28 00:23:09"
"31968","Öffentliche Station: Hannover Rück",52.3918176,9.800229,8,2,6,"DE","Hannover (Donkey Republic)","Donkey Republic","2026-08-28 00:23:09"
"33546","KWR",52.378236,9.761971,2,3,0,"DE","Hannover (Donkey Republic)","Donkey Republic","2026-08-28 00:23:09"
"28351","Lister Kirchweg 1",52.3956152,9.7632601,4,6,0,"DE","Hannover (Donkey Republic)","Donkey Republic","2026-08-28 00:23:09"
"28687","Lister Meile - Fridastrasse",52.382344,9.744912,6,7,0,"DE","Hannover (Donkey Republic)","Donkey Republic","2026-08-28 00:23:09"
"28685","Hotel Am Schloss",52.3918838,9.689171,4,3,1,"DE","Hannover (Donkey Republic)","Donkey Republic","2026-08-28 00:23:09"
"29212","Hilde Schneider Allee",52.3529254,9.7563304,6,6,1,"DE","Hannover (Donkey Republic)","Donkey Republic","2026-08-28 00:23:09"
"28420","Königsworther Platz 1",52.3784124,9.7229189,6,0,6,"DE","Hannover (Donkey Republic)","Donkey Republic","2026-08-28 00:23:09"
"28375","Schillerstrasse 29",52.3760659,9.7383208,10,0,10,"DE","Hannover (Donkey Republic)","Donkey Republic","2026-08-28 00:23:09"
"30966","Hub: Augustenstrasse",52.3771625,9.7446406,6,1,5,"DE","Hannover (Donkey Republic)","Donkey Republic","2026-08-28 00:23:09"
"29181","Pizza Garten",52.3808501,9.6822814,2,0,2,"DE","Hannover (Donkey Republic)","Donkey Republic","2026-08-28 00:23:09"
"29943","Goebenstrasse",52.3911366,9.7416437,3,4,0,"DE","Hannover (Donkey Republic)","Donkey Republic","2026-08-28 00:23:09"
"29951","Kirchhöfnerstrasse",52.3771977,9.6890254,2,4,0,"DE","Hannover (Donkey Republic)","Donkey Republic","2026-08-28 00:23:09"
"31247","Moltkeplatz",52.3925676,9.7465353,2,0,2,"DE","Hannover (Donkey Republic)","Donkey Republic","2026-08-28 00:23:09"
"28427","Karmarschstrasse",52.372376,9.737796,6,0,6,"DE","Hannover (Donkey Republic)","Donkey Republic","2026-08-28 00:23:09"
"30972","Hub: Marktstrasse",52.3704375,9.7374844,8,0,8,"DE","Hannover (Donkey Republic)","Donkey Republic","2026-08-28 00:23:09"
"28717","Karl-Wiechert-Allee 1",52.3747468,9.808259,3,2,1,"DE","Hannover (Donkey Republic)","Donkey Republic","2026-08-28 00:23:09"
"29179","George Westinghouse Weg",52.3700113,9.692683,5,2,4,"DE","Hannover (Donkey Republic)","Donkey Republic","2026-08-28 00:23:09"
"32005","Station30",52.3802161,9.7328947,8,0,8,"DE","Hannover (Donkey Republic)","Donkey Republic","2026-08-28 00:23:09"
"30911","Bünteweg",52.3549062,9.8020072,3,0,3,"DE","Hannover (Donkey Republic)","Donkey Republic","2026-08-28 00:23:09"
"28970","Friedrichswall",52.367812,9.7398858,6,0,6,"DE","Hannover (Donkey Republic)","Donkey Republic","2026-08-28 00:23:09"
"29184","Wyndham",52.3934594,9.7945335,3,2,1,"DE","Hannover (Donkey Republic)","Donkey Republic","2026-08-28 00:23:09"
"28671","Schubertstrasse",52.3855633,9.7469221,6,9,0,"DE","Hannover (Donkey Republic)","Donkey Republic","2026-08-28 00:23:09"
"30149","Maschseefest NDR",52.3588329,9.7426679,4,0,4,"DE","Hannover (Donkey Republic)","Donkey Republic","2026-08-28 00:23:09"
"32026","Station50",52.3742776,9.7434279,8,0,8,"DE","Hannover (Donkey Republic)","Donkey Republic","2026-08-28 00:23:09"
"28443","Goetheplatz",52.373182,9.724649,12,0,12,"DE","Hannover (Donkey Republic)","Donkey Republic","2026-08-28 00:23:09"
"28703","Leibnizufer ",52.3725185,9.7290696,4,0,4,"DE","Hannover (Donkey Republic)","Donkey Republic","2026-08-28 00:23:09"
"28728","Heidjerhof",52.3774921,9.8025247,2,0,1,"DE","Hannover (Donkey Republic)","Donkey Republic","2026-08-28 00:23:09"
"28322","Fössestrasse Kiosk",52.3700858,9.7060782,6,2,5,"DE","Hannover (Donkey Republic)","Donkey Republic","2026-08-28 00:23:09"
"30960","Hub: Brühlstrasse",52.3751875,9.7268281,8,0,8,"DE","Hannover (Donkey Republic)","Donkey Republic","2026-08-28 00:23:09"
"28365","Pelikan - Klopstockstrasse",52.4004216,9.7716439,4,7,0,"DE","Hannover (Donkey Republic)","Donkey Republic","2026-08-28 00:23:09"
"31979","Station4",52.3711423,9.7328472,8,0,7,"DE","Hannover (Donkey Republic)","Donkey Republic","2026-08-28 00:23:09"
"28992","Gerberstrasse",52.3758492,9.7230338,0,2,0,"DE","Hannover (Donkey Republic)","Donkey Republic","2026-08-28 00:23:09"
"29012","Lister Platz",52.3890063,9.750576,3,0,3,"DE","Hannover (Donkey Republic)","Donkey Republic","2026-08-28 00:23:09"
"36826","Roderbruchmarkt",52.388389,9.8136335,4,3,1,"DE","Hannover (Donkey Republic)","Donkey Republic","2026-08-28 00:23:09"
"28645","Münzstrasse",52.3758154,9.7315714,6,0,6,"DE","Hannover (Donkey Republic)","Donkey Republic","2026-08-28 00:23:09"
"31984","Station9",52.3712113,9.7387698,8,0,8,"DE","Hannover (Donkey Republic)","Donkey Republic","2026-08-28 00:23:09"
"31989","Station14",52.3725235,9.7418421,8,2,7,"DE","Hannover (Donkey Republic)","Donkey Republic","2026-08-28 00:23:09"
"29044","Fössestrasse",52.370146,9.7062576,0,0,0,"DE","Hannover (Donkey Republic)","Donkey Republic","2026-08-28 00:23:09"
"32001","Körnerstraße",52.3794014,9.7254816,8,0,8,"DE","Hannover (Donkey Republic)","Donkey Republic","2026-08-28 00:23:09"
"28648","Am Kleinen Felde/ Asternstrasse ",52.3851543,9.7224458,2,3,0,"DE","Hannover (Donkey Republic)","Donkey Republic","2026-08-28 00:23:09"
"28428","Aegidientorplatz Süd",52.3679119,9.7426854,10,1,9,"DE","Hannover (Donkey Republic)","Donkey Republic","2026-08-28 00:23:09"
"28357","Mathildenstrasse",52.371209,9.7103848,10,0,10,"DE","Hannover (Donkey Republic)","Donkey Republic","2026-08-28 00:23:09"
"28683","Ludwigstrasse",52.3814492,9.7384784,6,0,6,"DE","Hannover (Donkey Republic)","Donkey Republic","2026-08-28 00:23:09"
"30903","Göttinger Chaussee ",52.3447482,9.7173747,4,5,0,"DE","Hannover (Donkey Republic)","Donkey Republic","2026-08-28 00:23:09"
"28983","Noltestrasse",52.3720531,9.7056778,6,0,6,"DE","Hannover (Donkey Republic)","Donkey Republic","2026-08-28 00:23:09"
"28440","Neues Haus ",52.3773784,9.7530964,4,1,3,"DE","Hannover (Donkey Republic)","Donkey Republic","2026-08-28 00:23:09"
"28447","Schaumburgstrasse",52.392473,9.693635,8,1,8,"DE","Hannover (Donkey Republic)","Donkey Republic","2026-08-28 00:23:09"
"28656","Charlottenstrasse",52.360543,9.7183001,3,7,0,"DE","Hannover (Donkey Republic)","Donkey Republic","2026-08-28 00:23:09"
"29674","Limmerstrasse 4",52.3716086,9.7127925,3,3,1,"DE","Hannover (Donkey Republic)","Donkey Republic","2026-08-28 00:23:09"
"28643","Bürgermeister-Fink-Strasse",52.3609275,9.7450403,3,1,3,"DE","Hannover (Donkey Republic)","Donkey Republic","2026-08-28 00:23:09"
"28419","Kurt-Schumacher-Strasse",52.3767392,9.7360903,10,2,8,"DE","Hannover (Donkey Republic)","Donkey Republic","2026-08-28 00:23:09"
"29034","Thielenplatz",52.3743063,9.7440593,6,1,6,"DE","Hannover (Donkey Republic)","Donkey Republic","2026-08-28 00:23:09"
"29042","Uhlemeyerstrasse",52.3774394,9.752293,4,0,4,"DE","Hannover (Donkey Republic)","Donkey Republic","2026-08-28 00:23:09"
"29215","Ehrhartstrasse",52.3770467,9.6727122,3,4,0,"DE","Hannover (Donkey Republic)","Donkey Republic","2026-08-28 00:23:09"
"36759","Spannhagengarten U",52.4001873,9.782052,4,4,0,"DE","Hannover (Donkey Republic)","Donkey Republic","2026-08-28 00:23:09"
"28361","Oeltzenstrasse 11",52.3759118,9.7228927,4,0,4,"DE","Hannover (Donkey Republic)","Donkey Republic","2026-08-28 00:23:09"
"28658","An der Strangriede",52.3912409,9.7106393,6,1,5,"DE","Hannover (Donkey Republic)","Donkey Republic","2026-08-28 00:23:09"
"28644","Hamburger Allee",52.383363,9.7370193,8,1,7,"DE","Hannover (Donkey Republic)","Donkey Republic","2026-08-28 00:23:09"
"28306","Bleichenstrasse 1",52.3669431,9.7424908,10,0,10,"DE","Hannover (Donkey Republic)","Donkey Republic","2026-08-28 00:23:09"
"31988","Station13",52.3733109,9.7393963,8,0,8,"DE","Hannover (Donkey Republic)","Donkey Republic","2026-08-28 00:23:09"
"30797","Culemeyertrift",52.396907,9.6921975,3,2,0,"DE","Hannover (Donkey Republic)","Donkey Republic","2026-08-28 00:23:09"
"28353","Marienstrasse 51",52.3695183,9.7511362,3,4,0,"DE","Hannover (Donkey Republic)","Donkey Republic","2026-08-28 00:23:09"
"28990","Santana Bar",52.3862326,9.7169381,4,0,4,"DE","Hannover (Donkey Republic)","Donkey Republic","2026-08-28 00:23:09"
"30963","Hub: Kurtschumacherstrasse",52.3769125,9.7389531,6,1,5,"DE","Hannover (Donkey Republic)","Donkey Republic","2026-08-28 00:23:09"
"28677","Heinrichstrasse",52.3792634,9.7532842,6,5,1,"DE","Hannover (Donkey Republic)","Donkey Republic","2026-08-28 00:23:09"
"28105","Kurt-Schumacher-Strasse 31",52.3766177,9.734096,14,0,14,"DE","Hannover (Donkey Republic)","Donkey Republic","2026-08-28 00:23:09"
"28407","Raschplatz",52.379661,9.744232,10,0,10,"DE","Hannover (Donkey Republic)","Donkey Republic","2026-08-28 00:23:09"
"28444","Celler Strasse",52.382276,9.738173,10,4,7,"DE","Hannover (Donkey Republic)","Donkey Republic","2026-08-28 00:23:09"
"29701","Franziusweg",52.3934232,9.7071196,5,4,1,"DE","Hannover (Donkey Republic)","Donkey Republic","2026-08-28 00:23:09"
"28311","Christuskirche",52.3817394,9.7258337,25,0,25,"DE","Hannover (Donkey Republic)","Donkey Republic","2026-08-28 00:23:09"
"29292","Jahnplaz",52.3942336,9.7290329,6,6,1,"DE","Hannover (Donkey Republic)","Donkey Republic","2026-08-28 00:23:09"
"28339","Hildesheimer x Feldstrasse",52.3637602,9.7478465,5,1,4,"DE","Hannover (Donkey Republic)","Donkey Republic","2026-08-28 00:23:09"
"28651","Asternstrasse",52.38551,9.7241786,6,0,6,"DE","Hannover (Donkey Republic)","Donkey Republic","2026-08-28 00:23:09"
"28294","Fortunastrasse",52.3723602,9.7101838,10,0,10,"DE","Hannover (Donkey Republic)","Donkey Republic","2026-08-28 00:23:09"
"29094","Sonnenweg ",52.3675602,9.756712,4,5,0,"DE","Hannover (Donkey Republic)","Donkey Republic","2026-08-28 00:23:09"
"28383","Strandleben",52.3769343,9.7141745,20,0,20,"DE","Hannover (Donkey Republic)","Donkey Republic","2026-08-28 00:23:09"
"28996","Minigolf Georgengarten",52.3826443,9.7092516,2,0,2,"DE","Hannover (Donkey Republic)","Donkey Republic","2026-08-28 00:23:09"
"28304","Berliner Allee 24",52.3756086,9.7509617,5,1,4,"DE","Hannover (Donkey Republic)","Donkey Republic","2026-08-28 00:23:09"
"28646","Goethestrasse",52.3747928,9.7299473,6,0,6,"DE","Hannover (Donkey Republic)","Donkey Republic","2026-08-28 00:23:09"
"29017","Am Listholze",52.3985363,9.7635823,4,5,0,"DE","Hannover (Donkey Republic)","Donkey Republic","2026-08-28 00:23:09"
"28308","Bödekerstrasse",52.3822524,9.7535248,5,5,1,"DE","Hannover (Donkey Republic)","Donkey Republic","2026-08-28 00:23:09"
"28413","Listerplatz",52.3883814,9.7504816,3,1,2,"DE","Hannover (Donkey Republic)","Donkey Republic","2026-08-28 00:23:09"
"34824","LUH / Appelstrasse",52.3881087,9.7126021,10,0,10,"DE","Hannover (Donkey Republic)","Donkey Republic","2026-08-28 00:23:09"
"28452","Alter Güterbahnhof",52.3836626,9.7319863,10,0,9,"DE","Hannover (Donkey Republic)","Donkey Republic","2026-08-28 00:23:09"
"30971","Hub: Theodor Lessing Platz",52.3693625,9.7375156,8,0,8,"DE","Hannover (Donkey Republic)","Donkey Republic","2026-08-28 00:23:09"
"28693","Werkhof Hotel",52.3888691,9.7190951,6,3,4,"DE","Hannover (Donkey Republic)","Donkey Republic","2026-08-28 00:23:09"
"28698","Kerstingstrasse",52.3645583,9.7733953,6,3,3,"DE","Hannover (Donkey Republic)","Donkey Republic","2026-08-28 00:23:09"
"30133","Maschseefest: Kurt-Schwitters-Platz",52.3633633,9.7392085,3,0,3,"DE","Hannover (Donkey Republic)","Donkey Republic","2026-08-28 00:23:09"
"28441","Braunschweiger Platz",52.3707017,9.7617537,5,1,5,"DE","Hannover (Donkey Republic)","Donkey Republic","2026-08-28 00:23:09"
"30266","Nelkenstrasse",52.3833982,9.7213474,5,0,5,"DE","Hannover (Donkey Republic)","Donkey Republic","2026-08-28 00:23:09"
"28434","Im Moore",52.384453,9.7207022,10,2,9,"DE","Hannover (Donkey Republic)","Donkey Republic","2026-08-28 00:23:09"
"31986","Station11",52.3715883,9.7417145,8,0,8,"DE","Hannover (Donkey Republic)","Donkey Republic","2026-08-28 00:23:09"
"29024","Baumstrasse",52.3676213,9.7506348,4,1,4,"DE","Hannover (Donkey Republic)","Donkey Republic","2026-08-28 00:23:09"
"28963","Waterlooplatz",52.3657759,9.7266228,6,0,6,"DE","Hannover (Donkey Republic)","Donkey Republic","2026-08-28 00:23:09"
"32011","Station36",52.3766074,9.7285891,8,0,8,"DE","Hannover (Donkey Republic)","Donkey Republic","2026-08-28 00:23:09"
"28694","Lützerodestrasse",52.3854201,9.7454549,6,6,0,"DE","Hannover (Donkey Republic)","Donkey Republic","2026-08-28 00:23:09"
"28688","Fahrradkontor GmbH",52.3876325,9.7410076,4,7,0,"DE","Hannover (Donkey Republic)","Donkey Republic","2026-08-28 00:23:09"
"28451","Steintor",52.3760808,9.7317854,10,0,10,"DE","Hannover (Donkey Republic)","Donkey Republic","2026-08-28 00:23:09"
"29027","Seilerstrasse",52.3645696,9.7516158,2,2,1,"DE","Hannover (Donkey Republic)","Donkey Republic","2026-08-28 00:23:09"
"28416","Sprengel Museum",52.364224,9.739798,10,0,10,"DE","Hannover (Donkey Republic)","Donkey Republic","2026-08-28 00:23:09"
"29192","Geibelstrasse 55",52.3593096,9.7517673,2,2,1,"DE","Hannover (Donkey Republic)","Donkey Republic","2026-08-28 00:23:09"
"29262","Am Taubenfelde",52.3802139,9.7256205,6,0,6,"DE","Hannover (Donkey Republic)","Donkey Republic","2026-08-28 00:23:09"
"28417","Am Klagesmarkt",52.380791,9.726797,10,0,10,"DE","Hannover (Donkey Republic)","Donkey Republic","2026-08-28 00:23:09"
"28399","Waldersee-Denkmal",52.3847991,9.7552019,4,3,1,"DE","Hannover (Donkey Republic)","Donkey Republic","2026-08-28 00:23:09"
"28319","Ferdinand-Wallbrecht 26",52.3909528,9.7481987,3,3,1,"DE","Hannover (Donkey Republic)","Donkey Republic","2026-08-28 00:23:09"
"32022","Station48",52.3778927,9.7434423,8,0,7,"DE","Hannover (Donkey Republic)","Donkey Republic","2026-08-28 00:23:09"
"28702","An der Lutherkirche",52.3871247,9.7209308,6,1,5,"DE","Hannover (Donkey Republic)","Donkey Republic","2026-08-28 00:23:09"
"29006","Biergarten Dornröschen",52.3796797,9.7043102,6,0,6,"DE","Hannover (Donkey Republic)","Donkey Republic","2026-08-28 00:23:09"
"31033","Stadtfriedhof Ricklingen",52.3333375,9.7166094,3,0,2,"DE","Hannover (Donkey Republic)","Donkey Republic","2026-08-28 00:23:09"
"36824","Gehägestraße Parkplatz",52.3910294,9.7848176,3,4,0,"DE","Hannover (Donkey Republic)","Donkey Republic","2026-08-28 00:23:09"
"28987","Gartenallee",52.3690021,9.7147173,6,2,4,"DE","Hannover (Donkey Republic)","Donkey Republic","2026-08-28 00:23:09"
"28433","Scheffelstrasse",52.384019,9.725321,10,0,10,"DE","Hannover (Donkey Republic)","Donkey Republic","2026-08-28 00:23:09"
"28664","Kötnerholzweg",52.3752484,9.7045586,6,4,2,"DE","Hannover (Donkey Republic)","Donkey Republic","2026-08-28 00:23:09"
"30157","Gfl Hannover ",52.3512455,9.748835,3,2,2,"DE","Hannover (Donkey Republic)","Donkey Republic","2026-08-28 00:23:09"
"28713","Bandelstrasse",52.3616521,9.754527,3,1,2,"DE","Hannover (Donkey Republic)","Donkey Republic","2026-08-28 00:23:09"
"28334","Hannah-Arendt Platz",52.3709007,9.7335687,10,0,10,"DE","Hannover (Donkey Republic)","Donkey Republic","2026-08-28 00:23:09"
"30573","Bertha-von-Suttner-Platz",52.3590786,9.7614514,6,1,6,"DE","Hannover (Donkey Republic)","Donkey Republic","2026-08-28 00:23:09"
"28989","Callinstrasse/ Nienburger str.",52.3883594,9.7087982,6,0,6,"DE","Hannover (Donkey Republic)","Donkey Republic","2026-08-28 00:23:09"
"30939","Glockseestrasse / Wielandstrasse",52.3706875,9.7212031,5,1,4,"DE","Hannover (Donkey Republic)","Donkey Republic","2026-08-28 00:23:09"
"28371","An der Weide",52.3633938,9.7637504,5,2,2,"DE","Hannover (Donkey Republic)","Donkey Republic","2026-08-28 00:23:09"
"28309","Callinstrasse - Mineralogie",52.3858009,9.7177216,5,5,0,"DE","Hannover (Donkey Republic)","Donkey Republic","2026-08-28 00:23:09"
"28378","Selmastrasse",52.3717992,9.7119325,10,1,9,"DE","Hannover (Donkey Republic)","Donkey Republic","2026-08-28 00:23:09"
"28302","Balsen",52.3896494,9.7522906,3,3,1,"DE","Hannover (Donkey Republic)","Donkey Republic","2026-08-28 00:23:09"
"28367","Podbielski x Buckhardt",52.3902321,9.7535401,4,0,3,"DE","Hannover (Donkey Republic)","Donkey Republic","2026-08-28 00:23:09"
"28667","Altenbekener Damm",52.3553722,9.7548368,6,9,0,"DE","Hannover (Donkey Republic)","Donkey Republic","2026-08-28 00:23:09"
"29261","Kniestrasse",52.3879491,9.720006,4,1,4,"DE","Hannover (Donkey Republic)","Donkey Republic","2026-08-28 00:23:09"
"28415","Marienstrasse",52.3702556,9.7532563,2,0,2,"DE","Hannover (Donkey Republic)","Donkey Republic","2026-08-28 00:23:09"
"30499","Hagenstrasse",52.3810233,9.7359436,4,2,3,"DE","Hannover (Donkey Republic)","Donkey Republic","2026-08-28 00:23:09"
"31244","Herrenhäuser Stadtbibliothek  ",52.3929097,9.6875807,2,2,1,"DE","Hannover (Donkey Republic)","Donkey Republic","2026-08-28 00:23:09"
"29278","Kleine Pfahlstrasse",52.3849412,9.7551345,5,5,0,"DE","Hannover (Donkey Republic)","Donkey Republic","2026-08-28 00:23:09"
"36829","Seelhorststr./Ellernstr.",52.3764311,9.7564151,1,1,0,"DE","Hannover (Donkey Republic)","Donkey Republic","2026-08-28 00:23:09"
"28733","Otto-Brenner-Strasse",52.3778588,9.7278254,6,1,6,"DE","Hannover (Donkey Republic)","Donkey Republic","2026-08-28 00:23:09"
"28332","Göttinger Sieben Platz",52.3701995,9.7349424,2,0,2,"DE","Hannover (Donkey Republic)","Donkey Republic","2026-08-28 00:23:09"
"28408","Limmerstrasse/Offensteinstrasse",52.3739796,9.7051745,10,1,9,"DE","Hannover (Donkey Republic)","Donkey Republic","2026-08-28 00:23:09"
"28325","Friesen x Sedanstrasse",52.3812811,9.747839,3,2,2,"DE","Hannover (Donkey Republic)","Donkey Republic","2026-08-28 00:23:09"
"28429","Sallplatz",52.36182,9.759264,4,6,0,"DE","Hannover (Donkey Republic)","Donkey Republic","2026-08-28 00:23:09"
"28641","Allerweg",52.3622157,9.7223201,6,5,1,"DE","Hannover (Donkey Republic)","Donkey Republic","2026-08-28 00:23:09"
"29023","Kanu-Club",52.3536108,9.7395335,6,1,5,"DE","Hannover (Donkey Republic)","Donkey Republic","2026-08-28 00:23:09"
"28448","LUH / Schlosswender Strasse",52.3798391,9.7240259,10,0,10,"DE","Hannover (Donkey Republic)","Donkey Republic","2026-08-28 00:23:09"
"30132","Maschseefest: Culemannstrasse",52.3634583,9.7380981,10,1,10,"DE","Hannover (Donkey Republic)","Donkey Republic","2026-08-28 00:23:09"
"28301","Ballhofplatz",52.3726867,9.7326806,10,0,10,"DE","Hannover (Donkey Republic)","Donkey Republic","2026-08-28 00:23:09"
"28422","Schneiderberg/Wilhelm-Busch-Museum",52.384996,9.712872,6,0,6,"DE","Hannover (Donkey Republic)","Donkey Republic","2026-08-28 00:23:09"
"30150","Maschseefest Geibelstrasse",52.3571504,9.744109,3,2,1,"DE","Hannover (Donkey Republic)","Donkey Republic","2026-08-28 00:23:09"
"29047","Ungerstrasse",52.3760512,9.7039995,6,2,5,"DE","Hannover (Donkey Republic)","Donkey Republic","2026-08-28 00:23:09"
"31225","Bodestrasse ",52.3917625,9.7214219,5,1,5,"DE","Hannover (Donkey Republic)","Donkey Republic","2026-08-28 00:23:09"
"28382","Stolzestrasse 56",52.3649479,9.7564802,3,3,0,"DE","Hannover (Donkey Republic)","Donkey Republic","2026-08-28 00:23:09"
"28333","Hamburger Allee- Lister Meile",52.3791466,9.7435399,10,0,10,"DE","Hannover (Donkey Republic)","Donkey Republic","2026-08-28 00:23:09"
"28985","Nieschlagstrasse",52.3672216,9.708756,6,4,3,"DE","Hannover (Donkey Republic)","Donkey Republic","2026-08-28 00:23:09"
"28340","Jakobistrasse 6",52.3890748,9.7487794,6,7,0,"DE","Hannover (Donkey Republic)","Donkey Republic","2026-08-28 00:23:09"
"28450","Lindener Marktplatz",52.366675,9.7144424,6,1,5,"DE","Hannover (Donkey Republic)","Donkey Republic","2026-08-28 00:23:09"
"29133","Pfarrstrasse/Ricklinger Stadtweg",52.3470235,9.7236118,3,3,1,"DE","Hannover (Donkey Republic)","Donkey Republic","2026-08-28 00:23:09"
"28295","Am Marstall",52.374518,9.7341063,10,0,10,"DE","Hannover (Donkey Republic)","Donkey Republic","2026-08-28 00:23:09"
"28436","Vahrenwalder Platz",52.391622,9.735144,5,8,0,"DE","Hannover (Donkey Republic)","Donkey Republic","2026-08-28 00:23:09"
"28312","Congress Centrum - Ost",52.3758452,9.7706992,3,1,2,"DE","Hannover (Donkey Republic)","Donkey Republic","2026-08-28 00:23:09"
"28672","Herrenhäuser Kirchweg",52.3931088,9.7139653,6,1,5,"DE","Hannover (Donkey Republic)","Donkey Republic","2026-08-28 00:23:09"
"29031","Krausenstrasse",52.3642355,9.7575767,3,3,1,"DE","Hannover (Donkey Republic)","Donkey Republic","2026-08-28 00:23:09"
"29185","Shell",52.3968343,9.7930147,0,1,0,"DE","Hannover (Donkey Republic)","Donkey Republic","2026-08-28 00:23:09"
"29197","Schneiderberg ",52.3847998,9.7130168,6,0,6,"DE","Hannover (Donkey Republic)","Donkey Republic","2026-08-28 00:23:09"
"29025","Wilhelmstrasse",52.3681941,9.7486467,2,2,0,"DE","Hannover (Donkey Republic)","Donkey Republic","2026-08-28 00:23:09"
"28324","Franz-Nause-Strasse 3",52.3746595,9.6944948,5,2,4,"DE","Hannover (Donkey Republic)","Donkey Republic","2026-08-28 00:23:09"
"28303","Berggarten/Sealife",52.3918451,9.6985856,7,0,7,"DE","Hannover (Donkey Republic)","Donkey Republic","2026-08-28 00:23:09"
"28430","Hildesheimer Strasse 98",52.3587235,9.7513576,1,2,0,"DE","Hannover (Donkey Republic)","Donkey Republic","2026-08-28 00:23:09"
"31994","Station19",52.3689183,9.7410101,8,0,8,"DE","Hannover (Donkey Republic)","Donkey Republic","2026-08-28 00:23:09"
"28679","Friedrichswall",52.3688034,9.7361579,6,1,6,"DE","Hannover (Donkey Republic)","Donkey Republic","2026-08-28 00:23:09"
"28997","Jägerstrasse",52.3798484,9.7175789,6,0,6,"DE","Hannover (Donkey Republic)","Donkey Republic","2026-08-28 00:23:09"
"28675","Stadionbrücke",52.3576783,9.7232991,2,2,1,"DE","Hannover (Donkey Republic)","Donkey Republic","2026-08-28 00:23:09"
"29219","Dragonerstrasse",52.3936293,9.7355846,5,7,0,"DE","Hannover (Donkey Republic)","Donkey Republic","2026-08-28 00:23:09"
"28317","Faustwiese",52.3755909,9.710559,3,3,0,"DE","Hannover (Donkey Republic)","Donkey Republic","2026-08-28 00:23:09"
"28720","Studentenwohnheim Dorotheenstrasse",52.3922273,9.6857199,5,5,0,"DE","Hannover (Donkey Republic)","Donkey Republic","2026-08-28 00:23:09"
"29004","Harenberger Strasse ",52.3769952,9.6896495,2,2,1,"DE","Hannover (Donkey Republic)","Donkey Republic","2026-08-28 00:23:09"
"31602","LUH / Audimax",52.3825213,9.7191489,15,0,15,"DE","Hannover (Donkey Republic)","Donkey Republic","2026-08-28 00:23:09"
"28700","An der Lutherkirche",52.3875021,9.721071,6,0,5,"DE","Hannover (Donkey Republic)","Donkey Republic","2026-08-28 00:23:09"
"28699","Am Lindener Hafen",52.3650896,9.6934493,6,2,5,"DE","Hannover (Donkey Republic)","Donkey Republic","2026-08-28 00:23:09"
"29930","Mecklenburgische",52.3787166,9.8087814,2,2,1,"DE","Hannover (Donkey Republic)","Donkey Republic","2026-08-28 00:23:09"
"30959","Hub: Nikolaistrasse",52.3798125,9.7329375,6,0,6,"DE","Hannover (Donkey Republic)","Donkey Republic","2026-08-28 00:23:09"
"28647","Neustädter Strasse",52.3702806,9.727164,6,8,0,"DE","Hannover (Donkey Republic)","Donkey Republic","2026-08-28 00:23:09"
"29046","Pfarrlandstrasse",52.3764535,9.7076209,6,2,5,"DE","Hannover (Donkey Republic)","Donkey Republic","2026-08-28 00:23:09"
"28689","Callinstrasse",52.3879708,9.7107916,6,0,5,"DE","Hannover (Donkey Republic)","Donkey Republic","2026-08-28 00:23:09"
"28715","Bismarckstrasse",52.3567134,9.7689459,6,3,2,"DE","Hannover (Donkey Republic)","Donkey Republic","2026-08-28 00:23:09"
"29173","Am Küchengarten/ Fösserstrasse",52.3713279,9.7137303,6,10,0,"DE","Hannover (Donkey Republic)","Donkey Republic","2026-08-28 00:23:09"
"30956","Hub: Am Klagesmarkt",52.3805625,9.7266406,8,0,8,"DE","Hannover (Donkey Republic)","Donkey Republic","2026-08-28 00:23:09"
"29040","Königsworther Platz",52.3779873,9.7226704,3,0,3,"DE","Hannover (Donkey Republic)","Donkey Republic","2026-08-28 00:23:09"
"30190","Schneiderberg",52.3890332,9.7173556,3,1,3,"DE","Hannover (Donkey Republic)","Donkey Republic","2026-08-28 00:23:09"
"28995","Lodemannbrücke",52.3554074,9.7295792,3,2,2,"DE","Hannover (Donkey Republic)","Donkey Republic","2026-08-28 00:23:09"
"31995","Station20",52.368457,9.7438378,8,1,7,"DE","Hannover (Donkey Republic)","Donkey Republic","2026-08-28 00:23:09"
"31248","Bierweg",52.3425875,9.7134844,2,1,0,"DE","Hannover (Donkey Republic)","Donkey Republic","2026-08-28 00:23:09"
"28961","Schützenplatz",52.3644411,9.7281289,6,1,5,"DE","Hannover (Donkey Republic)","Donkey Republic","2026-08-28 00:23:09"
"29132","Schünemannplatz",52.34805,9.7234566,2,1,1,"DE","Hannover (Donkey Republic)","Donkey Republic","2026-08-28 00:23:09"
"28690","Aegidientorplatz",52.3688326,9.7434814,6,0,5,"DE","Hannover (Donkey Republic)","Donkey Republic","2026-08-28 00:23:09"
"28330","Georgstrasse",52.3724225,9.7401369,10,0,10,"DE","Hannover (Donkey Republic)","Donkey Republic","2026-08-28 00:23:09"
"30004","Kiliøn",52.3818374,9.7241343,1,0,1,"DE","Hannover (Donkey Republic)","Donkey Republic","2026-08-28 00:23:09"
"30421","Kaiserallee",52.3797429,9.7617026,2,2,1,"DE","Hannover (Donkey Republic)","Donkey Republic","2026-08-28 00:23:09"
"28298","Arnswaldtstrasse 19",52.3702042,9.7468706,10,0,10,"DE","Hannover (Donkey Republic)","Donkey Republic","2026-08-28 00:23:09"
"30973","Hub: Leinstrasse",52.3701419,9.7354504,3,0,3,"DE","Hannover (Donkey Republic)","Donkey Republic","2026-08-28 00:23:09"
"28389","Vahrenwalderstrasse 238",52.412081,9.7347765,4,2,2,"DE","Hannover (Donkey Republic)","Donkey Republic","2026-08-28 00:23:09"
"31977","Station2",52.3698499,9.7352656,8,0,8,"DE","Hannover (Donkey Republic)","Donkey Republic","2026-08-28 00:23:09"
"32002","Station27",52.3805712,9.725126,8,0,8,"DE","Hannover (Donkey Republic)","Donkey Republic","2026-08-28 00:23:09"
"28315","Eulenkamp",52.4030833,9.7913577,2,2,0,"DE","Hannover (Donkey Republic)","Donkey Republic","2026-08-28 00:23:09"
"28668","Dragonerstrasse",52.3939852,9.7350666,4,5,0,"DE","Hannover (Donkey Republic)","Donkey Republic","2026-08-28 00:23:09"
"28345","Landschaftstrasse 7",52.3717979,9.7440719,3,1,2,"DE","Hannover (Donkey Republic)","Donkey Republic","2026-08-28 00:23:09"
"28394","U Noltemeyerbrücke N",52.4059469,9.8002955,5,2,4,"DE","Hannover (Donkey Republic)","Donkey Republic","2026-08-28 00:23:09"
"29015","Siemensstrasse",52.3563221,9.7511237,3,3,1,"DE","Hannover (Donkey Republic)","Donkey Republic","2026-08-28 00:23:09"
"30908","Fiedelerplatz",52.3398238,9.7638725,2,4,0,"DE","Hannover (Donkey Republic)","Donkey Republic","2026-08-28 00:23:09"
"28307","Bleichenstrasse Park",52.3671008,9.7402365,10,0,10,"DE","Hannover (Donkey Republic)","Donkey Republic","2026-08-28 00:23:09"
"30932","Hannover-Buchholz-Kleefeld",52.3945875,9.8036719,3,0,2,"DE","Hannover (Donkey Republic)","Donkey Republic","2026-08-28 00:23:09"
"29221","Auf der Bult 8",52.3601142,9.7762113,5,0,5,"DE","Hannover (Donkey Republic)","Donkey Republic","2026-08-28 00:23:09"
"31215","Tierärztliche Hochschule",52.3695425,9.7672095,3,1,2,"DE","Hannover (Donkey Republic)","Donkey Republic","2026-08-28 00:23:09"
"28696","Arndtstrasse",52.3811945,9.7276652,6,0,6,"DE","Hannover (Donkey Republic)","Donkey Republic","2026-08-28 00:23:09"
"28654","Sallstrasse",52.3671148,9.7552043,2,1,0,"DE","Hannover (Donkey Republic)","Donkey Republic","2026-08-28 00:23:09"
"28960","Robert-Enke-Strasse",52.3617464,9.7293548,6,0,6,"DE","Hannover (Donkey Republic)","Donkey Republic","2026-08-28 00:23:09"
"30962","Hub: Mehlstrasse",52.3758625,9.7367656,0,1,0,"DE","Hannover (Donkey Republic)","Donkey Republic","2026-08-28 00:23:09"
"30636","Nikolai-Fuchs-Strasse",52.3884177,9.8020075,2,3,0,"DE","Hannover (Donkey Republic)","Donkey Republic","2026-08-28 00:23:09"
"29018","Misburger Strasse",52.3791084,9.8085097,3,1,2,"DE","Hannover (Donkey Republic)","Donkey Republic","2026-08-28 00:23:09"
"32544","Heidring",52.3808505,9.8127299,3,3,0,"DE","Hannover (Donkey Republic)","Donkey Republic","2026-08-28 00:23:09"
"30498","Plathnerstrasse",52.3745318,9.7606491,3,1,3,"DE","Hannover (Donkey Republic)","Donkey Republic","2026-08-28 00:23:09"
"28386","U Aegidientorplatz",52.3691393,9.7430839,10,0,10,"DE","Hannover (Donkey Republic)","Donkey Republic","2026-08-28 00:23:09"
"29167","Hohenzollernstrasse Mitte",52.3844927,9.7544666,2,3,0,"DE","Hannover (Donkey Republic)","Donkey Republic","2026-08-28 00:23:09"
"29604","Detmoldstrasse",52.3694366,9.7534521,1,0,0,"DE","Hannover (Donkey Republic)","Donkey Republic","2026-08-28 00:23:09"
"28719","Uhlhornstrasse",52.3714332,9.7931424,3,2,1,"DE","Hannover (Donkey Republic)","Donkey Republic","2026-08-28 00:23:09"
"29021","Kinderkrankenhaus auf der Bult",52.3623466,9.7775605,4,0,3,"DE","Hannover (Donkey Republic)","Donkey Republic","2026-08-28 00:23:09"
"28708","Am Soltekampe",52.3572084,9.6765409,4,4,0,"DE","Hannover (Donkey Republic)","Donkey Republic","2026-08-28 00:23:09"
"29162","Hannover Congress Centum ",52.377738,9.7691886,2,1,1,"DE","Hannover (Donkey Republic)","Donkey Republic","2026-08-28 00:23:09"
"30974","Hub: Schmiedestrasse ",52.3728125,9.7350781,8,0,8,"DE","Hannover (Donkey Republic)","Donkey Republic","2026-08-28 00:23:09"
"28296","Am Marstall 17",52.3741864,9.7314699,10,0,10,"DE","Hannover (Donkey Republic)","Donkey Republic","2026-08-28 00:23:09"
"29970","Seilerstrasse 1",52.3639534,9.7501161,2,1,1,"DE","Hannover (Donkey Republic)","Donkey Republic","2026-08-28 00:23:09"
"28640","Lister Kirchweg",52.395011,9.7444126,5,1,5,"DE","Hannover (Donkey Republic)","Donkey Republic","2026-08-28 00:23:09"
"29191","Carlo Schmid Allee/ Davenstedter Strasse",52.3657884,9.6784502,3,6,0,"DE","Hannover (Donkey Republic)","Donkey Republic","2026-08-28 00:23:09"
"28363","Otto Almstadt",52.3692633,9.7386298,10,0,10,"DE","Hannover (Donkey Republic)","Donkey Republic","2026-08-28 00:23:09"
"31983","Station8",52.3720861,9.7374976,8,0,8,"DE","Hannover (Donkey Republic)","Donkey Republic","2026-08-28 00:23:09"
"32004","Station29",52.381333,9.7329305,8,0,8,"DE","Hannover (Donkey Republic)","Donkey Republic","2026-08-28 00:23:09"
"32006","Station31",52.3797946,9.7323839,8,0,8,"DE","Hannover (Donkey Republic)","Donkey Republic","2026-08-28 00:23:09"
"29208","Hannover Kleefeld",52.3742026,9.8211896,2,1,1,"DE","Hannover (Donkey Republic)","Donkey Republic","2026-08-28 00:23:09"
"29277","Riechersstrasse",52.3546696,9.6694483,3,0,3,"DE","Hannover (Donkey Republic)","Donkey Republic","2026-08-28 00:23:09"
"28718","Kirchroder Strasse",52.3707634,9.8027848,6,0,6,"DE","Hannover (Donkey Republic)","Donkey Republic","2026-08-28 00:23:09"
"28682","Fundstrasse",52.3835806,9.7534008,3,3,0,"DE","Hannover (Donkey Republic)","Donkey Republic","2026-08-28 00:23:09"
"30700","Büttnerstrasse ",52.4028158,9.7358133,3,4,0,"DE","Hannover (Donkey Republic)","Donkey Republic","2026-08-28 00:23:09"
"28697","Burgstrasse",52.372325,9.7319428,6,0,6,"DE","Hannover (Donkey Republic)","Donkey Republic","2026-08-28 00:23:09"
"28360","Bruchmeisterallee",52.362285,9.7319673,6,1,5,"DE","Hannover (Donkey Republic)","Donkey Republic","2026-08-28 00:23:09"
"28676","Gretchenstrasse",52.3838984,9.7484563,6,6,0,"DE","Hannover (Donkey Republic)","Donkey Republic","2026-08-28 00:23:09"
"28376","Schmiedestrasse Parkhaus",52.3734451,9.734601,10,0,10,"DE","Hannover (Donkey Republic)","Donkey Republic","2026-08-28 00:23:09"
"28318","Ferdinand-Wallbrecht 12",52.3901077,9.7492607,3,2,2,"DE","Hannover (Donkey Republic)","Donkey Republic","2026-08-28 00:23:09"
"28659","Stadtbibliothek",52.3668708,9.7453043,6,1,4,"DE","Hannover (Donkey Republic)","Donkey Republic","2026-08-28 00:23:09"
"68577704","Julius-Raab-Platz",48.211544,16.382374,17,2,15,"AT","Wien","nextbike","2026-08-28 00:23:09"
"68577989","Hoher Markt",48.210666,16.372983,25,1,24,"AT","Wien","nextbike","2026-08-28 00:23:09"
"68578292","Oper / Karlsplatz U",48.202683,16.369702,21,2,16,"AT","Wien","nextbike","2026-08-28 00:23:09"
"68578979","Ring / Volkstheater U",48.206516,16.3604,15,10,5,"AT","Wien","nextbike","2026-08-28 00:23:09"
"68579304","Stephansplatz U",48.207836,16.372111,22,1,17,"AT","Wien","nextbike","2026-08-28 00:23:09"
"68579972","Taborstraße U",48.219522,16.382218,23,27,0,"AT","Wien","nextbike","2026-08-28 00:23:09"
"68580182","WU-Campus / Südportalstraße ",48.212856,16.407665,35,20,12,"AT","Wien","nextbike","2026-08-28 00:23:09"
"68580553","Radetzkyplatz",48.211058,16.38939,10,1,9,"AT","Wien","nextbike","2026-08-28 00:23:09"
"68580955","Erdberg U",48.190465,16.415318,36,35,0,"AT","Wien","nextbike","2026-08-28 00:23:09"
"68581183","Media Quarter Marx",48.188763,16.404503,48,21,26,"AT","Wien","nextbike","2026-08-28 00:23:09"
"68582032","Rennweg S",48.194261,16.386578,9,20,0,"AT","Wien","nextbike","2026-08-28 00:23:09"
"68582393","Rochusgasse U",48.203416,16.389789,16,2,14,"AT","Wien","nextbike","2026-08-28 00:23:09"
"68582598","Schwarzenbergplatz",48.198852,16.376962,20,18,1,"AT","Wien","nextbike","2026-08-28 00:23:09"
"68582758","Preßgasse",48.195304,16.363308,18,24,0,"AT","Wien","nextbike","2026-08-28 00:23:09"
"68583064","Margaretengürtel U",48.188489,16.343992,30,15,15,"AT","Wien","nextbike","2026-08-28 00:23:09"
"68583190","Mittersteig",48.189735,16.361331,23,10,12,"AT","Wien","nextbike","2026-08-28 00:23:09"
"68583368","Ceija-Stojka-Platz",48.207702,16.342199,11,2,7,"AT","Wien","nextbike","2026-08-28 00:23:09"
"68583487","Volkstheater U",48.205994,16.356442,18,10,7,"AT","Wien","nextbike","2026-08-28 00:23:09"
"68583665","Zieglergasse U",48.196724,16.343985,14,2,10,"AT","Wien","nextbike","2026-08-28 00:23:09"
"68583873","Oskar-Morgenstern-Platz",48.219182,16.366349,38,43,0,"AT","Wien","nextbike","2026-08-28 00:23:09"
"68584195","Frankhplatz",48.215164,16.355172,21,10,10,"AT","Wien","nextbike","2026-08-28 00:23:09"
"68584504","Friedensbrücke U",48.226825,16.365311,19,15,4,"AT","Wien","nextbike","2026-08-28 00:23:09"
"68584898","Spittelau S U",48.235289,16.35875,19,28,0,"AT","Wien","nextbike","2026-08-28 00:23:09"
"68585081","Absbergbrücke ",48.167276,16.386339,24,27,0,"AT","Wien","nextbike","2026-08-28 00:23:09"
"68586340","Altes Landgut U",48.160985,16.383653,30,0,30,"AT","Wien","nextbike","2026-08-28 00:23:09"
"68586628","Bloch-Bauer-Promenade",48.179521,16.385926,12,7,3,"AT","Wien","nextbike","2026-08-28 00:23:09"
"68586882","Hauptbahnhof S U ",48.186287,16.375631,54,13,38,"AT","Wien","nextbike","2026-08-28 00:23:09"
"68587431","Keplerplatz U",48.179192,16.375793,16,10,4,"AT","Wien","nextbike","2026-08-28 00:23:09"
"68587603","Puchsbaumgasse",48.172123,16.389296,13,15,0,"AT","Wien","nextbike","2026-08-28 00:23:09"
"68587889","Enkplatz U",48.17625,16.41326,16,10,4,"AT","Wien","nextbike","2026-08-28 00:23:09"
"68588081","Gasometer U",48.185253,16.417358,16,27,0,"AT","Wien","nextbike","2026-08-28 00:23:09"
"68588324","Geiselbergstraße S",48.174951,16.406785,16,11,4,"AT","Wien","nextbike","2026-08-28 00:23:09"
"68588588","Simmering S U",48.169601,16.420754,16,8,7,"AT","Wien","nextbike","2026-08-28 00:23:09"
"68588759","Niederhofstraße U",48.180233,16.330812,14,27,0,"AT","Wien","nextbike","2026-08-28 00:23:09"
"68589011","Hietzing U",48.187845,16.302445,32,11,20,"AT","Wien","nextbike","2026-08-28 00:23:09"
"68589226","Westbahnhof S U",48.19681,16.338577,40,4,36,"AT","Wien","nextbike","2026-08-28 00:23:09"
"68589424","Richard-Wagner-Platz",48.210054,16.328049,24,17,5,"AT","Wien","nextbike","2026-08-28 00:23:09"
"68589618","Alser Straße U",48.216588,16.3416,21,14,6,"AT","Wien","nextbike","2026-08-28 00:23:09"
"68589785","Währinger Straße U",48.225482,16.349795,24,22,2,"AT","Wien","nextbike","2026-08-28 00:23:09"
"68590091","Hardtgasse",48.236591,16.348719,25,20,4,"AT","Wien","nextbike","2026-08-28 00:23:09"
"68590324","Handelskai S U",48.24201,16.384797,28,35,0,"AT","Wien","nextbike","2026-08-28 00:23:09"
"68590453","Wallensteinplatz",48.229911,16.371579,23,45,0,"AT","Wien","nextbike","2026-08-28 00:23:09"
"68590734","Brünner Straße S",48.267376,16.403725,17,15,1,"AT","Wien","nextbike","2026-08-28 00:23:09"
"68590949","Floridsdorf S U",48.255621,16.400137,28,22,3,"AT","Wien","nextbike","2026-08-28 00:23:09"
"68591140","Großfeldsiedlung U",48.271948,16.447562,14,33,0,"AT","Wien","nextbike","2026-08-28 00:23:09"
"68591336","Siemensstraße S",48.27113,16.42081,12,25,0,"AT","Wien","nextbike","2026-08-28 00:23:09"
"68592270","Aspernstraße U",48.223008,16.475255,24,9,14,"AT","Wien","nextbike","2026-08-28 00:23:09"
"68592591","Donauspital U",48.219878,16.464588,22,21,1,"AT","Wien","nextbike","2026-08-28 00:23:09"
"68593797","Erzherzog-Karl-Straße S",48.229619,16.45357,20,20,0,"AT","Wien","nextbike","2026-08-28 00:23:09"
"68594003","Hausfeldstraße S U",48.233624,16.486825,22,20,1,"AT","Wien","nextbike","2026-08-28 00:23:09"
"68594176","Kagran U",48.243746,16.433508,32,26,4,"AT","Wien","nextbike","2026-08-28 00:23:09"
"68594313","Maria-Tusch-Straße",48.224719,16.498557,30,23,4,"AT","Wien","nextbike","2026-08-28 00:23:09"
"68594670","Rennbahnweg U",48.257535,16.44959,20,24,0,"AT","Wien","nextbike","2026-08-28 00:23:09"
"68594877","Schüttauplatz",48.225856,16.423761,16,22,0,"AT","Wien","nextbike","2026-08-28 00:23:09"
"68595050","Stadlau S U",48.21978,16.44922,18,18,0,"AT","Wien","nextbike","2026-08-28 00:23:09"
"68595226","Kaisermühlen-VIC U",48.232362,16.415692,22,15,2,"AT","Wien","nextbike","2026-08-28 00:23:09"
"68595381","Kagraner Platz U",48.251071,16.443794,14,11,2,"AT","Wien","nextbike","2026-08-28 00:23:09"
"68595540","Alterlaa U",48.150204,16.317214,22,13,9,"AT","Wien","nextbike","2026-08-28 00:23:09"
"71501335","Bacherplatz",48.188786,16.354482,NA,13,0,"AT","Wien","nextbike","2026-08-28 00:23:09"
"71502675","Carl-Appel-Straße",48.169012,16.343611,18,5,12,"AT","Wien","nextbike","2026-08-28 00:23:09"
"71502970","Otto-Probst-Platz",48.154212,16.348729,NA,22,0,"AT","Wien","nextbike","2026-08-28 00:23:09"
"71504091","Alaudagasse U",48.15271,16.38247,NA,14,0,"AT","Wien","nextbike","2026-08-28 00:23:09"
"71504398","Svetelskystraße",48.154248,16.465893,NA,23,0,"AT","Wien","nextbike","2026-08-28 00:23:09"
"71504628","Weißenböckstraße",48.162067,16.42849,NA,11,0,"AT","Wien","nextbike","2026-08-28 00:23:09"
"71506305","Zentralfriedhof 2. Tor",48.154665,16.442269,20,16,4,"AT","Wien","nextbike","2026-08-28 00:23:09"
"71506495","Simoningplatz",48.179097,16.420704,NA,13,0,"AT","Wien","nextbike","2026-08-28 00:23:09"
"71506714","Etrichstraße",48.148286,16.462449,NA,19,0,"AT","Wien","nextbike","2026-08-28 00:23:09"
"71507082","Zippererstraße U",48.17915,16.411219,NA,23,0,"AT","Wien","nextbike","2026-08-28 00:23:09"
"71507263","Hetzendorf S / Altmannsdorfer Straße",48.167527,16.316119,12,2,10,"AT","Wien","nextbike","2026-08-28 00:23:09"
"71508860","Gatterhölzl",48.175409,16.320534,14,1,13,"AT","Wien","nextbike","2026-08-28 00:23:09"
"71510056","Speising S",48.17377,16.282425,NA,9,0,"AT","Wien","nextbike","2026-08-28 00:23:09"
"71510354","Landstraßer Gürtel Eurogate",48.18782,16.393576,8,1,7,"AT","Wien","nextbike","2026-08-28 00:23:09"
"71511715","Hasnerstraße / Hofferplatz",48.208195,16.332566,15,11,4,"AT","Wien","nextbike","2026-08-28 00:23:09"
"71511892","Nietzscheplatz",48.220453,16.306123,NA,4,0,"AT","Wien","nextbike","2026-08-28 00:23:09"
"71512025","Wattgasse",48.217837,16.319961,15,7,6,"AT","Wien","nextbike","2026-08-28 00:23:09"
"71512384","Grinzing",48.255793,16.342947,11,1,9,"AT","Wien","nextbike","2026-08-28 00:23:09"
"71512698","Oberdöbling S",48.244386,16.344711,15,25,0,"AT","Wien","nextbike","2026-08-28 00:23:09"
"71513155","Kantnergasse",48.277738,16.410474,NA,15,0,"AT","Wien","nextbike","2026-08-28 00:23:09"
"71513386","Leopoldau S U",48.276824,16.45017,NA,9,0,"AT","Wien","nextbike","2026-08-28 00:23:09"
"71513576","Josef-Baumann-Gasse",48.25227,16.430805,14,10,4,"AT","Wien","nextbike","2026-08-28 00:23:09"
"71513732","Fultonstraße",48.252916,16.413875,15,17,0,"AT","Wien","nextbike","2026-08-28 00:23:09"
"71513842","Hopfengasse",48.269651,16.392036,NA,28,0,"AT","Wien","nextbike","2026-08-28 00:23:09"
"71513967","Jedlesee / Bellgasse",48.262909,16.386918,NA,9,0,"AT","Wien","nextbike","2026-08-28 00:23:09"
"71514129","Jedleseer Friedhof",48.270076,16.384403,NA,4,0,"AT","Wien","nextbike","2026-08-28 00:23:09"
"71514234","Strebersdorf / Meriangasse",48.291474,16.386194,NA,11,0,"AT","Wien","nextbike","2026-08-28 00:23:09"
"71514394","Kagraner Anger",48.239166,16.448733,NA,11,0,"AT","Wien","nextbike","2026-08-28 00:23:09"
"71514513","mdw Campus",48.202346,16.384805,NA,2,0,"AT","Wien","nextbike","2026-08-28 00:23:09"
"71514663","Stavangergasse",48.213317,16.474986,NA,8,0,"AT","Wien","nextbike","2026-08-28 00:23:09"
"71514791","Hans-Steger-Gasse",48.224465,16.456828,NA,14,0,"AT","Wien","nextbike","2026-08-28 00:23:09"
"71514929","Hirschstetten S",48.232992,16.470367,12,24,0,"AT","Wien","nextbike","2026-08-28 00:23:09"
"71515384","Atzgersdorf S",48.147137,16.28842,NA,3,0,"AT","Wien","nextbike","2026-08-28 00:23:09"
"71515681","Siebenhirten U",48.129845,16.310018,NA,6,0,"AT","Wien","nextbike","2026-08-28 00:23:09"
"84043210","Erlaaer Straße U",48.142919,16.316576,NA,5,0,"AT","Wien","nextbike","2026-08-28 00:23:09"
"84043446","Perfektastraße U",48.136491,16.313367,NA,14,0,"AT","Wien","nextbike","2026-08-28 00:23:09"
"84043886","Meidling S U / Vivenotgasse",48.175247,16.331659,22,1,21,"AT","Wien","nextbike","2026-08-28 00:23:09"
"84044298","Praterstern Ausstellungsstraße",48.21785,16.395483,25,24,0,"AT","Wien","nextbike","2026-08-28 00:23:09"
"86734914","Muthgasse",48.252055,16.369822,17,24,0,"AT","Wien","nextbike","2026-08-28 00:23:09"
"87590679","Liesing S",48.134253,16.283428,13,5,8,"AT","Wien","nextbike","2026-08-28 00:23:09"
"94505684","Aspern Nord S U",48.235615,16.503965,NA,11,0,"AT","Wien","nextbike","2026-08-28 00:23:09"
"94506147","Seepark",48.226593,16.504396,NA,0,0,"AT","Wien","nextbike","2026-08-28 00:23:09"
"94506325","Seestadt U",48.224865,16.507619,18,15,1,"AT","Wien","nextbike","2026-08-28 00:23:09"
"102158706","Schwedenplatz U",48.211721,16.376628,30,0,28,"AT","Wien","nextbike","2026-08-28 00:23:09"
"102178715","Waldmüllerpark",48.18136,16.367618,12,8,4,"AT","Wien","nextbike","2026-08-28 00:23:09"
"103301435","Stubentor U",48.206812,16.380441,16,8,7,"AT","Wien","nextbike","2026-08-28 00:23:09"
"103316881","Landstraße - Wien Mitte S U",48.205847,16.385246,25,17,8,"AT","Wien","nextbike","2026-08-28 00:23:09"
"103317151","Praterstern S U",48.218454,16.390281,56,69,0,"AT","Wien","nextbike","2026-08-28 00:23:09"
"103317402","Rustengasse",48.190832,16.326461,15,16,0,"AT","Wien","nextbike","2026-08-28 00:23:09"
"103317675","Heiligenstadt S U",48.248272,16.36813,18,1,16,"AT","Wien","nextbike","2026-08-28 00:23:09"
"103317902","Breitensee S",48.198242,16.306901,14,1,12,"AT","Wien","nextbike","2026-08-28 00:23:09"
"103318155","Hütteldorf S U",48.197969,16.261895,33,23,10,"AT","Wien","nextbike","2026-08-28 00:23:09"
"103318491","Rathaus U",48.211441,16.356586,41,30,9,"AT","Wien","nextbike","2026-08-28 00:23:09"
"103318689","Hans-Mandl-Berufsschule",48.181161,16.338769,15,12,2,"AT","Wien","nextbike","2026-08-28 00:23:09"
"103319213","Dänenstraße / BOKU",48.23737,16.33448,NA,2,0,"AT","Wien","nextbike","2026-08-28 00:23:09"
"103319515","Schloss Schönbrunn",48.187201,16.312659,36,12,23,"AT","Wien","nextbike","2026-08-28 00:23:09"
"103319780","Eslarngasse / Juchgasse",48.196678,16.395204,22,12,10,"AT","Wien","nextbike","2026-08-28 00:23:09"
"103320049","Plößlgasse / Belvedere",48.194578,16.377147,22,16,6,"AT","Wien","nextbike","2026-08-28 00:23:09"
"103320289","Sankt-Elisabeth-Platz",48.190903,16.375826,23,43,0,"AT","Wien","nextbike","2026-08-28 00:23:09"
"103320500","Laudongasse / Schönbornpark",48.21339,16.350695,23,7,16,"AT","Wien","nextbike","2026-08-28 00:23:09"
"103320795","Rossauer Lände U",48.222729,16.367425,28,37,0,"AT","Wien","nextbike","2026-08-28 00:23:09"
"103321191","Lazarettgasse",48.219312,16.352461,18,10,7,"AT","Wien","nextbike","2026-08-28 00:23:09"
"103587074","Edelsinnstraße",48.170578,16.310926,15,2,13,"AT","Wien","nextbike","2026-08-28 00:23:09"
"105011519","Karlsplatz U / TU Wien",48.199877,16.368227,19,1,18,"AT","Wien","nextbike","2026-08-28 00:23:09"
"105539739","Amerlingstraße",48.197306,16.350981,12,0,12,"AT","Wien","nextbike","2026-08-28 00:23:09"
"106776330","Albertgasse",48.210475,16.343998,28,27,1,"AT","Wien","nextbike","2026-08-28 00:23:09"
"107176004","Universitätsring",48.21192,16.360781,33,21,12,"AT","Wien","nextbike","2026-08-28 00:23:09"
"107176172","Herrengasse U",48.209724,16.366685,24,16,8,"AT","Wien","nextbike","2026-08-28 00:23:09"
"107177260","Sensengasse",48.220335,16.35638,20,18,1,"AT","Wien","nextbike","2026-08-28 00:23:09"
"108294385","Belgradplatz",48.174228,16.361368,NA,14,0,"AT","Wien","nextbike","2026-08-28 00:23:09"
"108328961","Rathausplatz / Burgtheater",48.209524,16.360021,40,32,8,"AT","Wien","nextbike","2026-08-28 00:23:09"
"108329236","Arbeitergasse - Gürtel",48.18392,16.345801,20,31,0,"AT","Wien","nextbike","2026-08-28 00:23:09"
"108330011","Bauernfeldplatz / Palais Lichtenstein",48.221085,16.360193,24,23,1,"AT","Wien","nextbike","2026-08-28 00:23:09"
"108330262","Johannesgasse / Stadtpark",48.203384,16.376708,17,0,17,"AT","Wien","nextbike","2026-08-28 00:23:09"
"108575312","Bischof-Faber-Platz",48.233868,16.325099,NA,1,0,"AT","Wien","nextbike","2026-08-28 00:23:09"
"110075845","Am Schöpfwerk U",48.160951,16.324922,27,8,18,"AT","Wien","nextbike","2026-08-28 00:23:09"
"110076109","Alserbachstraße",48.225138,16.354893,22,25,0,"AT","Wien","nextbike","2026-08-28 00:23:09"
"110076578","Petrusgasse",48.192988,16.398459,26,22,3,"AT","Wien","nextbike","2026-08-28 00:23:09"
"110076854","Wassergasse",48.199234,16.394335,22,27,0,"AT","Wien","nextbike","2026-08-28 00:23:09"
"110077149","Löwengasse",48.2057,16.395998,23,37,0,"AT","Wien","nextbike","2026-08-28 00:23:09"
"110077394","Kardinal-Nagl-Platz U",48.197069,16.400874,16,53,0,"AT","Wien","nextbike","2026-08-28 00:23:09"
"110420108","Kärntner Ring",48.202161,16.3713,17,5,12,"AT","Wien","nextbike","2026-08-28 00:23:09"
"110474164","Schottenring U",48.215972,16.372194,18,7,11,"AT","Wien","nextbike","2026-08-28 00:23:09"
"111035034","Strozzigasse",48.207744,16.349122,22,5,15,"AT","Wien","nextbike","2026-08-28 00:23:09"
"112096063","Yppengasse",48.214561,16.335624,23,16,7,"AT","Wien","nextbike","2026-08-28 00:23:09"
"112972587","Stefan-Fadinger-Platz",48.168439,16.354862,12,3,9,"AT","Wien","nextbike","2026-08-28 00:23:09"
"112972732","Brünnlbadgasse",48.215262,16.346523,11,11,0,"AT","Wien","nextbike","2026-08-28 00:23:09"
"113851857","Obere Augartenstraße",48.223,16.374752,14,17,0,"AT","Wien","nextbike","2026-08-28 00:23:09"
"113852160","Gußhausstraße / Argentinierstraße",48.197287,16.371572,9,14,0,"AT","Wien","nextbike","2026-08-28 00:23:09"
"113852535","Marschallplatz",48.165635,16.303146,10,11,0,"AT","Wien","nextbike","2026-08-28 00:23:09"
"113852718","Ober St. Veit U",48.192296,16.274813,15,20,0,"AT","Wien","nextbike","2026-08-28 00:23:09"
"113852877","Auf der Schmelz",48.203673,16.316414,20,3,15,"AT","Wien","nextbike","2026-08-28 00:23:09"
"113853038","Grimmgasse",48.186805,16.327679,19,15,4,"AT","Wien","nextbike","2026-08-28 00:23:09"
"113853202","Parhamerplatz",48.216137,16.328093,29,4,23,"AT","Wien","nextbike","2026-08-28 00:23:09"
"114191041","Kendlerstraße U",48.205571,16.30959,20,3,15,"AT","Wien","nextbike","2026-08-28 00:23:09"
"114192844","Dornerplatz",48.221223,16.33459,25,24,0,"AT","Wien","nextbike","2026-08-28 00:23:09"
"114193118","Hernals S",48.22321,16.315256,20,4,15,"AT","Wien","nextbike","2026-08-28 00:23:09"
"114193703","Schmelzbrücke",48.19623,16.330241,21,19,2,"AT","Wien","nextbike","2026-08-28 00:23:09"
"114194532","Michelbeuern-AKH U",48.221804,16.343735,27,17,9,"AT","Wien","nextbike","2026-08-28 00:23:09"
"114194796","Johann-Nepomuk-Vogl-Platz",48.223756,16.337543,12,5,7,"AT","Wien","nextbike","2026-08-28 00:23:09"
"114195490","Mayerhofgasse",48.192488,16.367014,12,14,0,"AT","Wien","nextbike","2026-08-28 00:23:09"
"114195856","Westbahnstraße / Schottenfeldgasse",48.201942,16.343241,15,2,13,"AT","Wien","nextbike","2026-08-28 00:23:09"
"115734327","Vorgartenstraße U",48.223192,16.399795,34,50,0,"AT","Wien","nextbike","2026-08-28 00:23:09"
"115734503","Krieau U",48.214384,16.414663,30,26,4,"AT","Wien","nextbike","2026-08-28 00:23:09"
"115734657","Ottakring S U",48.211841,16.311806,38,6,31,"AT","Wien","nextbike","2026-08-28 00:23:09"
"115735030","Hartmanngasse ",48.187123,16.363965,23,20,0,"AT","Wien","nextbike","2026-08-28 00:23:09"
"115737941","Nestroyplatz U",48.215566,16.386328,NA,24,0,"AT","Wien","nextbike","2026-08-28 00:23:09"
"116474003","Messe-Prater U",48.217295,16.406163,44,18,25,"AT","Wien","nextbike","2026-08-28 00:23:09"
"117147572","Loquaiplatz",48.194597,16.349121,19,10,7,"AT","Wien","nextbike","2026-08-28 00:23:09"
"117147809","Rosensteingasse",48.21955,16.326586,21,3,16,"AT","Wien","nextbike","2026-08-28 00:23:09"
"117148042","Gumpendorfer Gürtel",48.18934,16.338321,26,23,2,"AT","Wien","nextbike","2026-08-28 00:23:09"
"117148276","Burggasse-Stadthalle U",48.203657,16.337419,20,1,19,"AT","Wien","nextbike","2026-08-28 00:23:09"
"117148509","Urban-Loritz-Platz",48.201034,16.337727,22,2,20,"AT","Wien","nextbike","2026-08-28 00:23:09"
"117148697","Hanusch Krankenhaus",48.19853,16.29393,18,19,0,"AT","Wien","nextbike","2026-08-28 00:23:09"
"117149012","Westbahnhof S U / Gerstnerstraße",48.195315,16.337344,32,2,28,"AT","Wien","nextbike","2026-08-28 00:23:09"
"117149230","Wieningerplatz",48.194063,16.31846,22,8,12,"AT","Wien","nextbike","2026-08-28 00:23:09"
"117329509","Markgraf-Rüdiger Straße",48.202473,16.329897,28,7,20,"AT","Wien","nextbike","2026-08-28 00:23:09"
"117329675","Plunkergasse",48.199892,16.327151,24,24,0,"AT","Wien","nextbike","2026-08-28 00:23:09"
"117329972","Westbahnhof S U / Felberstraße",48.197958,16.3377,38,2,36,"AT","Wien","nextbike","2026-08-28 00:23:09"
"117632826","Kundratstraße",48.176146,16.355224,15,11,4,"AT","Wien","nextbike","2026-08-28 00:23:09"
"117633648","Arthaberplatz",48.173447,16.371831,24,10,14,"AT","Wien","nextbike","2026-08-28 00:23:09"
"117753032","Karmeliterplatz",48.215683,16.379649,15,14,1,"AT","Wien","nextbike","2026-08-28 00:23:09"
"117753367","Fröbelgasse",48.205827,16.330869,24,6,17,"AT","Wien","nextbike","2026-08-28 00:23:09"
"117753498","Reumannplatz U",48.172937,16.378663,19,18,0,"AT","Wien","nextbike","2026-08-28 00:23:09"
"117753757","Brestelgasse",48.214001,16.330753,13,2,11,"AT","Wien","nextbike","2026-08-28 00:23:09"
"117753925","Thaliastraße U",48.207995,16.337984,24,4,15,"AT","Wien","nextbike","2026-08-28 00:23:09"
"119161164","Nussdorfer Straße S",48.231717,16.353124,17,16,1,"AT","Wien","nextbike","2026-08-28 00:23:09"
"119161712","Elterleinplatz",48.217936,16.332271,14,21,0,"AT","Wien","nextbike","2026-08-28 00:23:09"
"119161997","Canisiusgasse",48.229011,16.354359,22,15,7,"AT","Wien","nextbike","2026-08-28 00:23:09"
"119163086","Meidling S U / Schedifkaplatz",48.172862,16.332105,NA,3,0,"AT","Wien","nextbike","2026-08-28 00:23:09"
"119164521","Palffygasse",48.217217,16.337131,25,16,9,"AT","Wien","nextbike","2026-08-28 00:23:09"
"119164831","Gersthof S",48.231029,16.329505,24,22,1,"AT","Wien","nextbike","2026-08-28 00:23:09"
"119165095","Reinprechtsdorfer Brücke",48.189633,16.351143,20,12,8,"AT","Wien","nextbike","2026-08-28 00:23:09"
"119165301","Siebensterngasse",48.202223,16.352486,18,1,17,"AT","Wien","nextbike","2026-08-28 00:23:09"
"119165695","Siebenbrunnenplatz",48.184975,16.352986,20,21,0,"AT","Wien","nextbike","2026-08-28 00:23:09"
"119166015","Rosensteingasse / Blumengasse",48.222824,16.328474,22,8,12,"AT","Wien","nextbike","2026-08-28 00:23:09"
"119166984","Schottenring U /Herminengasse",48.217784,16.373083,18,18,0,"AT","Wien","nextbike","2026-08-28 00:23:09"
"119199656","Josefstädter Straße U",48.212106,16.33912,22,16,6,"AT","Wien","nextbike","2026-08-28 00:23:09"
"119467705","Friedrich-Engels-Platz",48.244111,16.379304,25,26,0,"AT","Wien","nextbike","2026-08-28 00:23:09"
"119468010","Dresdner Straße U",48.237487,16.380363,26,34,0,"AT","Wien","nextbike","2026-08-28 00:23:09"
"119471185","Jägerstraße U",48.235062,16.369919,22,20,2,"AT","Wien","nextbike","2026-08-28 00:23:09"
"119471390","Traisengasse S",48.233821,16.383263,22,16,6,"AT","Wien","nextbike","2026-08-28 00:23:09"
"120664252","Kettenbrückengasse U / Naschmarkt",48.196328,16.357468,14,21,0,"AT","Wien","nextbike","2026-08-28 00:23:09"
"120665264","Aumannplatz",48.228561,16.335125,22,12,10,"AT","Wien","nextbike","2026-08-28 00:23:09"
"120665659","Längenfeldgasse U",48.18424,16.333886,24,28,0,"AT","Wien","nextbike","2026-08-28 00:23:09"
"120666295","Althanstraße",48.228936,16.3596,20,18,2,"AT","Wien","nextbike","2026-08-28 00:23:09"
"120666475","Schottentor U",48.214558,16.361492,36,15,18,"AT","Wien","nextbike","2026-08-28 00:23:09"
"120666709","Neubaugasse U",48.198527,16.35093,18,1,15,"AT","Wien","nextbike","2026-08-28 00:23:09"
"120666888","Museumsquartier U",48.202344,16.361117,34,3,31,"AT","Wien","nextbike","2026-08-28 00:23:09"
"120667066","Johnstrasse U",48.19834,16.318975,22,13,9,"AT","Wien","nextbike","2026-08-28 00:23:09"
"120667255","Turnergasse",48.193052,16.334208,17,26,0,"AT","Wien","nextbike","2026-08-28 00:23:09"
"136959192","Kutschkergasse",48.225707,16.344196,16,7,6,"AT","Wien","nextbike","2026-08-28 00:23:09"
"140182214","Stadion U",48.210893,16.420795,21,6,14,"AT","Wien","nextbike","2026-08-28 00:23:09"
"141457598","Brückengasse",48.19126,16.347918,22,14,7,"AT","Wien","nextbike","2026-08-28 00:23:09"
"167316120","Schuhmeierplatz",48.21069,16.318802,20,18,2,"AT","Wien","nextbike","2026-08-28 00:23:09"
"167316710","Schönbrunn U",48.185845,16.319898,14,11,3,"AT","Wien","nextbike","2026-08-28 00:23:09"
"179031019","Hermesstraße / Oscar-Straus-Park ",48.167976,16.282246,16,15,1,"AT","Wien","nextbike","2026-08-28 00:23:09"
"189949517","Modecenterstraße / The Marks",48.184348,16.413837,20,35,0,"AT","Wien","nextbike","2026-08-28 00:23:09"
"189949978","Am Langen Felde",48.250336,16.450206,10,12,0,"AT","Wien","nextbike","2026-08-28 00:23:09"
"233846163","Pilgramgasse U",48.192945,16.354936,15,10,5,"AT","Wien","nextbike","2026-08-28 00:23:09"
"314316648","Purkytgasse ",48.15011,16.33364,10,1,9,"AT","Wien","nextbike","2026-08-28 00:23:09"
"314317046","Neue Donau U",48.246414,16.395676,35,56,0,"AT","Wien","nextbike","2026-08-28 00:23:09"
"314317548","Franz-Josef Bahnhof S",48.225991,16.360327,19,22,0,"AT","Wien","nextbike","2026-08-28 00:23:09"
"314318676","Niederpointenstraße",48.20326,16.275366,NA,6,0,"AT","Wien","nextbike","2026-08-28 00:23:09"
"314319510","Leopoldauer Platz",48.263377,16.440686,NA,8,0,"AT","Wien","nextbike","2026-08-28 00:23:09"
"314319618","ArbeiterInnenstrand",48.242946,16.414669,NA,0,0,"AT","Wien","nextbike","2026-08-28 00:23:09"
"314319771","Gewerbepark Stadlau",48.245575,16.462515,NA,7,0,"AT","Wien","nextbike","2026-08-28 00:23:09"
"314319930","Atzgersdorf Bildungscampus",48.153174,16.301623,NA,25,0,"AT","Wien","nextbike","2026-08-28 00:23:09"
"314320002","Adelheid-Popp-Gasse",48.230723,16.46149,NA,17,0,"AT","Wien","nextbike","2026-08-28 00:23:09"
"314320082","Alte Donau U",48.237534,16.423788,NA,17,0,"AT","Wien","nextbike","2026-08-28 00:23:09"
"314320171","VHS Kulturgarage",48.231445,16.51109,NA,0,0,"AT","Wien","nextbike","2026-08-28 00:23:09"
"315515024","Siebenbrunnenfeldgasse",48.18142,16.352644,12,6,5,"AT","Wien","nextbike","2026-08-28 00:23:09"
"382198275","Technisches Museum",48.190316,16.317929,25,21,2,"AT","Wien","nextbike","2026-08-28 00:23:09"
"382208440","Währinger Park",48.232184,16.346819,NA,0,0,"AT","Wien","nextbike","2026-08-28 00:23:09"
"382209200","Ettenreichgasse / Schulzentrum ",48.16717,16.37359,NA,5,0,"AT","Wien","nextbike","2026-08-28 00:23:09"
"382209656","Wendstattgasse",48.14679,16.391242,NA,8,0,"AT","Wien","nextbike","2026-08-28 00:23:09"
"382209822","Neilreichgasse",48.176253,16.366421,NA,6,0,"AT","Wien","nextbike","2026-08-28 00:23:09"
"382868179","Gutheil-Schoder-Gasse / Badner Bahn",48.158662,16.334796,NA,14,0,"AT","Wien","nextbike","2026-08-28 00:23:09"
"382868302","Neu Leopoldau",48.273397,16.426352,NA,10,0,"AT","Wien","nextbike","2026-08-28 00:23:09"
"382868398","Strebersdorf S",48.286421,16.381676,NA,11,0,"AT","Wien","nextbike","2026-08-28 00:23:09"
"382868474","Rodlergasse",48.240775,16.332898,NA,2,0,"AT","Wien","nextbike","2026-08-28 00:23:09"
"382868775","Nussbaumallee",48.181554,16.42316,NA,7,0,"AT","Wien","nextbike","2026-08-28 00:23:09"
"391402716","Raxstraße",48.163234,16.366437,NA,0,0,"AT","Wien","nextbike","2026-08-28 00:23:09"
"391402906","Wattmanngasse",48.171677,16.291818,NA,8,0,"AT","Wien","nextbike","2026-08-28 00:23:09"
"391403113","Joachimsthaler Platz",48.208885,16.303775,NA,3,0,"AT","Wien","nextbike","2026-08-28 00:23:09"
"391403257","Floridsdorfer Markt",48.263052,16.399257,NA,16,0,"AT","Wien","nextbike","2026-08-28 00:23:09"
"391403425","Nussdorf S",48.259495,16.367553,NA,19,0,"AT","Wien","nextbike","2026-08-28 00:23:09"
"469857109","Bertha-von-Suttner-Gasse",48.251355,16.45281,6,6,0,"AT","Wien","nextbike","2026-08-28 00:23:09"
"484600160","Hauptbahnhof Ost",48.183836,16.379774,NA,20,0,"AT","Wien","nextbike","2026-08-28 00:23:09"
"493435055","Hafen Wien",48.183217,16.458423,NA,11,0,"AT","Wien","nextbike","2026-08-28 00:23:09"
"494974455","Hundertwasserhaus",48.207691,16.394724,12,23,0,"AT","Wien","nextbike","2026-08-28 00:23:09"
"494974574","Seestadt U - Lina-Bo-Bardi-Platz",48.227143,16.508852,20,10,8,"AT","Wien","nextbike","2026-08-28 00:23:09"
"494974639","Barbara-Prammer-Allee",48.229561,16.510147,NA,8,0,"AT","Wien","nextbike","2026-08-28 00:23:09"
"494974704","Sonnenallee",48.224888,16.502422,NA,6,0,"AT","Wien","nextbike","2026-08-28 00:23:09"
"495021824","AIT Austrian Institute of Technology / Giefinggasse ",48.268033,16.426886,NA,7,0,"AT","Wien","nextbike","2026-08-28 00:23:09"
"502274432","Hannovermarkt",48.23103,16.368755,6,3,0,"AT","Wien","nextbike","2026-08-28 00:23:09"
"517349484","Blériotgasse",48.171395,16.42565,NA,7,0,"AT","Wien","nextbike","2026-08-28 00:23:09"
"517349595","Vetmed Haupteingang",48.25442,16.431427,NA,3,0,"AT","Wien","nextbike","2026-08-28 00:23:09"
"517349665","Vetmed UB",48.253112,16.430644,NA,6,0,"AT","Wien","nextbike","2026-08-28 00:23:09"
"521340519","Rebhanngasse / Nordbahnstrasse",48.227231,16.388737,20,27,0,"AT","Wien","nextbike","2026-08-28 00:23:09"
"569993947","Nordbahnstrasse",48.224594,16.389338,20,19,1,"AT","Wien","nextbike","2026-08-28 00:23:09"
"570009598","Bruno-Pezzey-Weg",48.249494,16.454447,14,8,6,"AT","Wien","nextbike","2026-08-28 00:23:09"
"570012794","Ziegelofengasse / Margaretenstraße",48.192035,16.359592,20,22,0,"AT","Wien","nextbike","2026-08-28 00:23:09"
"1","LEOPOLD II",50.836304,4.41505,20,9,11,"BE","Bruessel (Villo)","cyclocity/JCDecaux","2026-08-28 00:23:09"
"2","ELOY",50.836151,4.326019,25,9,16,"BE","Bruessel (Villo)","cyclocity/JCDecaux","2026-08-28 00:23:09"
"3","PORTE DE FLANDRE / VLAAMSEPOORT",50.853203,4.341823,21,10,9,"BE","Bruessel (Villo)","cyclocity/JCDecaux","2026-08-28 00:23:09"
"4","JARDIN AUX FLEURS / BLOEMENHOF",50.847865,4.343521,20,9,11,"BE","Bruessel (Villo)","cyclocity/JCDecaux","2026-08-28 00:23:09"
"5","",50.848893,4.349396,44,0,0,"BE","Bruessel (Villo)","cyclocity/JCDecaux","2026-08-28 00:23:09"
"6","GARE CENTRALE / CENTRAAL STATION",50.845333,4.356475,40,10,29,"BE","Bruessel (Villo)","cyclocity/JCDecaux","2026-08-28 00:23:09"
"7","PARC / PARK",50.846319,4.362244,25,11,14,"BE","Bruessel (Villo)","cyclocity/JCDecaux","2026-08-28 00:23:09"
"8","ARTS-LOI / KUNST-WET",50.845683,4.368582,42,17,25,"BE","Bruessel (Villo)","cyclocity/JCDecaux","2026-08-28 00:23:09"
"9","ANNEESSENS",50.844045,4.345048,35,13,21,"BE","Bruessel (Villo)","cyclocity/JCDecaux","2026-08-28 00:23:09"
"10","CHAPELLE / KAPELLEKERK",50.841345,4.351729,20,8,9,"BE","Bruessel (Villo)","cyclocity/JCDecaux","2026-08-28 00:23:09"
"11","SABLON / ZAVEL",50.8404045367738,4.3569983981935,17,5,11,"BE","Bruessel (Villo)","cyclocity/JCDecaux","2026-08-28 00:23:09"
"12","TRONE / TROON",50.840458,4.365981,32,10,20,"BE","Bruessel (Villo)","cyclocity/JCDecaux","2026-08-28 00:23:09"
"13","LEMONNIER",50.840184,4.341324,25,13,11,"BE","Bruessel (Villo)","cyclocity/JCDecaux","2026-08-28 00:23:09"
"14","PORTE DE NAMUR / NAAMSEPOORT",50.838816,4.361557,42,28,13,"BE","Bruessel (Villo)","cyclocity/JCDecaux","2026-08-28 00:23:09"
"15","MONTGOMERY",50.837036,4.406826,25,5,20,"BE","Bruessel (Villo)","cyclocity/JCDecaux","2026-08-28 00:23:09"
"16","LOUISE / LOUIZA",50.835968,4.355508,40,15,24,"BE","Bruessel (Villo)","cyclocity/JCDecaux","2026-08-28 00:23:09"
"17","COMTE DE FLANDRE / GRAAF VAN VLAANDEREN",50.855358,4.339465,18,10,7,"BE","Bruessel (Villo)","cyclocity/JCDecaux","2026-08-28 00:23:09"
"18","GUTENBERG",50.84771,4.377552,25,11,14,"BE","Bruessel (Villo)","cyclocity/JCDecaux","2026-08-28 00:23:09"
"19","PLACE MORICHAR / MORICHARPLEIN",50.828046,4.347596,20,7,13,"BE","Bruessel (Villo)","cyclocity/JCDecaux","2026-08-28 00:23:09"
"20","PALAIS ROYAL / KONINKLIJK PALEIS",50.843613,4.360628,20,5,15,"BE","Bruessel (Villo)","cyclocity/JCDecaux","2026-08-28 00:23:09"
"21","DE BROUCKERE",50.85223,4.35316,43,6,37,"BE","Bruessel (Villo)","cyclocity/JCDecaux","2026-08-28 00:23:09"
"22","JACQMAIN",50.85587,4.35585,23,3,20,"BE","Bruessel (Villo)","cyclocity/JCDecaux","2026-08-28 00:23:09"
"23","AGORA",50.846331,4.355193,19,5,14,"BE","Bruessel (Villo)","cyclocity/JCDecaux","2026-08-28 00:23:09"
"24","ROGIER",50.855268,4.358717,36,18,15,"BE","Bruessel (Villo)","cyclocity/JCDecaux","2026-08-28 00:23:09"
"25","PORTE D'ANDERLECHT / ANDERLECHTSEPOORT",50.845769,4.338961,25,4,20,"BE","Bruessel (Villo)","cyclocity/JCDecaux","2026-08-28 00:23:09"
"26","VAN LINT",50.839413,4.328914,23,9,13,"BE","Bruessel (Villo)","cyclocity/JCDecaux","2026-08-28 00:23:09"
"27","SQUARE ALBERT I / ALBERT I SQUARE",50.838733,4.32176,25,6,17,"BE","Bruessel (Villo)","cyclocity/JCDecaux","2026-08-28 00:23:09"
"28","CLEMENCEAU",50.842098,4.330422,27,11,15,"BE","Bruessel (Villo)","cyclocity/JCDecaux","2026-08-28 00:23:09"
"29","",50.856584,4.352877,0,0,0,"BE","Bruessel (Villo)","cyclocity/JCDecaux","2026-08-28 00:23:09"
"30","LAEKEN / LAKEN",50.853666,4.351771,25,6,19,"BE","Bruessel (Villo)","cyclocity/JCDecaux","2026-08-28 00:23:09"
"31","MUSEE DE LA BD / STRIPMUSEUM",50.850303,4.360706,25,12,13,"BE","Bruessel (Villo)","cyclocity/JCDecaux","2026-08-28 00:23:09"
"32","DANSAERT",50.850224,4.346137,35,12,22,"BE","Bruessel (Villo)","cyclocity/JCDecaux","2026-08-28 00:23:09"
"33","MORT SUBITE",50.848701,4.356055,25,6,19,"BE","Bruessel (Villo)","cyclocity/JCDecaux","2026-08-28 00:23:09"
"34","FONTAINAS",50.84563,4.346942,35,0,0,"BE","Bruessel (Villo)","cyclocity/JCDecaux","2026-08-28 00:23:09"
"35","",50.845814,4.358013,0,0,0,"BE","Bruessel (Villo)","cyclocity/JCDecaux","2026-08-28 00:23:09"
"36","PLACE SAINT-JEAN / SINT-JANSPLEIN",50.845224,4.351484,35,6,29,"BE","Bruessel (Villo)","cyclocity/JCDecaux","2026-08-28 00:23:09"
"37","POELAERT",50.83795,4.353019,25,11,13,"BE","Bruessel (Villo)","cyclocity/JCDecaux","2026-08-28 00:23:09"
"38","JEU DE BALLE / VOSSENPLEIN",50.837912,4.347421,19,12,7,"BE","Bruessel (Villo)","cyclocity/JCDecaux","2026-08-28 00:23:09"
"39","HOTEL DES MONNAIES / MUNTHOTEL",50.834237,4.350732,25,9,15,"BE","Bruessel (Villo)","cyclocity/JCDecaux","2026-08-28 00:23:09"
"40","PORTE DE HAL / HALLEPOORT",50.833931,4.343155,25,10,15,"BE","Bruessel (Villo)","cyclocity/JCDecaux","2026-08-28 00:23:09"
"41","SAINT-ROCH / SINT-ROCHUS",50.859302,4.35485,24,9,15,"BE","Bruessel (Villo)","cyclocity/JCDecaux","2026-08-28 00:23:09"
"42","PORTE DE NINOVE / NINOOFSEPOORT",50.84851,4.338064,25,6,19,"BE","Bruessel (Villo)","cyclocity/JCDecaux","2026-08-28 00:23:09"
"43","JOSEPH II / JOZEF II",50.845256,4.374501,25,11,13,"BE","Bruessel (Villo)","cyclocity/JCDecaux","2026-08-28 00:23:09"
"44","",50.841707,4.370986,0,0,0,"BE","Bruessel (Villo)","cyclocity/JCDecaux","2026-08-28 00:23:09"
"45","STEPHANIE / STEFANIA",50.83308,4.35743,25,13,12,"BE","Bruessel (Villo)","cyclocity/JCDecaux","2026-08-28 00:23:09"
"46","ALBERTINE / ALBERTINA",50.843892,4.355012,24,5,18,"BE","Bruessel (Villo)","cyclocity/JCDecaux","2026-08-28 00:23:09"
"47","LES QUAIS / KAAIEN",50.854714,4.347151,20,5,14,"BE","Bruessel (Villo)","cyclocity/JCDecaux","2026-08-28 00:23:09"
"48","CONGRES",50.849358,4.363589,23,0,0,"BE","Bruessel (Villo)","cyclocity/JCDecaux","2026-08-28 00:23:09"
"49","WILLEBROECK / WILLEBROEK",50.8615,4.351143,25,17,6,"BE","Bruessel (Villo)","cyclocity/JCDecaux","2026-08-28 00:23:09"
"50","RIBAUCOURT",50.860862,4.339182,25,16,8,"BE","Bruessel (Villo)","cyclocity/JCDecaux","2026-08-28 00:23:09"
"51","MIDI FONSNY / ZUID FONSNY",50.835699,4.338826,25,8,17,"BE","Bruessel (Villo)","cyclocity/JCDecaux","2026-08-28 00:23:09"
"52","",50.859212,4.34551,0,0,0,"BE","Bruessel (Villo)","cyclocity/JCDecaux","2026-08-28 00:23:09"
"53","GARE DU MIDI / ZUIDSTATION",50.837499,4.335947,40,7,33,"BE","Bruessel (Villo)","cyclocity/JCDecaux","2026-08-28 00:23:09"
"54","TOUR ET TAXIS / THURN & TAXIS",50.863445,4.34635,39,18,19,"BE","Bruessel (Villo)","cyclocity/JCDecaux","2026-08-28 00:23:09"
"55","BOTANIQUE / KRUIDTUIN",50.853248,4.366188,25,9,15,"BE","Bruessel (Villo)","cyclocity/JCDecaux","2026-08-28 00:23:09"
"56","ARCHIMEDE / ARCHIMEDES",50.845817,4.383722,25,7,17,"BE","Bruessel (Villo)","cyclocity/JCDecaux","2026-08-28 00:23:09"
"57","MADOU",50.848712,4.369509,24,0,24,"BE","Bruessel (Villo)","cyclocity/JCDecaux","2026-08-28 00:23:09"
"58","GARE DU NORD / NOORDSTATION",50.859181,4.35942,43,10,31,"BE","Bruessel (Villo)","cyclocity/JCDecaux","2026-08-28 00:23:09"
"59","PLACE ST-JOSSE / ST-JOOSTPLEIN",50.849681,4.375312,24,13,11,"BE","Bruessel (Villo)","cyclocity/JCDecaux","2026-08-28 00:23:09"
"60","SAINT-LAZARE / SINT-LAZARUS",50.857385,4.361858,14,5,9,"BE","Bruessel (Villo)","cyclocity/JCDecaux","2026-08-28 00:23:09"
"61","MAELBEEK / MAALBEEK",50.843836,4.378002,35,2,33,"BE","Bruessel (Villo)","cyclocity/JCDecaux","2026-08-28 00:23:09"
"62","CORTENBERGH / KORTENBERG",50.84177,4.38418,35,2,32,"BE","Bruessel (Villo)","cyclocity/JCDecaux","2026-08-28 00:23:09"
"63","JULES CESAR / JULIUS CAESAR",50.834705,4.421643,20,17,3,"BE","Bruessel (Villo)","cyclocity/JCDecaux","2026-08-28 00:23:09"
"64","VETERINAIRES / VEEARTSEN",50.832749,4.331058,25,8,17,"BE","Bruessel (Villo)","cyclocity/JCDecaux","2026-08-28 00:23:09"
"65","PARVIS DE ST-GILLES / ST-GILLISVOORPLEIN",50.829985,4.344557,25,14,9,"BE","Bruessel (Villo)","cyclocity/JCDecaux","2026-08-28 00:23:09"
"66","SCHUMAN",50.843359,4.379946,40,24,13,"BE","Bruessel (Villo)","cyclocity/JCDecaux","2026-08-28 00:23:09"
"67","PARC CINQUANTENAIRE / JUBELPARK",50.83975,4.385426,35,1,33,"BE","Bruessel (Villo)","cyclocity/JCDecaux","2026-08-28 00:23:09"
"68","JEAN REY",50.840282,4.380131,33,11,21,"BE","Bruessel (Villo)","cyclocity/JCDecaux","2026-08-28 00:23:09"
"69","LESBROUSSART",50.827577,4.363797,29,11,17,"BE","Bruessel (Villo)","cyclocity/JCDecaux","2026-08-28 00:23:09"
"70","AURORE / DAGERAAD",50.818113,4.371446,25,7,15,"BE","Bruessel (Villo)","cyclocity/JCDecaux","2026-08-28 00:23:09"
"71","LEGRAND",50.815019,4.371982,22,7,13,"BE","Bruessel (Villo)","cyclocity/JCDecaux","2026-08-28 00:23:09"
"72","ULB SOLBOSCH / VUB  SOLBOSCH",50.812489,4.379203,24,14,10,"BE","Bruessel (Villo)","cyclocity/JCDecaux","2026-08-28 00:23:09"
"73","VLEURGAT",50.823898,4.367752,25,17,8,"BE","Bruessel (Villo)","cyclocity/JCDecaux","2026-08-28 00:23:09"
"74","PLACE LOIX / LOIXPLEIN",50.831936,4.353037,24,7,14,"BE","Bruessel (Villo)","cyclocity/JCDecaux","2026-08-28 00:23:09"
"75","GENERAL BARON / GENERAAL BARON",50.825888,4.340388,25,16,8,"BE","Bruessel (Villo)","cyclocity/JCDecaux","2026-08-28 00:23:09"
"76","PLACE VAN MEENEN / VAN MEENENPLEIN",50.825749,4.345165,25,17,6,"BE","Bruessel (Villo)","cyclocity/JCDecaux","2026-08-28 00:23:09"
"77","PAUL JANSON",50.827399,4.355281,25,15,8,"BE","Bruessel (Villo)","cyclocity/JCDecaux","2026-08-28 00:23:09"
"78","DUCPETIAUX",50.823699,4.351623,25,14,10,"BE","Bruessel (Villo)","cyclocity/JCDecaux","2026-08-28 00:23:09"
"79","LOI / WET",50.84413,4.374871,22,2,19,"BE","Bruessel (Villo)","cyclocity/JCDecaux","2026-08-28 00:23:09"
"80","CERES",50.814852,4.376794,20,12,7,"BE","Bruessel (Villo)","cyclocity/JCDecaux","2026-08-28 00:23:09"
"81","PONT BOCKSTAEL / BRUG BOCKSTAEL",50.870259,4.343195,25,12,13,"BE","Bruessel (Villo)","cyclocity/JCDecaux","2026-08-28 00:23:09"
"82","",50.872811,4.341149,0,0,0,"BE","Bruessel (Villo)","cyclocity/JCDecaux","2026-08-28 00:23:09"
"83","SIMONIS",50.86284,4.33126,29,14,12,"BE","Bruessel (Villo)","cyclocity/JCDecaux","2026-08-28 00:23:09"
"84","SAINTE-ANNE / SINT-ANNA",50.85896,4.330107,20,8,12,"BE","Bruessel (Villo)","cyclocity/JCDecaux","2026-08-28 00:23:09"
"85","ETANGS NOIRS / ZWARTE VIJVERS",50.857266,4.332368,25,13,7,"BE","Bruessel (Villo)","cyclocity/JCDecaux","2026-08-28 00:23:09"
"86","MAISON COMMUNALE JETTE / GEMEENTEHUIS JETTE",50.876195,4.324477,25,13,11,"BE","Bruessel (Villo)","cyclocity/JCDecaux","2026-08-28 00:23:09"
"87","MIROIR / SPIEGEL",50.871391,4.323914,25,12,13,"BE","Bruessel (Villo)","cyclocity/JCDecaux","2026-08-28 00:23:09"
"88","WOESTE",50.873354,4.334311,25,23,2,"BE","Bruessel (Villo)","cyclocity/JCDecaux","2026-08-28 00:23:09"
"89","ATHENEE DE JETTE / ATHENEUM VAN JETTE",50.87106,4.32985,25,18,7,"BE","Bruessel (Villo)","cyclocity/JCDecaux","2026-08-28 00:23:09"
"90","BROUSTIN",50.867448,4.326807,17,10,7,"BE","Bruessel (Villo)","cyclocity/JCDecaux","2026-08-28 00:23:09"
"91","BELGICA",50.867773,4.335217,25,9,15,"BE","Bruessel (Villo)","cyclocity/JCDecaux","2026-08-28 00:23:09"
"92","LENOIR",50.875826,4.329921,24,13,10,"BE","Bruessel (Villo)","cyclocity/JCDecaux","2026-08-28 00:23:09"
"93","CLOVIS",50.850333,4.380461,19,10,9,"BE","Bruessel (Villo)","cyclocity/JCDecaux","2026-08-28 00:23:09"
"94","DUCHESSE DE BRABANT / HERTOGIN VAN BRABANT",50.849215,4.329184,20,9,10,"BE","Bruessel (Villo)","cyclocity/JCDecaux","2026-08-28 00:23:09"
"95","PLACE BOCKSTAEL / BOCKSTAELPLAATS",50.87808,4.34793,25,0,0,"BE","Bruessel (Villo)","cyclocity/JCDecaux","2026-08-28 00:23:09"
"96","HOTEL PRESIDENT / PRESIDENT HOTEL",50.863875,4.358708,25,15,10,"BE","Bruessel (Villo)","cyclocity/JCDecaux","2026-08-28 00:23:09"
"97","KARREVELD",50.858058,4.318689,25,11,11,"BE","Bruessel (Villo)","cyclocity/JCDecaux","2026-08-28 00:23:09"
"98","CIMETIERE / KERKHOF",50.85904,4.312402,20,11,9,"BE","Bruessel (Villo)","cyclocity/JCDecaux","2026-08-28 00:23:09"
"99","JUBILE / JUBELFEEST",50.864992,4.338431,25,16,9,"BE","Bruessel (Villo)","cyclocity/JCDecaux","2026-08-28 00:23:09"
"100","LUXEMBOURG / LUXEMBURG",50.838411,4.37302,44,11,32,"BE","Bruessel (Villo)","cyclocity/JCDecaux","2026-08-28 00:23:09"
"101","ZELLIK",50.869204,4.291663,25,10,14,"BE","Bruessel (Villo)","cyclocity/JCDecaux","2026-08-28 00:23:09"
"102","MUSEUM",50.83579,4.375782,25,6,18,"BE","Bruessel (Villo)","cyclocity/JCDecaux","2026-08-28 00:23:09"
"103","ERNEST SOLVAY",50.83479,4.363772,20,13,7,"BE","Bruessel (Villo)","cyclocity/JCDecaux","2026-08-28 00:23:09"
"104","",50.833304,4.366611,0,0,0,"BE","Bruessel (Villo)","cyclocity/JCDecaux","2026-08-28 00:23:09"
"105","DE HENNIN",50.830077,4.369545,20,6,11,"BE","Bruessel (Villo)","cyclocity/JCDecaux","2026-08-28 00:23:09"
"106","GERMOIR / MOUTERIJ",50.830012,4.378625,25,15,10,"BE","Bruessel (Villo)","cyclocity/JCDecaux","2026-08-28 00:23:09"
"107","DEFACQZ",50.827652,4.359031,25,15,10,"BE","Bruessel (Villo)","cyclocity/JCDecaux","2026-08-28 00:23:09"
"108","FLAGEY",50.828012,4.371756,35,14,17,"BE","Bruessel (Villo)","cyclocity/JCDecaux","2026-08-28 00:23:09"
"109","CHATELAIN / KASTELEIN",50.824048,4.359896,18,6,11,"BE","Bruessel (Villo)","cyclocity/JCDecaux","2026-08-28 00:23:09"
"110","RODIN",50.826992,4.382379,22,19,3,"BE","Bruessel (Villo)","cyclocity/JCDecaux","2026-08-28 00:23:09"
"111","ETANGS MELLAERTS / MELLAERTS VIJVERS",50.827831,4.431822,25,13,8,"BE","Bruessel (Villo)","cyclocity/JCDecaux","2026-08-28 00:23:09"
"112","PAGE / EDELKNAAP",50.821567,4.356508,18,7,10,"BE","Bruessel (Villo)","cyclocity/JCDecaux","2026-08-28 00:23:09"
"113","ABBAYE DE LA CAMBRE / ABDIJ TER KAMEREN",50.820042,4.374785,20,10,9,"BE","Bruessel (Villo)","cyclocity/JCDecaux","2026-08-28 00:23:09"
"114","SAISONS / JAARGETIJDEN",50.820391,4.385358,25,17,8,"BE","Bruessel (Villo)","cyclocity/JCDecaux","2026-08-28 00:23:09"
"115","PETITE SUISSE / KLEIN-ZWITSERLAND",50.817807,4.38547,24,6,16,"BE","Bruessel (Villo)","cyclocity/JCDecaux","2026-08-28 00:23:09"
"116","ULB PLAINE",50.818253,4.395749,25,11,12,"BE","Bruessel (Villo)","cyclocity/JCDecaux","2026-08-28 00:23:09"
"117","CIMETIERE D'IXELLES/BEGRAAFPLAATS VAN ELSENE",50.816029,4.391006,34,7,26,"BE","Bruessel (Villo)","cyclocity/JCDecaux","2026-08-28 00:23:09"
"118","SCHWEITZER",50.864622,4.297878,25,15,10,"BE","Bruessel (Villo)","cyclocity/JCDecaux","2026-08-28 00:23:09"
"119","PAQUOT",50.82559,4.379555,20,8,10,"BE","Bruessel (Villo)","cyclocity/JCDecaux","2026-08-28 00:23:09"
"120","BLYCKAERTS",50.832872,4.37483,25,16,9,"BE","Bruessel (Villo)","cyclocity/JCDecaux","2026-08-28 00:23:09"
"121","ETANGS / VIJVERS",50.823986,4.37379,25,7,17,"BE","Bruessel (Villo)","cyclocity/JCDecaux","2026-08-28 00:23:09"
"122","ETTERBEEK GARE / ETTERBEEK STATION",50.822207,4.389325,30,7,23,"BE","Bruessel (Villo)","cyclocity/JCDecaux","2026-08-28 00:23:09"
"123","BASCULE",50.817507,4.366498,25,12,6,"BE","Bruessel (Villo)","cyclocity/JCDecaux","2026-08-28 00:23:09"
"124","CHARLES GRAUX",50.818283,4.363568,25,18,7,"BE","Bruessel (Villo)","cyclocity/JCDecaux","2026-08-28 00:23:09"
"125","GEORGES BRUGMANN",50.817392,4.354105,25,10,11,"BE","Bruessel (Villo)","cyclocity/JCDecaux","2026-08-28 00:23:09"
"126","FABRY",50.837288,4.43462,25,14,11,"BE","Bruessel (Villo)","cyclocity/JCDecaux","2026-08-28 00:23:09"
"127","GRAY",50.832194,4.377694,18,4,14,"BE","Bruessel (Villo)","cyclocity/JCDecaux","2026-08-28 00:23:09"
"128","MUSEE DU TRAM / TRAMMUSEUM",50.832355,4.432358,25,11,14,"BE","Bruessel (Villo)","cyclocity/JCDecaux","2026-08-28 00:23:09"
"130","ROND-POINT DU SOUVERAIN / VORSTRONDPUNT",50.819448,4.429082,23,9,6,"BE","Bruessel (Villo)","cyclocity/JCDecaux","2026-08-28 00:23:09"
"131","JARDIN MASSART / MASSARTTUIN",50.81329,4.434751,25,9,16,"BE","Bruessel (Villo)","cyclocity/JCDecaux","2026-08-28 00:23:09"
"132","DEUX CHAUSSEES / TWEESTEENWEGEN",50.816338,4.433895,19,10,5,"BE","Bruessel (Villo)","cyclocity/JCDecaux","2026-08-28 00:23:09"
"133","CHÂTEAU / KASTEEL",50.866795,4.3092224,24,7,15,"BE","Bruessel (Villo)","cyclocity/JCDecaux","2026-08-28 00:23:09"
"134","BASTOGNE / BASTENAKEN",50.862652,4.316644,25,13,11,"BE","Bruessel (Villo)","cyclocity/JCDecaux","2026-08-28 00:23:09"
"135","PARC LACROIX / LACROIX PARK",50.872343,4.37646,25,16,8,"BE","Bruessel (Villo)","cyclocity/JCDecaux","2026-08-28 00:23:09"
"136","PAVILLON / PAVILJOEN",50.869809,4.371808,24,14,9,"BE","Bruessel (Villo)","cyclocity/JCDecaux","2026-08-28 00:23:09"
"137","MAISON COMM SCHAERBEEK/GEMEENTEH. SCHAARBEEK",50.86661,4.373102,25,13,12,"BE","Bruessel (Villo)","cyclocity/JCDecaux","2026-08-28 00:23:09"
"138","HOUFFALIZE",50.86511,4.378466,20,11,9,"BE","Bruessel (Villo)","cyclocity/JCDecaux","2026-08-28 00:23:09"
"139","LIEDTS",50.863872,4.366741,25,14,10,"BE","Bruessel (Villo)","cyclocity/JCDecaux","2026-08-28 00:23:09"
"140","AZALEES / AZALEA",50.862704,4.381289,25,20,4,"BE","Bruessel (Villo)","cyclocity/JCDecaux","2026-08-28 00:23:09"
"141","GARE DU NORD / NOORDSTATION",50.860754,4.358886,42,5,35,"BE","Bruessel (Villo)","cyclocity/JCDecaux","2026-08-28 00:23:09"
"142","BIENFAITEURS / WELDOENERS",50.857319,4.386724,24,16,8,"BE","Bruessel (Villo)","cyclocity/JCDecaux","2026-08-28 00:23:09"
"143","RTL",50.857218,4.407879,25,18,6,"BE","Bruessel (Villo)","cyclocity/JCDecaux","2026-08-28 00:23:09"
"144","SAINTE-MARIE / SINTE-MARIA",50.85778,4.368144,25,10,15,"BE","Bruessel (Villo)","cyclocity/JCDecaux","2026-08-28 00:23:09"
"145","COTEAUX / WIJNHEUVELEN",50.859096,4.379117,25,10,15,"BE","Bruessel (Villo)","cyclocity/JCDecaux","2026-08-28 00:23:09"
"146","LEOPOLD III",50.859243,4.401022,25,19,5,"BE","Bruessel (Villo)","cyclocity/JCDecaux","2026-08-28 00:23:09"
"147","LYCEE EMILE MAX / EMILE MAX LYCEUM",50.861874,4.372146,25,15,9,"BE","Bruessel (Villo)","cyclocity/JCDecaux","2026-08-28 00:23:09"
"148","GARE DE MEISER / MEISER STATION",50.855629,4.394807,22,10,9,"BE","Bruessel (Villo)","cyclocity/JCDecaux","2026-08-28 00:23:09"
"149","JULES LEBRUN",50.856208,4.403386,25,12,11,"BE","Bruessel (Villo)","cyclocity/JCDecaux","2026-08-28 00:23:09"
"150","MEISER",50.854654,4.398451,25,16,8,"BE","Bruessel (Villo)","cyclocity/JCDecaux","2026-08-28 00:23:09"
"151","LOUVAIN 494 / LEUVEN 494",50.853518,4.392491,25,15,9,"BE","Bruessel (Villo)","cyclocity/JCDecaux","2026-08-28 00:23:09"
"152","PLACE DAILLY / DAILLYPLEIN",50.852389,4.387373,25,11,13,"BE","Bruessel (Villo)","cyclocity/JCDecaux","2026-08-28 00:23:09"
"153","SQUARE ARMAND STEURS / ARMAND STEURSSQUARE",50.854128,4.378002,25,19,6,"BE","Bruessel (Villo)","cyclocity/JCDecaux","2026-08-28 00:23:09"
"154","PLASKY",50.851241,4.396386,25,18,7,"BE","Bruessel (Villo)","cyclocity/JCDecaux","2026-08-28 00:23:09"
"155","LES MARRONNIERS",50.824953,4.399088,25,5,12,"BE","Bruessel (Villo)","cyclocity/JCDecaux","2026-08-28 00:23:09"
"156","JAMBLINNE DE MEUX",50.847158,4.393255,25,19,5,"BE","Bruessel (Villo)","cyclocity/JCDecaux","2026-08-28 00:23:09"
"157","HELIOTROPES / HELIOTROPEN",50.863388,4.386222,25,10,14,"BE","Bruessel (Villo)","cyclocity/JCDecaux","2026-08-28 00:23:09"
"158","VAN YSENDYCK",50.867955,4.379577,24,3,21,"BE","Bruessel (Villo)","cyclocity/JCDecaux","2026-08-28 00:23:09"
"159","MASUI",50.869297,4.36257,25,1,22,"BE","Bruessel (Villo)","cyclocity/JCDecaux","2026-08-28 00:23:09"
"160","ELISA",50.877501,4.380315,23,12,10,"BE","Bruessel (Villo)","cyclocity/JCDecaux","2026-08-28 00:23:09"
"161","DEMOLDER",50.872592,4.379886,25,14,11,"BE","Bruessel (Villo)","cyclocity/JCDecaux","2026-08-28 00:23:09"
"163","CHAZAL",50.859112,4.39157,25,20,5,"BE","Bruessel (Villo)","cyclocity/JCDecaux","2026-08-28 00:23:09"
"164","KENNIS",50.867643,4.385817,25,0,0,"BE","Bruessel (Villo)","cyclocity/JCDecaux","2026-08-28 00:23:09"
"165","CIMETIERE DE JETTE / KERKHOF VAN JETTE",50.879668,4.33425,20,8,9,"BE","Bruessel (Villo)","cyclocity/JCDecaux","2026-08-28 00:23:09"
"166","GC ESSEGEM",50.876205,4.337137,25,16,9,"BE","Bruessel (Villo)","cyclocity/JCDecaux","2026-08-28 00:23:09"
"167","CHARLES V / KAREL V",50.869032,4.309731,22,12,9,"BE","Bruessel (Villo)","cyclocity/JCDecaux","2026-08-28 00:23:09"
"168","HOPITAL FRANÇAIS / FRANS GASTHUIS",50.866379,4.303281,25,9,13,"BE","Bruessel (Villo)","cyclocity/JCDecaux","2026-08-28 00:23:09"
"169","GEORGES EEKHOUD",50.877125,4.387515,25,17,6,"BE","Bruessel (Villo)","cyclocity/JCDecaux","2026-08-28 00:23:09"
"170","RIGA",50.87453,4.385378,20,11,9,"BE","Bruessel (Villo)","cyclocity/JCDecaux","2026-08-28 00:23:09"
"171","PISCINE LOUIS NAMECHE/ZWEMBAD LOUIS NAMECHE",50.854789,4.312201,25,6,16,"BE","Bruessel (Villo)","cyclocity/JCDecaux","2026-08-28 00:23:09"
"172","AEROPOLIS",50.869764,4.388191,25,7,17,"BE","Bruessel (Villo)","cyclocity/JCDecaux","2026-08-28 00:23:09"
"173","BICHON",50.864656,4.394448,24,9,15,"BE","Bruessel (Villo)","cyclocity/JCDecaux","2026-08-28 00:23:09"
"174","MENNEKENS",50.853947,4.31635,22,11,10,"BE","Bruessel (Villo)","cyclocity/JCDecaux","2026-08-28 00:23:09"
"175","BEEKKANT",50.854166,4.322948,25,13,11,"BE","Bruessel (Villo)","cyclocity/JCDecaux","2026-08-28 00:23:09"
"176","COLONEL BOURG / KOLONEL BOURG",50.852356,4.408635,25,17,8,"BE","Bruessel (Villo)","cyclocity/JCDecaux","2026-08-28 00:23:09"
"177","CHASSEURS ARDENNAIS / ARDENSE JAGERS",50.849409,4.389263,25,16,9,"BE","Bruessel (Villo)","cyclocity/JCDecaux","2026-08-28 00:23:09"
"178","DIAMANT",50.85043,4.402169,22,8,12,"BE","Bruessel (Villo)","cyclocity/JCDecaux","2026-08-28 00:23:09"
"179","CELTES / KELTEN",50.839217,4.398015,44,23,18,"BE","Bruessel (Villo)","cyclocity/JCDecaux","2026-08-28 00:23:09"
"180","JOURDAN",50.837726,4.381565,25,1,22,"BE","Bruessel (Villo)","cyclocity/JCDecaux","2026-08-28 00:23:09"
"181","LOUIS TITZ",50.835723,4.394395,25,8,15,"BE","Bruessel (Villo)","cyclocity/JCDecaux","2026-08-28 00:23:09"
"182","BOILEAU",50.83168,4.404769,25,9,16,"BE","Bruessel (Villo)","cyclocity/JCDecaux","2026-08-28 00:23:09"
"183","LA CHASSE / JACHT",50.829928,4.390357,25,15,8,"BE","Bruessel (Villo)","cyclocity/JCDecaux","2026-08-28 00:23:09"
"184","PHILIPPE BAUCQ",50.831592,4.385786,25,12,13,"BE","Bruessel (Villo)","cyclocity/JCDecaux","2026-08-28 00:23:09"
"185","PERE DE DEKEN / PATER DE DEKEN",50.835797,4.401599,25,13,12,"BE","Bruessel (Villo)","cyclocity/JCDecaux","2026-08-28 00:23:09"
"186","GENOT",50.861783,4.302607,17,7,10,"BE","Bruessel (Villo)","cyclocity/JCDecaux","2026-08-28 00:23:09"
"187","ARSENAL / ARSENAAL",50.826603,4.397117,25,11,14,"BE","Bruessel (Villo)","cyclocity/JCDecaux","2026-08-28 00:23:09"
"188","OSSEGHEM",50.857235,4.324354,24,17,6,"BE","Bruessel (Villo)","cyclocity/JCDecaux","2026-08-28 00:23:09"
"189","PLACE VAN MEYEL / VAN MEYELPLEIN",50.836924,4.389073,17,10,7,"BE","Bruessel (Villo)","cyclocity/JCDecaux","2026-08-28 00:23:09"
"190","TERDELT",50.867904,4.390696,22,10,10,"BE","Bruessel (Villo)","cyclocity/JCDecaux","2026-08-28 00:23:09"
"191","ARTAN",50.853973,4.38374,24,22,2,"BE","Bruessel (Villo)","cyclocity/JCDecaux","2026-08-28 00:23:09"
"192","AUBERGE DE JEUNESSE / JEUGDHERBERG",50.851562,4.332924,25,14,9,"BE","Bruessel (Villo)","cyclocity/JCDecaux","2026-08-28 00:23:09"
"193","GARE DE L'OUEST / WESTSTATION",50.848866,4.320628,30,19,9,"BE","Bruessel (Villo)","cyclocity/JCDecaux","2026-08-28 00:23:09"
"194","STUYVENBERG",50.885885,4.342003,25,9,16,"BE","Bruessel (Villo)","cyclocity/JCDecaux","2026-08-28 00:23:09"
"195","WESTLAND SHOPPING",50.838356,4.284213,26,16,10,"BE","Bruessel (Villo)","cyclocity/JCDecaux","2026-08-28 00:23:09"
"196","PRINCE DE LIEGE / PRINS VAN LUIK",50.846874,4.29817,25,21,4,"BE","Bruessel (Villo)","cyclocity/JCDecaux","2026-08-28 00:23:09"
"197","DE SMET",50.848255,4.314854,25,14,10,"BE","Bruessel (Villo)","cyclocity/JCDecaux","2026-08-28 00:23:09"
"198","",50.847649,4.307714,0,0,0,"BE","Bruessel (Villo)","cyclocity/JCDecaux","2026-08-28 00:23:09"
"199","HENRI REY",50.843693,4.304986,15,10,5,"BE","Bruessel (Villo)","cyclocity/JCDecaux","2026-08-28 00:23:09"
"200","VETERANS COLONIAUX / KOLONIALE VETERANEN",50.844006,4.313818,25,18,7,"BE","Bruessel (Villo)","cyclocity/JCDecaux","2026-08-28 00:23:09"
"201","PETERBOS",50.8414,4.296013,25,10,12,"BE","Bruessel (Villo)","cyclocity/JCDecaux","2026-08-28 00:23:09"
"202","AUMALE",50.840217,4.313386,21,0,0,"BE","Bruessel (Villo)","cyclocity/JCDecaux","2026-08-28 00:23:09"
"203","DEMOSTHENE",50.84045,4.305055,15,9,6,"BE","Bruessel (Villo)","cyclocity/JCDecaux","2026-08-28 00:23:09"
"204","",50.837326,4.293932,0,0,0,"BE","Bruessel (Villo)","cyclocity/JCDecaux","2026-08-28 00:23:09"
"205","DE LINDE",50.835503,4.299573,20,15,4,"BE","Bruessel (Villo)","cyclocity/JCDecaux","2026-08-28 00:23:09"
"206","SAINT-GUIDON / SINT-GUIDO",50.834929,4.305659,25,12,13,"BE","Bruessel (Villo)","cyclocity/JCDecaux","2026-08-28 00:23:09"
"207","BIESTEBROECK / BIESTEBROEK",50.83362,4.313592,25,10,15,"BE","Bruessel (Villo)","cyclocity/JCDecaux","2026-08-28 00:23:09"
"208","MELBA",50.832565,4.294311,25,12,12,"BE","Bruessel (Villo)","cyclocity/JCDecaux","2026-08-28 00:23:09"
"209","VEEWEYDE / VEEWEIDE",50.828602,4.299621,25,8,16,"BE","Bruessel (Villo)","cyclocity/JCDecaux","2026-08-28 00:23:09"
"210","MARIUS RENARD",50.827873,4.288707,25,18,5,"BE","Bruessel (Villo)","cyclocity/JCDecaux","2026-08-28 00:23:09"
"211","METRO CERIA / METRO COOVI",50.816704,4.290857,22,14,8,"BE","Bruessel (Villo)","cyclocity/JCDecaux","2026-08-28 00:23:09"
"212","THEO LAMBERT",50.82701,4.292098,25,12,13,"BE","Bruessel (Villo)","cyclocity/JCDecaux","2026-08-28 00:23:09"
"213","LA ROUE / HET RAD",50.821018,4.293865,15,9,6,"BE","Bruessel (Villo)","cyclocity/JCDecaux","2026-08-28 00:23:09"
"214","CAMPUS CERIA / CAMPUS COOVI",50.815942,4.295095,30,12,18,"BE","Bruessel (Villo)","cyclocity/JCDecaux","2026-08-28 00:23:09"
"215","",50.836864,4.317321,0,0,0,"BE","Bruessel (Villo)","cyclocity/JCDecaux","2026-08-28 00:23:09"
"216","ARISTIDE BRIAND",50.828873,4.303918,25,14,10,"BE","Bruessel (Villo)","cyclocity/JCDecaux","2026-08-28 00:23:09"
"217","BIZET",50.82496,4.297422,23,15,8,"BE","Bruessel (Villo)","cyclocity/JCDecaux","2026-08-28 00:23:09"
"218","DELACROIX",50.845978,4.323226,25,8,17,"BE","Bruessel (Villo)","cyclocity/JCDecaux","2026-08-28 00:23:09"
"219","VAN HELLEMONT",50.829491,4.286006,23,10,13,"BE","Bruessel (Villo)","cyclocity/JCDecaux","2026-08-28 00:23:09"
"220","LUTHER KING",50.824867,4.287059,25,13,12,"BE","Bruessel (Villo)","cyclocity/JCDecaux","2026-08-28 00:23:09"
"221","CURIE",50.821793,4.284648,25,8,17,"BE","Bruessel (Villo)","cyclocity/JCDecaux","2026-08-28 00:23:09"
"222","MERCKX",50.817246,4.280445,25,12,13,"BE","Bruessel (Villo)","cyclocity/JCDecaux","2026-08-28 00:23:09"
"223","WIELS",50.824055,4.326376,12,0,0,"BE","Bruessel (Villo)","cyclocity/JCDecaux","2026-08-28 00:23:09"
"224","ROCHEFORT",50.824379,4.334202,25,11,13,"BE","Bruessel (Villo)","cyclocity/JCDecaux","2026-08-28 00:23:09"
"225","",50.846755,4.352001,0,0,0,"BE","Bruessel (Villo)","cyclocity/JCDecaux","2026-08-28 00:23:09"
"226","UNION / UNIE",50.819892,4.325187,25,7,17,"BE","Bruessel (Villo)","cyclocity/JCDecaux","2026-08-28 00:23:09"
"227","PATINAGE / SCHAATSEN",50.816695,4.319891,20,12,7,"BE","Bruessel (Villo)","cyclocity/JCDecaux","2026-08-28 00:23:09"
"228","ALTITUDE CENT / HOOGTE HONDERD",50.816525,4.336212,25,13,11,"BE","Bruessel (Villo)","cyclocity/JCDecaux","2026-08-28 00:23:09"
"229","ZAMAN-FOREST NAT. / ZAMAN-VORST NAT.",50.813708,4.324706,18,12,6,"BE","Bruessel (Villo)","cyclocity/JCDecaux","2026-08-28 00:23:09"
"230","BERKENDAEL / BERKENDAAL",50.818382,4.346061,24,16,6,"BE","Bruessel (Villo)","cyclocity/JCDecaux","2026-08-28 00:23:09"
"231","KERSBEEK",50.805801,4.3194,19,10,8,"BE","Bruessel (Villo)","cyclocity/JCDecaux","2026-08-28 00:23:09"
"232","DOMAINE / DOMEIN",50.810875,4.329158,25,12,11,"BE","Bruessel (Villo)","cyclocity/JCDecaux","2026-08-28 00:23:09"
"233","PARC DUDEN / DUDENPARK",50.813938,4.330966,20,9,7,"BE","Bruessel (Villo)","cyclocity/JCDecaux","2026-08-28 00:23:09"
"234","",50.809799,4.317546,0,0,0,"BE","Bruessel (Villo)","cyclocity/JCDecaux","2026-08-28 00:23:09"
"235","FOREST NATIONAL / VORST NATIONAAL",50.810085,4.324864,25,15,8,"BE","Bruessel (Villo)","cyclocity/JCDecaux","2026-08-28 00:23:09"
"236","MAISON COMMUNALE FOREST / GEMEENTEHUIS VORST",50.812482,4.31887,25,11,8,"BE","Bruessel (Villo)","cyclocity/JCDecaux","2026-08-28 00:23:09"
"237","PARVIS ST-ANTOINE / ST-ANTONIUSVOORPLEIN",50.827999,4.330638,25,13,12,"BE","Bruessel (Villo)","cyclocity/JCDecaux","2026-08-28 00:23:09"
"238","UNION SAINT-GILLOISE / UNION SINT-GILLIS",50.820199,4.330806,20,9,9,"BE","Bruessel (Villo)","cyclocity/JCDecaux","2026-08-28 00:23:09"
"239","DARWIN",50.817777,4.350406,25,9,11,"BE","Bruessel (Villo)","cyclocity/JCDecaux","2026-08-28 00:23:09"
"240","VANDERKINDERE",50.81418,4.347721,23,9,13,"BE","Bruessel (Villo)","cyclocity/JCDecaux","2026-08-28 00:23:09"
"241","STATUAIRES / BEELDHOUWERS",50.804006,4.349493,25,8,14,"BE","Bruessel (Villo)","cyclocity/JCDecaux","2026-08-28 00:23:09"
"242","MAISON COMMUNALE UCCLE / GEMEENTEHUIS UKKEL",50.803791,4.333321,25,9,14,"BE","Bruessel (Villo)","cyclocity/JCDecaux","2026-08-28 00:23:09"
"243","ROND-POINT CHURCHILL / CHURCHILLPLEIN",50.811696,4.353263,25,10,9,"BE","Bruessel (Villo)","cyclocity/JCDecaux","2026-08-28 00:23:09"
"244","BOIS DE LA CAMBRE / TERKAMERENBOS",50.81218,4.368321,20,7,11,"BE","Bruessel (Villo)","cyclocity/JCDecaux","2026-08-28 00:23:09"
"245","HAMOIR",50.798988,4.375581,25,10,11,"BE","Bruessel (Villo)","cyclocity/JCDecaux","2026-08-28 00:23:09"
"246","GATTI DE GAMOND",50.796471,4.328415,20,8,12,"BE","Bruessel (Villo)","cyclocity/JCDecaux","2026-08-28 00:23:09"
"247","STALLE",50.79586,4.32058,25,6,18,"BE","Bruessel (Villo)","cyclocity/JCDecaux","2026-08-28 00:23:09"
"248","PRINCE DE LIGNE / PRINS DE LIGNE",50.795777,4.373405,22,8,13,"BE","Bruessel (Villo)","cyclocity/JCDecaux","2026-08-28 00:23:09"
"249","SAINT-JOB / SINT-JOB",50.794173,4.366414,25,10,13,"BE","Bruessel (Villo)","cyclocity/JCDecaux","2026-08-28 00:23:09"
"250","SAINTE-ELISABETH / SINT-ELISABETH",50.805409,4.371953,25,11,11,"BE","Bruessel (Villo)","cyclocity/JCDecaux","2026-08-28 00:23:09"
"251","PAOLA",50.800377,4.326985,20,9,6,"BE","Bruessel (Villo)","cyclocity/JCDecaux","2026-08-28 00:23:09"
"252","BEMPT",50.803413,4.314756,23,3,17,"BE","Bruessel (Villo)","cyclocity/JCDecaux","2026-08-28 00:23:09"
"253","REINE FABIOLA / KONINGIN FABIOLA",50.872676,4.314497,25,18,7,"BE","Bruessel (Villo)","cyclocity/JCDecaux","2026-08-28 00:23:09"
"254","BASILIQUE / BASILIEK",50.867393,4.320344,22,6,15,"BE","Bruessel (Villo)","cyclocity/JCDecaux","2026-08-28 00:23:09"
"255","SACRE-COEUR DE GANSHOREN",50.868038,4.314122,25,11,14,"BE","Bruessel (Villo)","cyclocity/JCDecaux","2026-08-28 00:23:09"
"256","VAN OVERBEKE",50.874767,4.308977,24,11,13,"BE","Bruessel (Villo)","cyclocity/JCDecaux","2026-08-28 00:23:09"
"257","MARGUERITE D'AUTR. / MARGARETHA VAN OOSTENR.",50.872249,4.298174,25,18,7,"BE","Bruessel (Villo)","cyclocity/JCDecaux","2026-08-28 00:23:09"
"258","LIBERTE / VRIJHEID",50.862199,4.323446,18,8,10,"BE","Bruessel (Villo)","cyclocity/JCDecaux","2026-08-28 00:23:09"
"259","NOVILLE",50.859608,4.33409,20,12,7,"BE","Bruessel (Villo)","cyclocity/JCDecaux","2026-08-28 00:23:09"
"260","TRITON",50.86702,4.406995,25,15,10,"BE","Bruessel (Villo)","cyclocity/JCDecaux","2026-08-28 00:23:09"
"261","CONSCIENCE",50.86879,4.399587,20,10,8,"BE","Bruessel (Villo)","cyclocity/JCDecaux","2026-08-28 00:23:09"
"262","PLACE DE LA PAIX / VREDEPLEIN",50.87693,4.400722,20,5,15,"BE","Bruessel (Villo)","cyclocity/JCDecaux","2026-08-28 00:23:09"
"263","MAISON COMMUNALE EVERE / GEMEENTEHUIS EVERE",50.871919,4.403183,19,15,4,"BE","Bruessel (Villo)","cyclocity/JCDecaux","2026-08-28 00:23:09"
"264","NOTRE-DAME / ONZE-LIEVE-VROUW",50.871013,4.397616,20,6,14,"BE","Bruessel (Villo)","cyclocity/JCDecaux","2026-08-28 00:23:09"
"265","EVERE SHOPPING",50.867241,4.40287,25,12,12,"BE","Bruessel (Villo)","cyclocity/JCDecaux","2026-08-28 00:23:09"
"266","GARE DE BORDET / BORDET STATION",50.877476,4.409133,21,11,10,"BE","Bruessel (Villo)","cyclocity/JCDecaux","2026-08-28 00:23:09"
"267","GENEVE",50.862912,4.403226,25,12,12,"BE","Bruessel (Villo)","cyclocity/JCDecaux","2026-08-28 00:23:09"
"268","DUNANT",50.862808,4.410791,20,9,11,"BE","Bruessel (Villo)","cyclocity/JCDecaux","2026-08-28 00:23:09"
"269","CICERON / CICERO",50.860957,4.421515,25,10,13,"BE","Bruessel (Villo)","cyclocity/JCDecaux","2026-08-28 00:23:09"
"270","DE PADUWA",50.859215,4.414115,25,12,12,"BE","Bruessel (Villo)","cyclocity/JCDecaux","2026-08-28 00:23:09"
"271","DUBOIS",50.851158,4.309591,25,12,13,"BE","Bruessel (Villo)","cyclocity/JCDecaux","2026-08-28 00:23:09"
"272","SCHEUTBOS",50.851129,4.299792,24,12,10,"BE","Bruessel (Villo)","cyclocity/JCDecaux","2026-08-28 00:23:09"
"273","TAMARIS / TAMARISKEN",50.854809,4.306337,25,15,9,"BE","Bruessel (Villo)","cyclocity/JCDecaux","2026-08-28 00:23:09"
"274","CORHAY",50.860027,4.307686,25,17,8,"BE","Bruessel (Villo)","cyclocity/JCDecaux","2026-08-28 00:23:09"
"275","VERSAILLES",50.896278,4.372427,20,11,9,"BE","Bruessel (Villo)","cyclocity/JCDecaux","2026-08-28 00:23:09"
"276","CROIX DE GUERRE / OORLOGSKRUISEN",50.889521,4.380226,25,9,16,"BE","Bruessel (Villo)","cyclocity/JCDecaux","2026-08-28 00:23:09"
"277","VAN PRAET",50.881588,4.373817,21,6,12,"BE","Bruessel (Villo)","cyclocity/JCDecaux","2026-08-28 00:23:09"
"278","STADE / STADION",50.893923,4.332117,25,13,12,"BE","Bruessel (Villo)","cyclocity/JCDecaux","2026-08-28 00:23:09"
"279","HOUBA-BRUGMANN",50.890231,4.336993,25,8,17,"BE","Bruessel (Villo)","cyclocity/JCDecaux","2026-08-28 00:23:09"
"280","HEYSEL / HEIZEL",50.897522,4.334831,25,14,10,"BE","Bruessel (Villo)","cyclocity/JCDecaux","2026-08-28 00:23:09"
"281","ATOMIUM",50.895485,4.341311,25,15,10,"BE","Bruessel (Villo)","cyclocity/JCDecaux","2026-08-28 00:23:09"
"282","CENTENAIRE / EEUWFEEST",50.89097,4.344827,25,4,21,"BE","Bruessel (Villo)","cyclocity/JCDecaux","2026-08-28 00:23:09"
"283","PISCINE / ZWEMBAD",50.893166,4.376996,14,7,7,"BE","Bruessel (Villo)","cyclocity/JCDecaux","2026-08-28 00:23:09"
"284","CLAESSENS",50.873085,4.35859,25,16,8,"BE","Bruessel (Villo)","cyclocity/JCDecaux","2026-08-28 00:23:09"
"285","COGHEN",50.813469,4.338951,25,13,11,"BE","Bruessel (Villo)","cyclocity/JCDecaux","2026-08-28 00:23:09"
"286","BENS",50.8081,4.336816,18,7,10,"BE","Bruessel (Villo)","cyclocity/JCDecaux","2026-08-28 00:23:09"
"287","FLOREAL",50.809334,4.345243,23,6,17,"BE","Bruessel (Villo)","cyclocity/JCDecaux","2026-08-28 00:23:09"
"288","HOUZEAU",50.80351,4.3589,18,3,11,"BE","Bruessel (Villo)","cyclocity/JCDecaux","2026-08-28 00:23:09"
"289","SQUARE GEORGES MARLOW / GEORGES MARLOWSQUARE",50.801818,4.340812,25,14,8,"BE","Bruessel (Villo)","cyclocity/JCDecaux","2026-08-28 00:23:09"
"290","GARE DE CALEVOET / KALEVOET STATION",50.791568,4.332586,24,11,12,"BE","Bruessel (Villo)","cyclocity/JCDecaux","2026-08-28 00:23:09"
"291","DECROLY",50.804661,4.327886,19,8,11,"BE","Bruessel (Villo)","cyclocity/JCDecaux","2026-08-28 00:23:09"
"292","RITTWEGER",50.797739,4.336083,20,9,10,"BE","Bruessel (Villo)","cyclocity/JCDecaux","2026-08-28 00:23:09"
"293","KEYM",50.810528,4.40231,25,13,12,"BE","Bruessel (Villo)","cyclocity/JCDecaux","2026-08-28 00:23:09"
"294","WIENER",50.798344,4.419014,25,10,9,"BE","Bruessel (Villo)","cyclocity/JCDecaux","2026-08-28 00:23:09"
"295","COIN DU BALAI / BEZEMHOEK",50.793682,4.418497,25,12,11,"BE","Bruessel (Villo)","cyclocity/JCDecaux","2026-08-28 00:23:09"
"296","BOITSFORT GARE / BOSVOORDE STATION",50.795209,4.408152,25,7,15,"BE","Bruessel (Villo)","cyclocity/JCDecaux","2026-08-28 00:23:09"
"297","TENREUKEN",50.804951,4.426541,25,10,13,"BE","Bruessel (Villo)","cyclocity/JCDecaux","2026-08-28 00:23:09"
"298","HALL DES SPORTS / SPORTHAL",50.877082,4.301232,25,12,13,"BE","Bruessel (Villo)","cyclocity/JCDecaux","2026-08-28 00:23:09"
"299","SAINT-ADRIEN / SINT-ADRIANUS",50.809494,4.386465,20,16,4,"BE","Bruessel (Villo)","cyclocity/JCDecaux","2026-08-28 00:23:09"
"300","BOONDAEL GARE / BOONDAAL STATION",50.801455,4.392831,25,5,20,"BE","Bruessel (Villo)","cyclocity/JCDecaux","2026-08-28 00:23:09"
"301","MARIE-JOSE",50.806552,4.387843,22,8,12,"BE","Bruessel (Villo)","cyclocity/JCDecaux","2026-08-28 00:23:09"
"303","VIEUX TILLEUL / OUDE LINDE",50.807938,4.392845,25,11,12,"BE","Bruessel (Villo)","cyclocity/JCDecaux","2026-08-28 00:23:09"
"304","",50.893497,4.363297,0,0,0,"BE","Bruessel (Villo)","cyclocity/JCDecaux","2026-08-28 00:23:09"
"305","PETER BENOIT",50.895592,4.387965,25,12,11,"BE","Bruessel (Villo)","cyclocity/JCDecaux","2026-08-28 00:23:09"
"306","HEEMBEEK",50.889187,4.37499,25,12,12,"BE","Bruessel (Villo)","cyclocity/JCDecaux","2026-08-28 00:23:09"
"307","KAREL BOGAERD",50.88194,4.347501,20,13,7,"BE","Bruessel (Villo)","cyclocity/JCDecaux","2026-08-28 00:23:09"
"308","TIVOLI",50.872276,4.351953,19,7,11,"BE","Bruessel (Villo)","cyclocity/JCDecaux","2026-08-28 00:23:09"
"309","SQUARE DU CENTENAIRE / EEUWFEESTSQUARE",50.875535,4.318377,25,14,10,"BE","Bruessel (Villo)","cyclocity/JCDecaux","2026-08-28 00:23:09"
"310","SAINT-VINCENT / SINT-VINCENTIUS",50.87992,4.400427,20,15,3,"BE","Bruessel (Villo)","cyclocity/JCDecaux","2026-08-28 00:23:09"
"311","DELTA",50.818322,4.404122,22,9,11,"BE","Bruessel (Villo)","cyclocity/JCDecaux","2026-08-28 00:23:09"
"312","CENTRE CULTUREL / CULTUREEL CENTRUM",50.817087,4.426761,25,9,14,"BE","Bruessel (Villo)","cyclocity/JCDecaux","2026-08-28 00:23:09"
"313","DEMEY",50.814858,4.417184,25,18,7,"BE","Bruessel (Villo)","cyclocity/JCDecaux","2026-08-28 00:23:09"
"314","HERRMANN-DEBROUX",50.812325,4.427962,30,9,21,"BE","Bruessel (Villo)","cyclocity/JCDecaux","2026-08-28 00:23:09"
"315","SACRE-COEUR AUDERGHEM / HEILIG HART OUDERGEM",50.810322,4.435789,19,7,9,"BE","Bruessel (Villo)","cyclocity/JCDecaux","2026-08-28 00:23:09"
"317","GEYSKENS",50.820097,4.42214,20,6,10,"BE","Bruessel (Villo)","cyclocity/JCDecaux","2026-08-28 00:23:09"
"318","CARDINAL MERCIER / KARDINAAL MERCIER",50.880539,4.32823,20,15,5,"BE","Bruessel (Villo)","cyclocity/JCDecaux","2026-08-28 00:23:09"
"319","ANCIENNE BARRIERE / OUDE AFSPANNING",50.884954,4.317553,20,10,9,"BE","Bruessel (Villo)","cyclocity/JCDecaux","2026-08-28 00:23:09"
"320","UZ BRUSSEL",50.886451,4.310966,20,4,16,"BE","Bruessel (Villo)","cyclocity/JCDecaux","2026-08-28 00:23:09"
"321","SACRE-CŒUR DE JETTE / HEILIG HART VAN JETTE",50.884229,4.330276,19,8,11,"BE","Bruessel (Villo)","cyclocity/JCDecaux","2026-08-28 00:23:09"
"322","PARC ROI BAUDOUIN / KONING BOUDEWIJNPARK",50.889582,4.316351,20,5,15,"BE","Bruessel (Villo)","cyclocity/JCDecaux","2026-08-28 00:23:09"
"323","CARENE / CARINA",50.85517,4.415303,20,11,9,"BE","Bruessel (Villo)","cyclocity/JCDecaux","2026-08-28 00:23:09"
"324","THOMAS BALIS",50.819641,4.412926,25,10,13,"BE","Bruessel (Villo)","cyclocity/JCDecaux","2026-08-28 00:23:09"
"325","HANKAR",50.821441,4.406925,25,14,7,"BE","Bruessel (Villo)","cyclocity/JCDecaux","2026-08-28 00:23:09"
"326","ADEPS",50.809406,4.443777,22,11,10,"BE","Bruessel (Villo)","cyclocity/JCDecaux","2026-08-28 00:23:09"
"327","SIBELGA",50.874082,4.362205,20,10,9,"BE","Bruessel (Villo)","cyclocity/JCDecaux","2026-08-28 00:23:09"
"328","HEYDENBERG",50.849386,4.41712,20,16,4,"BE","Bruessel (Villo)","cyclocity/JCDecaux","2026-08-28 00:23:09"
"329","ROODEBEEK",50.847617,4.436084,24,8,15,"BE","Bruessel (Villo)","cyclocity/JCDecaux","2026-08-28 00:23:09"
"330","VANDERVELDE",50.847546,4.450015,25,8,14,"BE","Bruessel (Villo)","cyclocity/JCDecaux","2026-08-28 00:23:09"
"331","GEORGES HENRI",50.842319,4.406295,20,12,8,"BE","Bruessel (Villo)","cyclocity/JCDecaux","2026-08-28 00:23:09"
"332","VERGOTE",50.845229,4.404311,24,8,16,"BE","Bruessel (Villo)","cyclocity/JCDecaux","2026-08-28 00:23:09"
"333","TRACTEBEL",50.856582,4.430988,25,20,5,"BE","Bruessel (Villo)","cyclocity/JCDecaux","2026-08-28 00:23:09"
"334","MARCEL THIRY",50.855593,4.439625,20,5,15,"BE","Bruessel (Villo)","cyclocity/JCDecaux","2026-08-28 00:23:09"
"335","THIRY",50.854231,4.444034,20,16,4,"BE","Bruessel (Villo)","cyclocity/JCDecaux","2026-08-28 00:23:09"
"336","KRAAINEM",50.848578,4.459038,17,5,12,"BE","Bruessel (Villo)","cyclocity/JCDecaux","2026-08-28 00:23:09"
"337","SHOPPING",50.843779,4.437698,20,8,12,"BE","Bruessel (Villo)","cyclocity/JCDecaux","2026-08-28 00:23:09"
"338","UCL",50.851073,4.452706,24,18,6,"BE","Bruessel (Villo)","cyclocity/JCDecaux","2026-08-28 00:23:09"
"339","MEUDON",50.845365,4.41788,22,5,16,"BE","Bruessel (Villo)","cyclocity/JCDecaux","2026-08-28 00:23:09"
"340","TOMBERG",50.843617,4.425324,24,11,13,"BE","Bruessel (Villo)","cyclocity/JCDecaux","2026-08-28 00:23:09"
"341","",50.840942,4.436529,0,0,0,"BE","Bruessel (Villo)","cyclocity/JCDecaux","2026-08-28 00:23:09"
"342","MAISON COMM. BERCHEM / GEMEENTEH. BERCHEM",50.864771,4.294266,20,7,12,"BE","Bruessel (Villo)","cyclocity/JCDecaux","2026-08-28 00:23:09"
"343","VANDENDRIESCH",50.861754,4.292798,20,12,7,"BE","Bruessel (Villo)","cyclocity/JCDecaux","2026-08-28 00:23:09"
"344","BETHLEEM / BETHLEHEM",50.830235,4.337965,20,11,8,"BE","Bruessel (Villo)","cyclocity/JCDecaux","2026-08-28 00:23:09"
"345","TROIS TILLEULS / DRIE LINDEN",50.802713,4.411871,18,6,9,"BE","Bruessel (Villo)","cyclocity/JCDecaux","2026-08-28 00:23:09"
"346","RECHERCHE / RESEARCH",50.81595,4.273669,20,11,8,"BE","Bruessel (Villo)","cyclocity/JCDecaux","2026-08-28 00:23:09"
"347","ERASME / ERASMUS",50.8149606388997,4.26542850805528,25,9,16,"BE","Bruessel (Villo)","cyclocity/JCDecaux","2026-08-28 00:23:09"
"348","HANSEN-SOULIE",50.831078,4.398546,24,11,13,"BE","Bruessel (Villo)","cyclocity/JCDecaux","2026-08-28 00:23:09"
"349","FONSNY",50.833444,4.334857,20,5,15,"BE","Bruessel (Villo)","cyclocity/JCDecaux","2026-08-28 00:23:09"
"350","VERHEYLEWEGHEN",50.848184,4.425621,22,15,5,"BE","Bruessel (Villo)","cyclocity/JCDecaux","2026-08-28 00:23:09"
"351","ULB",50.813945,4.384019,25,12,13,"BE","Bruessel (Villo)","cyclocity/JCDecaux","2026-08-28 00:23:09"
"352","ROUGE-CLOÎTRE / ROODKLOOSTER",50.814264,4.443479,23,11,6,"BE","Bruessel (Villo)","cyclocity/JCDecaux","2026-08-28 00:23:09"
"353","BEAULIEU",50.815681,4.40812,20,6,9,"BE","Bruessel (Villo)","cyclocity/JCDecaux","2026-08-28 00:23:09"
"354","TRIOMPHE / TRIOMF",50.821515,4.402259,20,4,16,"BE","Bruessel (Villo)","cyclocity/JCDecaux","2026-08-28 00:23:09"
"355","PARNASSE / PARNASSUS",50.837738,4.3692,22,7,14,"BE","Bruessel (Villo)","cyclocity/JCDecaux","2026-08-28 00:23:09"
"356","SPORTCITY",50.829715,4.455151,16,7,7,"BE","Bruessel (Villo)","cyclocity/JCDecaux","2026-08-28 00:23:09"
"357","AVIATION / LUCHTVAART",50.834556,4.456873,20,7,13,"BE","Bruessel (Villo)","cyclocity/JCDecaux","2026-08-28 00:23:09"
"358","MADOUX",50.82708,4.444795,25,12,13,"BE","Bruessel (Villo)","cyclocity/JCDecaux","2026-08-28 00:23:09"
"359","JCDECAUX",50.867708,4.357532,20,12,7,"BE","Bruessel (Villo)","cyclocity/JCDecaux","2026-08-28 00:23:09"
"360","STOCKEL / STOKKEL",50.841609,4.465632,24,8,16,"BE","Bruessel (Villo)","cyclocity/JCDecaux","2026-08-28 00:23:09"
"362","GARE DE BERCHEM / BERCHEM STATION",50.872491,4.290227,20,10,8,"BE","Bruessel (Villo)","cyclocity/JCDecaux","2026-08-28 00:23:09"
"364","DOCKS BRUXSEL",50.879086,4.374729,20,4,16,"BE","Bruessel (Villo)","cyclocity/JCDecaux","2026-08-28 00:23:09"
"365","ADOLPHE MAX",50.854062,4.356368,21,4,17,"BE","Bruessel (Villo)","cyclocity/JCDecaux","2026-08-28 00:23:09"
"1005","BORNE ATELIER MECANOS SPL",50.797869,4.289803,2,0,2,"BE","Bruessel (Villo)","cyclocity/JCDecaux","2026-08-28 00:23:09"
"001","001- Centraal Station - Astrid",51.21782,4.42065,33,0,33,"BE","Antwerpen","smartbike.com","2026-08-28 00:23:09"
"002","002- Centraal Station - Astrid 2",51.21756,4.42073,36,0,36,"BE","Antwerpen","smartbike.com","2026-08-28 00:23:09"
"003","003- Centraal station Kievit 2",51.21309,4.42177,36,5,30,"BE","Antwerpen","smartbike.com","2026-08-28 00:23:09"
"004","004- De Keyserlei",51.21736,4.42009,21,0,21,"BE","Antwerpen","smartbike.com","2026-08-28 00:23:09"
"005","005- Centraal Station / Kievit",51.21301,4.42173,36,8,28,"BE","Antwerpen","smartbike.com","2026-08-28 00:23:09"
"006","006- Premetro Plantin",51.21032,4.42218,24,14,9,"BE","Antwerpen","smartbike.com","2026-08-28 00:23:09"
"007","007- NMBS Berchem ",51.20108,4.43395,36,0,35,"BE","Antwerpen","smartbike.com","2026-08-28 00:23:09"
"008","008- NMBS Berchem 2",51.20109,4.43396,30,0,29,"BE","Antwerpen","smartbike.com","2026-08-28 00:23:09"
"009","009- NMBS Oost",51.20906,4.43602,30,24,6,"BE","Antwerpen","smartbike.com","2026-08-28 00:23:09"
"010","010- NMBS Zuid",51.19847,4.39072,36,28,8,"BE","Antwerpen","smartbike.com","2026-08-28 00:23:09"
"012","012- Brussel",51.19931,4.39014,36,28,6,"BE","Antwerpen","smartbike.com","2026-08-28 00:23:09"
"013","013- De Singel 1",51.19388,4.40225,36,1,33,"BE","Antwerpen","smartbike.com","2026-08-28 00:23:09"
"014","014- Markgrave",51.19681,4.40569,36,29,7,"BE","Antwerpen","smartbike.com","2026-08-28 00:23:09"
"015","015- Schone Kunsten",51.20782,4.39439,36,3,33,"BE","Antwerpen","smartbike.com","2026-08-28 00:23:09"
"016","016- Marnixplaats",51.21016,4.39661,27,16,11,"BE","Antwerpen","smartbike.com","2026-08-28 00:23:09"
"017","017- Groenplaats",51.21888,4.4012,18,0,16,"BE","Antwerpen","smartbike.com","2026-08-28 00:23:09"
"018","018- Meirbrug",51.21819,4.40617,34,3,31,"BE","Antwerpen","smartbike.com","2026-08-28 00:23:09"
"020","020- Groenplaats 2",51.21866,4.40084,27,0,27,"BE","Antwerpen","smartbike.com","2026-08-28 00:23:09"
"021","021- Driekoningen",51.19548,4.41919,28,10,17,"BE","Antwerpen","smartbike.com","2026-08-28 00:23:09"
"022","022- Statie",51.19992,4.43099,33,0,31,"BE","Antwerpen","smartbike.com","2026-08-28 00:23:09"
"023","023- Hopland",51.21649,4.41042,35,2,33,"BE","Antwerpen","smartbike.com","2026-08-28 00:23:09"
"024","024- Opera",51.21796,4.41795,30,1,29,"BE","Antwerpen","smartbike.com","2026-08-28 00:23:09"
"025","025- Teniersplaats",51.21819,4.41431,34,2,32,"BE","Antwerpen","smartbike.com","2026-08-28 00:23:09"
"026","026- Meir-Antoon Van Dijck",51.21823,4.41248,36,5,29,"BE","Antwerpen","smartbike.com","2026-08-28 00:23:09"
"027","027- Lange Nieuwstraat",51.2195,4.41195,36,9,27,"BE","Antwerpen","smartbike.com","2026-08-28 00:23:09"
"028","028- Keizerstraat",51.22149,4.40866,24,8,15,"BE","Antwerpen","smartbike.com","2026-08-28 00:23:09"
"029","029- Lozana",51.20161,4.40611,30,28,1,"BE","Antwerpen","smartbike.com","2026-08-28 00:23:09"
"030","030- Het Laar",51.21634,4.43334,24,22,2,"BE","Antwerpen","smartbike.com","2026-08-28 00:23:09"
"031","031- Wezenberg",51.19312,4.40803,36,2,34,"BE","Antwerpen","smartbike.com","2026-08-28 00:23:09"
"032","032- Permeke",51.22173,4.42071,27,9,16,"BE","Antwerpen","smartbike.com","2026-08-28 00:23:09"
"033","033- Hessenhuis",51.22622,4.40965,21,8,13,"BE","Antwerpen","smartbike.com","2026-08-28 00:23:09"
"034","034- M HKA",51.21101,4.39073,36,2,34,"BE","Antwerpen","smartbike.com","2026-08-28 00:23:09"
"035","035- Cockerillkaai",51.21032,4.3877,36,9,27,"BE","Antwerpen","smartbike.com","2026-08-28 00:23:09"
"036","036- Bourla",51.21534,4.4088,30,1,28,"BE","Antwerpen","smartbike.com","2026-08-28 00:23:09"
"037","037- Theater",51.21559,4.41237,30,13,14,"BE","Antwerpen","smartbike.com","2026-08-28 00:23:09"
"038","038- Pastorijstraat",51.22016,4.43264,21,0,21,"BE","Antwerpen","smartbike.com","2026-08-28 00:23:09"
"039","039- Koxplein",51.21106,4.4341,36,15,21,"BE","Antwerpen","smartbike.com","2026-08-28 00:23:09"
"040","040- Desguinlei",51.19676,4.39662,36,24,11,"BE","Antwerpen","smartbike.com","2026-08-28 00:23:09"
"041","041- Van Eyck",51.2108,4.41161,27,26,0,"BE","Antwerpen","smartbike.com","2026-08-28 00:23:09"
"042","042- Harmonie",51.20228,4.41207,35,11,24,"BE","Antwerpen","smartbike.com","2026-08-28 00:23:09"
"043","043- Grétrystraat",51.20368,4.41528,30,12,17,"BE","Antwerpen","smartbike.com","2026-08-28 00:23:09"
"044","044- Belgielei",51.20572,4.41819,36,16,20,"BE","Antwerpen","smartbike.com","2026-08-28 00:23:09"
"045","045- Falconplein",51.22688,4.4055,36,6,29,"BE","Antwerpen","smartbike.com","2026-08-28 00:23:09"
"046","046- De Merode",51.19939,4.41502,36,7,28,"BE","Antwerpen","smartbike.com","2026-08-28 00:23:09"
"047","047- Militair Hospitaal",51.20141,4.42371,36,17,19,"BE","Antwerpen","smartbike.com","2026-08-28 00:23:09"
"048","048- De Keyserlei 2",51.2173,4.42015,33,1,30,"BE","Antwerpen","smartbike.com","2026-08-28 00:23:09"
"049","049- Tolhuis",51.22576,4.40092,27,1,26,"BE","Antwerpen","smartbike.com","2026-08-28 00:23:09"
"050","050- Klapdorp",51.22373,4.40302,21,9,10,"BE","Antwerpen","smartbike.com","2026-08-28 00:23:09"
"051","051- Mutsaardplein",51.2229,4.40611,36,11,25,"BE","Antwerpen","smartbike.com","2026-08-28 00:23:09"
"052","052- Waaslandtunnel",51.22802,4.41169,36,11,25,"BE","Antwerpen","smartbike.com","2026-08-28 00:23:09"
"054","054- Ossenmarkt",51.22186,4.41299,21,12,9,"BE","Antwerpen","smartbike.com","2026-08-28 00:23:09"
"055","055- Zonnebloemstraat",51.19698,4.42823,33,18,14,"BE","Antwerpen","smartbike.com","2026-08-28 00:23:09"
"056","056- Minderbroedersrui",51.22219,4.40459,30,30,0,"BE","Antwerpen","smartbike.com","2026-08-28 00:23:09"
"057","057- Wolstraat",51.22154,4.40267,21,10,10,"BE","Antwerpen","smartbike.com","2026-08-28 00:23:09"
"058","058- Noorderterras",51.22439,4.3991,30,12,17,"BE","Antwerpen","smartbike.com","2026-08-28 00:23:09"
"059","059- Het Steen",51.2211,4.3968,36,15,17,"BE","Antwerpen","smartbike.com","2026-08-28 00:23:09"
"060","060- Grote Markt",51.22166,4.40056,36,8,27,"BE","Antwerpen","smartbike.com","2026-08-28 00:23:09"
"061","061- Victor Jacobslei",51.19781,4.42541,33,7,26,"BE","Antwerpen","smartbike.com","2026-08-28 00:23:09"
"062","062- Station Dam",51.23183,4.42698,24,11,13,"BE","Antwerpen","smartbike.com","2026-08-28 00:23:09"
"063","063- Slachthuis",51.2293,4.43307,36,8,28,"BE","Antwerpen","smartbike.com","2026-08-28 00:23:09"
"064","064- Zuiderterras",51.21907,4.39495,36,10,25,"BE","Antwerpen","smartbike.com","2026-08-28 00:23:09"
"065","065- Plantinkaai",51.21619,4.39343,33,21,12,"BE","Antwerpen","smartbike.com","2026-08-28 00:23:09"
"066","066- Modemuseum",51.21709,4.39925,24,7,15,"BE","Antwerpen","smartbike.com","2026-08-28 00:23:09"
"067","067- Oudaan",51.21578,4.40314,36,27,9,"BE","Antwerpen","smartbike.com","2026-08-28 00:23:09"
"068","068-  Turnhoutsepoort",51.21457,4.44368,30,25,5,"BE","Antwerpen","smartbike.com","2026-08-28 00:23:09"
"069","069- Fonteinstraat",51.21116,4.44196,36,15,18,"BE","Antwerpen","smartbike.com","2026-08-28 00:23:09"
"070","070- Sint Andries",51.21485,4.39634,30,27,2,"BE","Antwerpen","smartbike.com","2026-08-28 00:23:09"
"071","071- Sint-Michielskaai",51.21456,4.39205,30,24,4,"BE","Antwerpen","smartbike.com","2026-08-28 00:23:09"
"072","072- Tropisch Instituut",51.21189,4.39894,36,14,19,"BE","Antwerpen","smartbike.com","2026-08-28 00:23:09"
"073","073- Maarschalk Gérard",51.21231,4.40372,36,18,17,"BE","Antwerpen","smartbike.com","2026-08-28 00:23:09"
"074","074- Vismijn",51.21233,4.39402,30,0,28,"BE","Antwerpen","smartbike.com","2026-08-28 00:23:09"
"075","075- Vlaamsekaai",51.21031,4.3913,36,9,26,"BE","Antwerpen","smartbike.com","2026-08-28 00:23:09"
"076","076- Prekersplein",51.21404,4.39809,24,24,0,"BE","Antwerpen","smartbike.com","2026-08-28 00:23:09"
"077","077- Blauwtorenplein",51.21275,4.40947,36,6,30,"BE","Antwerpen","smartbike.com","2026-08-28 00:23:09"
"078","078- Oud Gerechtshof",51.2092,4.40301,27,26,1,"BE","Antwerpen","smartbike.com","2026-08-28 00:23:09"
"079","079- Nationale Bank",51.21103,4.40726,36,35,0,"BE","Antwerpen","smartbike.com","2026-08-28 00:23:09"
"080","080- Montigny",51.20607,4.39339,36,29,7,"BE","Antwerpen","smartbike.com","2026-08-28 00:23:09"
"081","081- Justitiepaleis",51.20468,4.38767,27,25,2,"BE","Antwerpen","smartbike.com","2026-08-28 00:23:09"
"082","082- Fotografiemuseum",51.20862,4.38747,36,11,23,"BE","Antwerpen","smartbike.com","2026-08-28 00:23:09"
"083","083- Brederode",51.20775,4.39851,27,13,14,"BE","Antwerpen","smartbike.com","2026-08-28 00:23:09"
"084","084- Elzenveld",51.21344,4.40497,33,4,27,"BE","Antwerpen","smartbike.com","2026-08-28 00:23:09"
"085","085- Den Bell",51.20585,4.39866,36,2,33,"BE","Antwerpen","smartbike.com","2026-08-28 00:23:09"
"086","086- Troonplaats",51.20335,4.39235,27,20,6,"BE","Antwerpen","smartbike.com","2026-08-28 00:23:09"
"087","087- Lange Elzen",51.20066,4.39424,21,20,0,"BE","Antwerpen","smartbike.com","2026-08-28 00:23:09"
"088","088- Haantjeslei",51.20114,4.40221,21,20,1,"BE","Antwerpen","smartbike.com","2026-08-28 00:23:09"
"089","089- Hof van Leysen",51.19843,4.40223,36,23,13,"BE","Antwerpen","smartbike.com","2026-08-28 00:23:09"
"090","090- Ballaarstraat",51.20447,4.40474,30,28,1,"BE","Antwerpen","smartbike.com","2026-08-28 00:23:09"
"091","091- Hemelstraat",51.20882,4.4083,18,17,1,"BE","Antwerpen","smartbike.com","2026-08-28 00:23:09"
"092","092- Sint-Thomas",51.20451,4.41063,21,18,3,"BE","Antwerpen","smartbike.com","2026-08-28 00:23:09"
"093","093- Sint Vincentius",51.20541,4.41356,30,26,2,"BE","Antwerpen","smartbike.com","2026-08-28 00:23:09"
"094","094- Paleisstraat",51.2048,4.3961,33,24,7,"BE","Antwerpen","smartbike.com","2026-08-28 00:23:09"
"095","095- Quinten Matsijslei",51.21415,4.41632,30,10,19,"BE","Antwerpen","smartbike.com","2026-08-28 00:23:09"
"096","096- Stadspark",51.21328,4.41311,24,0,22,"BE","Antwerpen","smartbike.com","2026-08-28 00:23:09"
"097","097- Cuperus",51.20278,4.42883,21,16,5,"BE","Antwerpen","smartbike.com","2026-08-28 00:23:09"
"099","099- Generaal Leman",51.1973,4.41048,24,17,6,"BE","Antwerpen","smartbike.com","2026-08-28 00:23:09"
"100","100- Van Hombeeckplein",51.19485,4.4166,33,12,21,"BE","Antwerpen","smartbike.com","2026-08-28 00:23:09"
"101","101- Premetro Handel",51.2241,4.432,36,25,11,"BE","Antwerpen","smartbike.com","2026-08-28 00:23:09"
"102","102- Duinstraat",51.22246,4.43026,36,20,15,"BE","Antwerpen","smartbike.com","2026-08-28 00:23:09"
"103","103- Oude Kerk Berchem",51.19256,4.42146,36,11,24,"BE","Antwerpen","smartbike.com","2026-08-28 00:23:09"
"104","104- Mercator",51.20821,4.42429,18,16,1,"BE","Antwerpen","smartbike.com","2026-08-28 00:23:09"
"105","105- Plantin en Moretus",51.20902,4.43157,33,27,6,"BE","Antwerpen","smartbike.com","2026-08-28 00:23:09"
"106","106- Draakplaats",51.20561,4.43221,33,1,29,"BE","Antwerpen","smartbike.com","2026-08-28 00:23:09"
"107","107- Moorkensplein",51.21338,4.43381,36,25,10,"BE","Antwerpen","smartbike.com","2026-08-28 00:23:09"
"108","108- Krugerpark",51.21602,4.43997,36,34,2,"BE","Antwerpen","smartbike.com","2026-08-28 00:23:09"
"109","109- Kerkstraat",51.21858,4.43051,33,33,0,"BE","Antwerpen","smartbike.com","2026-08-28 00:23:09"
"110","110- Dageraadplaats",51.20694,4.4301,36,2,33,"BE","Antwerpen","smartbike.com","2026-08-28 00:23:09"
"111","111- Van Der Meyden",51.21018,4.42776,30,20,10,"BE","Antwerpen","smartbike.com","2026-08-28 00:23:09"
"112","112- Pretoriastraat",51.20345,4.43684,36,22,13,"BE","Antwerpen","smartbike.com","2026-08-28 00:23:09"
"113","113- Helmstraat",51.21861,4.43862,36,24,11,"BE","Antwerpen","smartbike.com","2026-08-28 00:23:09"
"114","114- ZNA Stuivenberg",51.22199,4.43384,36,33,3,"BE","Antwerpen","smartbike.com","2026-08-28 00:23:09"
"115","115- Metro Elisabeth",51.22275,4.42418,21,7,13,"BE","Antwerpen","smartbike.com","2026-08-28 00:23:09"
"116","116- Loosplaats",51.2101,4.41722,18,16,2,"BE","Antwerpen","smartbike.com","2026-08-28 00:23:09"
"117","117- Sint Jansplein",51.22542,4.4184,30,27,3,"BE","Antwerpen","smartbike.com","2026-08-28 00:23:09"
"118","118- Dambrugge",51.22739,4.42243,30,24,5,"BE","Antwerpen","smartbike.com","2026-08-28 00:23:09"
"119","119- Ploeg",51.21537,4.42537,24,20,4,"BE","Antwerpen","smartbike.com","2026-08-28 00:23:09"
"120","120- Eendracht",51.22753,4.43904,24,11,12,"BE","Antwerpen","smartbike.com","2026-08-28 00:23:09"
"121","121- Stuivenbergplein",51.22746,4.43053,30,9,20,"BE","Antwerpen","smartbike.com","2026-08-28 00:23:09"
"122","122- Schijnpoort",51.22462,4.4366,21,14,6,"BE","Antwerpen","smartbike.com","2026-08-28 00:23:09"
"123","123- Park Spoor Noord 2",51.22904,4.42494,18,10,8,"BE","Antwerpen","smartbike.com","2026-08-28 00:23:09"
"124","124- Park Spoor Noord 1",51.22996,4.41961,30,15,14,"BE","Antwerpen","smartbike.com","2026-08-28 00:23:09"
"125","125- Sint-Norbertus",51.22596,4.42347,36,32,4,"BE","Antwerpen","smartbike.com","2026-08-28 00:23:09"
"126","126- Lange Dijk",51.22805,4.41902,36,35,0,"BE","Antwerpen","smartbike.com","2026-08-28 00:23:09"
"127","127- FOD Financiën",51.22827,4.41352,30,16,14,"BE","Antwerpen","smartbike.com","2026-08-28 00:23:09"
"128","128- ZNA Cadix",51.23177,4.41729,30,6,23,"BE","Antwerpen","smartbike.com","2026-08-28 00:23:09"
"129","129- Godefriduskaai",51.22808,4.40888,36,0,36,"BE","Antwerpen","smartbike.com","2026-08-28 00:23:09"
"130","130- Lamoriniere",51.2038,4.4208,18,12,6,"BE","Antwerpen","smartbike.com","2026-08-28 00:23:09"
"131","131- De Wittestraat",51.19376,4.41215,27,13,14,"BE","Antwerpen","smartbike.com","2026-08-28 00:23:09"
"132","132- Montgomery",51.21177,4.43779,18,15,3,"BE","Antwerpen","smartbike.com","2026-08-28 00:23:09"
"133","133- Willemdok",51.22958,4.41135,24,11,13,"BE","Antwerpen","smartbike.com","2026-08-28 00:23:09"
"134","134- MAS",51.22827,4.40557,36,0,35,"BE","Antwerpen","smartbike.com","2026-08-28 00:23:09"
"135","135- Loodswezen",51.22797,4.40203,36,9,26,"BE","Antwerpen","smartbike.com","2026-08-28 00:23:09"
"136","136- Spoor Noord Skatebowl",51.23176,4.42101,36,14,19,"BE","Antwerpen","smartbike.com","2026-08-28 00:23:09"
"137","137- Sint-Laureiskaai",51.22978,4.40575,36,0,36,"BE","Antwerpen","smartbike.com","2026-08-28 00:23:09"
"138","138- Amsterdamstraat",51.2312,4.40355,24,0,24,"BE","Antwerpen","smartbike.com","2026-08-28 00:23:09"
"139","139- Londenstraat",51.23105,4.41267,21,9,11,"BE","Antwerpen","smartbike.com","2026-08-28 00:23:09"
"140","140- Jachthaven LO",51.23142,4.39163,36,23,13,"BE","Antwerpen","smartbike.com","2026-08-28 00:23:09"
"141","141- Sint-Anna",51.23525,4.38688,36,3,30,"BE","Antwerpen","smartbike.com","2026-08-28 00:23:09"
"142","142- Esmoreitlaan",51.23344,4.38254,36,11,25,"BE","Antwerpen","smartbike.com","2026-08-28 00:23:09"
"143","143- Melis Stokelaan",51.23122,4.38531,36,13,23,"BE","Antwerpen","smartbike.com","2026-08-28 00:23:09"
"144","144- August Vermeylenlaan",51.23127,4.37867,36,15,21,"BE","Antwerpen","smartbike.com","2026-08-28 00:23:09"
"145","145- De Coster",51.22784,4.37855,24,10,13,"BE","Antwerpen","smartbike.com","2026-08-28 00:23:09"
"146","146- Reinaartlaan",51.22778,4.38589,33,18,15,"BE","Antwerpen","smartbike.com","2026-08-28 00:23:09"
"147","147- Halewijnlaan",51.22392,4.37788,24,9,15,"BE","Antwerpen","smartbike.com","2026-08-28 00:23:09"
"148","148- Verhaerenlaan",51.2232,4.38622,36,10,26,"BE","Antwerpen","smartbike.com","2026-08-28 00:23:09"
"149","149- Van Eedenplein",51.22061,4.38633,36,19,17,"BE","Antwerpen","smartbike.com","2026-08-28 00:23:09"
"150","150- Waterhoenlaan",51.22007,4.38172,24,6,18,"BE","Antwerpen","smartbike.com","2026-08-28 00:23:09"
"151","151- Van Cauwelaert",51.22031,4.37841,33,13,19,"BE","Antwerpen","smartbike.com","2026-08-28 00:23:09"
"152","152- Blancefloerlaan",51.22007,4.37559,36,7,29,"BE","Antwerpen","smartbike.com","2026-08-28 00:23:09"
"153","153- Beatrijslaan",51.21853,4.38571,36,19,17,"BE","Antwerpen","smartbike.com","2026-08-28 00:23:09"
"154","154- Terloplein",51.21907,4.44436,33,8,22,"BE","Antwerpen","smartbike.com","2026-08-28 00:23:09"
"155","155- Statielei",51.2162,4.44564,36,15,21,"BE","Antwerpen","smartbike.com","2026-08-28 00:23:09"
"156","156- Gasstraat",51.22603,4.42551,30,21,7,"BE","Antwerpen","smartbike.com","2026-08-28 00:23:09"
"157","157- Borsbeeksebrug",51.20145,4.4354,33,1,32,"BE","Antwerpen","smartbike.com","2026-08-28 00:23:09"
"158","158- Zuidervelodroom",51.20193,4.39839,36,35,1,"BE","Antwerpen","smartbike.com","2026-08-28 00:23:09"
"159","159- Den Bell 2",51.2056,4.39928,15,7,7,"BE","Antwerpen","smartbike.com","2026-08-28 00:23:09"
"160","160- Vlinderpaleis",51.20338,4.3888,36,19,17,"BE","Antwerpen","smartbike.com","2026-08-28 00:23:09"
"161","161 - Hospitaalplein",51.20356,4.42566,32,5,26,"BE","Antwerpen","smartbike.com","2026-08-28 00:23:09"
"162","162 - Regatta 1",51.21993,4.36874,36,5,30,"BE","Antwerpen","smartbike.com","2026-08-28 00:23:09"
"163","163 - Pluvier",51.21748,4.37798,36,23,12,"BE","Antwerpen","smartbike.com","2026-08-28 00:23:09"
"164","164 - AP Ellermanstraat",51.22993,4.41499,36,8,28,"BE","Antwerpen","smartbike.com","2026-08-28 00:23:09"
"165","165- Den Roscam",51.22501,4.40847,30,24,6,"BE","Antwerpen","smartbike.com","2026-08-28 00:23:09"
"166","166 - Schoenmarkt",51.21831,4.40331,33,1,30,"BE","Antwerpen","smartbike.com","2026-08-28 00:23:09"
"167","167 - Fod Financiën 2 ",51.22845,4.41339,30,3,27,"BE","Antwerpen","smartbike.com","2026-08-28 00:23:09"
"170","170-Quellin",51.21736,4.41654,21,0,20,"BE","Antwerpen","smartbike.com","2026-08-28 00:23:09"
"171","171 - Centraal Station 3 ",51.21788,4.42061,11,0,10,"BE","Antwerpen","smartbike.com","2026-08-28 00:23:09"
"172","172 - Centraal Station 4",51.2179,4.42066,12,0,11,"BE","Antwerpen","smartbike.com","2026-08-28 00:23:09"
"173","173 - Franklin Roosevelt",51.2202,4.41706,36,12,21,"BE","Antwerpen","smartbike.com","2026-08-28 00:23:09"
"174","174- Offerande",51.21954,4.4233,36,18,18,"BE","Antwerpen","smartbike.com","2026-08-28 00:23:09"
"175","175 - Asiadok",51.23518,4.4202,36,3,33,"BE","Antwerpen","smartbike.com","2026-08-28 00:23:09"
"176","176 - Slachthuissite 1",51.23058,4.43502,36,21,15,"BE","Antwerpen","smartbike.com","2026-08-28 00:23:09"
"177","177 - Slachthuissite 2",51.22991,4.43514,36,6,29,"BE","Antwerpen","smartbike.com","2026-08-28 00:23:09"
"178","178 - Universiteitsplein 2 ",51.16354,4.40011,36,13,23,"BE","Antwerpen","smartbike.com","2026-08-28 00:23:09"
"179","179 - Den Bleek",51.21306,4.42862,30,24,3,"BE","Antwerpen","smartbike.com","2026-08-28 00:23:09"
"180","180 - P&R LO 1",51.21933,4.34921,36,15,19,"BE","Antwerpen","smartbike.com","2026-08-28 00:23:09"
"182","182 - Mediahuis",51.21929,4.36003,36,9,27,"BE","Antwerpen","smartbike.com","2026-08-28 00:23:09"
"183","183 - Veer LO",51.22495,4.39009,36,21,14,"BE","Antwerpen","smartbike.com","2026-08-28 00:23:09"
"184","184 - Jan Palfijn",51.25793,4.45307,36,14,22,"BE","Antwerpen","smartbike.com","2026-08-28 00:23:09"
"185","185 - Kwadevelden",51.25848,4.44179,30,8,21,"BE","Antwerpen","smartbike.com","2026-08-28 00:23:09"
"186","186 - Universiteitsplein",51.16362,4.40032,36,10,26,"BE","Antwerpen","smartbike.com","2026-08-28 00:23:09"
"187","187 - Krijgslaan",51.16286,4.3902,30,16,13,"BE","Antwerpen","smartbike.com","2026-08-28 00:23:09"
"188","188 - Regatta 2",51.21795,4.3643,35,12,22,"BE","Antwerpen","smartbike.com","2026-08-28 00:23:09"
"190","190 - De Singel 2",51.19382,4.40216,36,9,27,"BE","Antwerpen","smartbike.com","2026-08-28 00:23:09"
"191","191 - Rijnpoort",51.22594,4.41309,36,4,32,"BE","Antwerpen","smartbike.com","2026-08-28 00:23:09"
"192","192 - Station LO",51.2164,4.3597,36,2,31,"BE","Antwerpen","smartbike.com","2026-08-28 00:23:09"
"201","201- P&R Luchtbal",51.26263,4.41869,33,22,11,"BE","Antwerpen","smartbike.com","2026-08-28 00:23:09"
"202","202- Squarepark",51.25727,4.42164,24,9,15,"BE","Antwerpen","smartbike.com","2026-08-28 00:23:09"
"203","203- Venezuelastraat",51.25361,4.42317,36,12,24,"BE","Antwerpen","smartbike.com","2026-08-28 00:23:09"
"204","204- Luchtbal winkelcentrum",51.24996,4.4209,36,15,21,"BE","Antwerpen","smartbike.com","2026-08-28 00:23:09"
"205","205- Kinepolis",51.24478,4.41434,36,16,20,"BE","Antwerpen","smartbike.com","2026-08-28 00:23:09"
"206","206- Station Luchtbal",51.2445,4.42309,33,12,21,"BE","Antwerpen","smartbike.com","2026-08-28 00:23:09"
"207","207- P&R Merksem",51.25812,4.46196,36,9,27,"BE","Antwerpen","smartbike.com","2026-08-28 00:23:09"
"208","208- Ringlaan Atheneum",51.25451,4.45469,36,3,33,"BE","Antwerpen","smartbike.com","2026-08-28 00:23:09"
"209","209- Melgeshof",51.25644,4.44715,36,12,24,"BE","Antwerpen","smartbike.com","2026-08-28 00:23:09"
"210","210- Maantjessteenweg",51.25523,4.43576,36,21,15,"BE","Antwerpen","smartbike.com","2026-08-28 00:23:09"
"211","211- Cultuurcentrum",51.25131,4.43732,36,8,28,"BE","Antwerpen","smartbike.com","2026-08-28 00:23:09"
"212","212- Rode Loop",51.25091,4.44231,36,9,26,"BE","Antwerpen","smartbike.com","2026-08-28 00:23:09"
"213","213- Kroonplein",51.25148,4.44805,30,13,17,"BE","Antwerpen","smartbike.com","2026-08-28 00:23:09"
"214","214- Kerkhofblommen",51.2481,4.43234,36,15,21,"BE","Antwerpen","smartbike.com","2026-08-28 00:23:09"
"215","215- Nieuwdreef",51.24671,4.44015,36,8,27,"BE","Antwerpen","smartbike.com","2026-08-28 00:23:09"
"216","216- Zwembad Merksem",51.24727,4.44902,30,18,12,"BE","Antwerpen","smartbike.com","2026-08-28 00:23:09"
"217","217- Joske Vermeulen",51.24917,4.45468,30,19,11,"BE","Antwerpen","smartbike.com","2026-08-28 00:23:09"
"218","218- Groenendaalcollege",51.24302,4.43569,36,6,30,"BE","Antwerpen","smartbike.com","2026-08-28 00:23:09"
"219","219- Districtshuis Merksem",51.24216,4.44252,33,19,13,"BE","Antwerpen","smartbike.com","2026-08-28 00:23:09"
"220","220- 't Dokske",51.24315,4.4474,30,17,13,"BE","Antwerpen","smartbike.com","2026-08-28 00:23:09"
"221","221-Havenhuis",51.24048,4.40799,36,7,29,"BE","Antwerpen","smartbike.com","2026-08-28 00:23:09"
"222","222- Cadix Oost",51.23334,4.41391,36,15,21,"BE","Antwerpen","smartbike.com","2026-08-28 00:23:09"
"223","223- Red Star Line",51.23335,4.40311,36,1,35,"BE","Antwerpen","smartbike.com","2026-08-28 00:23:09"
"224","224- Indiestraat",51.23439,4.40958,21,0,21,"BE","Antwerpen","smartbike.com","2026-08-28 00:23:09"
"225","225- Verbindingsdok Eilandje",51.23048,4.40769,36,8,28,"BE","Antwerpen","smartbike.com","2026-08-28 00:23:09"
"226","226- Noordschippersdok",51.2339,4.42974,36,12,24,"BE","Antwerpen","smartbike.com","2026-08-28 00:23:09"
"227","227- Amstel",51.23276,4.44433,24,19,5,"BE","Antwerpen","smartbike.com","2026-08-28 00:23:09"
"228","228- Van Heetvelde",51.22984,4.45141,24,12,11,"BE","Antwerpen","smartbike.com","2026-08-28 00:23:09"
"229","229- Jozef Nellens",51.22616,4.45199,36,27,7,"BE","Antwerpen","smartbike.com","2026-08-28 00:23:09"
"230","230- Bosuil",51.22909,4.46191,36,18,18,"BE","Antwerpen","smartbike.com","2026-08-28 00:23:09"
"231","231- den Antwerp",51.22922,4.46783,36,20,16,"BE","Antwerpen","smartbike.com","2026-08-28 00:23:09"
"232","232- Wim Saerens",51.22849,4.47867,36,12,17,"BE","Antwerpen","smartbike.com","2026-08-28 00:23:09"
"233","233- Gallifort",51.2251,4.46617,36,13,22,"BE","Antwerpen","smartbike.com","2026-08-28 00:23:09"
"235","235- Cogelsplein",51.21994,4.45501,36,10,26,"BE","Antwerpen","smartbike.com","2026-08-28 00:23:09"
"236","236- Districtshuis Deurne",51.21916,4.46007,36,7,27,"BE","Antwerpen","smartbike.com","2026-08-28 00:23:09"
"237","237- Ter Rivieren",51.22033,4.46925,36,10,23,"BE","Antwerpen","smartbike.com","2026-08-28 00:23:09"
"238","238- Ertbrugge",51.22373,4.47563,24,15,8,"BE","Antwerpen","smartbike.com","2026-08-28 00:23:09"
"239","239- Zwarte Arend",51.22126,4.47948,29,9,20,"BE","Antwerpen","smartbike.com","2026-08-28 00:23:09"
"240","240- Park Groot Schijn",51.21757,4.48212,36,7,27,"BE","Antwerpen","smartbike.com","2026-08-28 00:23:09"
"241","241- Kerkendijk",51.21333,4.45333,36,31,4,"BE","Antwerpen","smartbike.com","2026-08-28 00:23:09"
"242","242- Te Boelaerlei",51.21043,4.45251,36,17,19,"BE","Antwerpen","smartbike.com","2026-08-28 00:23:09"
"243","243- Mestputteke",51.20954,4.45816,36,6,30,"BE","Antwerpen","smartbike.com","2026-08-28 00:23:09"
"244","244- Waterbaan",51.20764,4.46532,36,30,6,"BE","Antwerpen","smartbike.com","2026-08-28 00:23:09"
"245","245- AZ Monica",51.20681,4.47132,36,13,22,"BE","Antwerpen","smartbike.com","2026-08-28 00:23:09"
"246","246- Arena",51.20755,4.45915,36,26,10,"BE","Antwerpen","smartbike.com","2026-08-28 00:23:09"
"247","247- ZNA Sint Erasmus",51.20832,4.44595,36,32,4,"BE","Antwerpen","smartbike.com","2026-08-28 00:23:09"
"248","248- De Schans",51.20598,4.44925,36,13,23,"BE","Antwerpen","smartbike.com","2026-08-28 00:23:09"
"249","249- Frans De Vriend",51.20381,4.44422,30,18,12,"BE","Antwerpen","smartbike.com","2026-08-28 00:23:09"
"250","250- Borsbeekbrug",51.20111,4.439,36,36,0,"BE","Antwerpen","smartbike.com","2026-08-28 00:23:09"
"251","251- Te Boelaerpark Noord",51.20397,4.45209,30,21,9,"BE","Antwerpen","smartbike.com","2026-08-28 00:23:09"
"252","252- Te Boelaerpark/Gitschotellei",51.20001,4.45028,32,25,6,"BE","Antwerpen","smartbike.com","2026-08-28 00:23:09"
"253","253- Vosplein",51.19806,4.45322,36,12,24,"BE","Antwerpen","smartbike.com","2026-08-28 00:23:09"
"254","254- Sint-Jozef",51.19754,4.4596,30,5,25,"BE","Antwerpen","smartbike.com","2026-08-28 00:23:09"
"255","255- Van den Haute",51.20414,4.46764,36,11,24,"BE","Antwerpen","smartbike.com","2026-08-28 00:23:09"
"257","257- Hofstade",51.19233,4.44875,36,10,24,"BE","Antwerpen","smartbike.com","2026-08-28 00:23:09"
"258","258- Hof van Nauwelaerts",51.1975,4.44373,30,25,5,"BE","Antwerpen","smartbike.com","2026-08-28 00:23:09"
"259","259- Posthofbrug",51.19332,4.43703,36,0,36,"BE","Antwerpen","smartbike.com","2026-08-28 00:23:09"
"260","260- Ter Schrieck",51.18964,4.42166,27,15,12,"BE","Antwerpen","smartbike.com","2026-08-28 00:23:09"
"261","261- Brilschans",51.18863,4.42959,36,20,16,"BE","Antwerpen","smartbike.com","2026-08-28 00:23:09"
"262","262- Hoogveld",51.18932,4.43561,36,12,24,"BE","Antwerpen","smartbike.com","2026-08-28 00:23:09"
"263","263- Fruithoflaan 2",51.18453,4.44104,36,23,13,"BE","Antwerpen","smartbike.com","2026-08-28 00:23:09"
"264","264- Filip Williotstraat",51.18765,4.4351,36,7,29,"BE","Antwerpen","smartbike.com","2026-08-28 00:23:09"
"265","265- Pulhof",51.18514,4.43204,30,24,6,"BE","Antwerpen","smartbike.com","2026-08-28 00:23:09"
"266","266- Fruithoflaan 1",51.18076,4.43471,36,26,9,"BE","Antwerpen","smartbike.com","2026-08-28 00:23:09"
"267","267- Leopold",51.18668,4.42138,30,9,19,"BE","Antwerpen","smartbike.com","2026-08-28 00:23:09"
"268","268- ZNA Middelheim",51.18296,4.41849,36,9,27,"BE","Antwerpen","smartbike.com","2026-08-28 00:23:09"
"269","269- Middelheim",51.18309,4.42431,30,21,9,"BE","Antwerpen","smartbike.com","2026-08-28 00:23:09"
"270","270- Dikke Mee",51.18645,4.40427,36,9,27,"BE","Antwerpen","smartbike.com","2026-08-28 00:23:09"
"271","271- Middelheimmuseum",51.18069,4.40899,36,0,36,"BE","Antwerpen","smartbike.com","2026-08-28 00:23:09"
"272","272- Groenenborger",51.17786,4.42165,30,8,21,"BE","Antwerpen","smartbike.com","2026-08-28 00:23:09"
"273","273- Campus Groenenborger",51.17582,4.41283,36,0,35,"BE","Antwerpen","smartbike.com","2026-08-28 00:23:09"
"274","274- De Bist",51.17039,4.39485,30,17,11,"BE","Antwerpen","smartbike.com","2026-08-28 00:23:09"
"275","275- Sneeuwbes",51.17437,4.40334,36,16,20,"BE","Antwerpen","smartbike.com","2026-08-28 00:23:09"
"276","276- Corbusier",51.18351,4.39388,36,13,23,"BE","Antwerpen","smartbike.com","2026-08-28 00:23:09"
"277","277- Ahornen",51.17708,4.39973,36,5,31,"BE","Antwerpen","smartbike.com","2026-08-28 00:23:09"
"278","278- Oversnes",51.16533,4.39394,36,15,21,"BE","Antwerpen","smartbike.com","2026-08-28 00:23:09"
"279","279- Ieperman",51.16868,4.39438,36,8,28,"BE","Antwerpen","smartbike.com","2026-08-28 00:23:09"
"280","280- Marmotteke",51.17672,4.38242,36,15,20,"BE","Antwerpen","smartbike.com","2026-08-28 00:23:09"
"281","281- Hof van Tichelen",51.18248,4.3854,36,9,27,"BE","Antwerpen","smartbike.com","2026-08-28 00:23:09"
"282","282- De Letter",51.18023,4.38087,36,18,18,"BE","Antwerpen","smartbike.com","2026-08-28 00:23:09"
"283","283- Hollebeek",51.18167,4.37203,36,9,27,"BE","Antwerpen","smartbike.com","2026-08-28 00:23:09"
"284","284- Steynsstraat",51.18323,4.36413,36,6,30,"BE","Antwerpen","smartbike.com","2026-08-28 00:23:09"
"285","285- Hoge Beuken",51.18379,4.35296,27,16,11,"BE","Antwerpen","smartbike.com","2026-08-28 00:23:09"
"286","286- Station Hoboken/Polderstad",51.18253,4.34811,36,21,15,"BE","Antwerpen","smartbike.com","2026-08-28 00:23:09"
"287","287- Kioskplaats/Centrum",51.17774,4.35,36,9,27,"BE","Antwerpen","smartbike.com","2026-08-28 00:23:09"
"288","288- Draaiboom",51.17732,4.35972,36,2,34,"BE","Antwerpen","smartbike.com","2026-08-28 00:23:09"
"289","289- Broydenborgpark",51.17355,4.35228,36,9,27,"BE","Antwerpen","smartbike.com","2026-08-28 00:23:09"
"290","290- Coöperatielaan",51.17621,4.3677,36,22,14,"BE","Antwerpen","smartbike.com","2026-08-28 00:23:09"
"291","291- Braem blokken",51.1885,4.3727,36,9,27,"BE","Antwerpen","smartbike.com","2026-08-28 00:23:09"
"292","292- Kielpark",51.19081,4.38101,36,17,19,"BE","Antwerpen","smartbike.com","2026-08-28 00:23:09"
"293","293- Edgard Castelein",51.18852,4.39095,36,6,30,"BE","Antwerpen","smartbike.com","2026-08-28 00:23:09"
"294","294- Den Tir",51.19102,4.37669,36,18,16,"BE","Antwerpen","smartbike.com","2026-08-28 00:23:09"
"295","295- Sporthal Kiel",51.19428,4.37909,36,12,22,"BE","Antwerpen","smartbike.com","2026-08-28 00:23:09"
"296","296- Mastvest",51.19408,4.39304,30,4,26,"BE","Antwerpen","smartbike.com","2026-08-28 00:23:09"
"297","297- Tentoonstellingswijk",51.19062,4.38893,36,29,6,"BE","Antwerpen","smartbike.com","2026-08-28 00:23:09"
"298","298- Koornbloem",51.1719,4.38237,27,8,19,"BE","Antwerpen","smartbike.com","2026-08-28 00:23:09"
"299","299- Antwerp expo",51.19196,4.39835,36,14,22,"BE","Antwerpen","smartbike.com","2026-08-28 00:23:09"
"300","300- Wilrijksepleinen",51.18875,4.3977,36,4,32,"BE","Antwerpen","smartbike.com","2026-08-28 00:23:09"
"301","301- Luchthaven ",51.18884,4.45039,30,22,7,"BE","Antwerpen","smartbike.com","2026-08-28 00:23:09"
"302","302- Rozenkrans",51.17904,4.39048,30,2,28,"BE","Antwerpen","smartbike.com","2026-08-28 00:23:09"
"303","303-Kambala",51.23793,4.40959,36,9,27,"BE","Antwerpen","smartbike.com","2026-08-28 00:23:09"
"304","304 - Campinia",51.24007,4.4338,36,17,19,"BE","Antwerpen","smartbike.com","2026-08-28 00:23:09"
"305","305 - Ter Nieuwerbrugge",51.19131,4.4435,36,15,21,"BE","Antwerpen","smartbike.com","2026-08-28 00:23:09"
"307","307 - Baron Sadoin",51.17206,4.33825,36,7,29,"BE","Antwerpen","smartbike.com","2026-08-28 00:23:09"
"308","308 - KDG Campus Hoboken",51.17107,4.36717,35,9,26,"BE","Antwerpen","smartbike.com","2026-08-28 00:23:09"
"309","309 - De Torekens",51.17089,4.3496,36,3,33,"BE","Antwerpen","smartbike.com","2026-08-28 00:23:09"
"310","310 - Sporthal Sorghvliedt",51.16719,4.35356,36,18,17,"BE","Antwerpen","smartbike.com","2026-08-28 00:23:09"
"311","311 - Cockerillhof",51.17399,4.344,36,7,29,"BE","Antwerpen","smartbike.com","2026-08-28 00:23:09"
"312","312 - Graspolder",51.18474,4.34251,36,6,29,"BE","Antwerpen","smartbike.com","2026-08-28 00:23:09"
"313","313 - Eksterlaar",51.20051,4.47024,36,19,17,"BE","Antwerpen","smartbike.com","2026-08-28 00:23:09"
"314","314 - Schoonselhof",51.1691,4.36328,36,8,28,"BE","Antwerpen","smartbike.com","2026-08-28 00:23:09"
"315","315 - Elsdonk",51.16985,4.42363,36,20,16,"BE","Antwerpen","smartbike.com","2026-08-28 00:23:09"
"316","316 - D.E. Van Damme",51.18174,4.35805,36,11,25,"BE","Antwerpen","smartbike.com","2026-08-28 00:23:09"
"317","317 - Distelhoek",51.25207,4.43311,24,10,13,"BE","Antwerpen","smartbike.com","2026-08-28 00:23:09"
"318","318 - De Burlet",51.17082,4.42902,30,15,15,"BE","Antwerpen","smartbike.com","2026-08-28 00:23:09"
"319","319 - Schaliemolen",51.17284,4.40517,30,16,14,"BE","Antwerpen","smartbike.com","2026-08-28 00:23:09"
"320","320 - Den Brem",51.17406,4.37563,36,7,29,"BE","Antwerpen","smartbike.com","2026-08-28 00:23:09"
"321","321 - Monnikenplein",51.17508,4.43003,36,21,14,"BE","Antwerpen","smartbike.com","2026-08-28 00:23:09"
"322","322 - Malisgoed",51.16695,4.38213,24,12,12,"BE","Antwerpen","smartbike.com","2026-08-28 00:23:09"
"323","323 - Sint-Augustinus",51.17535,4.41892,36,2,33,"BE","Antwerpen","smartbike.com","2026-08-28 00:23:09"
"324","324 - Dordrechlaan",51.2043,4.46131,24,12,12,"BE","Antwerpen","smartbike.com","2026-08-28 00:23:09"
"325","325 - Paul Vekemans",51.17488,4.35993,30,3,27,"BE","Antwerpen","smartbike.com","2026-08-28 00:23:09"
"326","326 - Krugerbrug",51.18744,4.36347,36,16,19,"BE","Antwerpen","smartbike.com","2026-08-28 00:23:09"
"327","327 - Ridderveld",51.17721,4.37488,30,22,8,"BE","Antwerpen","smartbike.com","2026-08-28 00:23:09"
"328","328 - Oude Terminus",51.21915,4.47506,36,14,22,"BE","Antwerpen","smartbike.com","2026-08-28 00:23:09"
"329","329 - Prosper de Wit",51.2261,4.47064,27,15,12,"BE","Antwerpen","smartbike.com","2026-08-28 00:23:09"
"330","330 - Meerlenhof",51.17234,4.35626,36,9,27,"BE","Antwerpen","smartbike.com","2026-08-28 00:23:09"
"331","331 - Zaatlaan",51.1754,4.33873,36,7,29,"BE","Antwerpen","smartbike.com","2026-08-28 00:23:09"
"332","332 - Valkstraat",51.16751,4.38542,36,29,7,"BE","Antwerpen","smartbike.com","2026-08-28 00:23:09"
"333","333 - Frans Adriaenssen / Joma",51.25457,4.44173,30,3,27,"BE","Antwerpen","smartbike.com","2026-08-28 00:23:09"
"334","334 - Den Haas",51.21979,4.48317,36,4,30,"BE","Antwerpen","smartbike.com","2026-08-28 00:23:09"
"335","335- Speelplein",51.24822,4.44424,36,12,23,"BE","Antwerpen","smartbike.com","2026-08-28 00:23:09"
"336","336 -Sneeuwbeslaan",51.17571,4.39622,36,5,31,"BE","Antwerpen","smartbike.com","2026-08-28 00:23:09"
"337","337 - Verenigde Naties",51.16379,4.35336,24,14,10,"BE","Antwerpen","smartbike.com","2026-08-28 00:23:09"
"340","340 - Dokter Donny",51.16813,4.40497,36,5,31,"BE","Antwerpen","smartbike.com","2026-08-28 00:23:09"
"342","342 - Nieuw Zuid",51.20626,4.38345,36,10,26,"BE","Antwerpen","smartbike.com","2026-08-28 00:23:09"
"343","343 - Scheldekaaien Nieuw Zuid 2",51.20544,4.37907,33,10,23,"BE","Antwerpen","smartbike.com","2026-08-28 00:23:09"
"6026","Østbanehallen",59.9104991840435,10.7505055324343,35,5,29,"NO","Oslo (Oslo Bysykkel)","Urban Infrastructure Partner (urbansharing.com)","2026-08-28 00:23:09"
"5431","NRK",59.9333497140275,10.7196032674791,21,3,16,"NO","Oslo (Oslo Bysykkel)","Urban Infrastructure Partner (urbansharing.com)","2026-08-28 00:23:09"
"5424","Makrellbekken T",59.9419033626877,10.6741006648531,18,0,18,"NO","Oslo (Oslo Bysykkel)","Urban Infrastructure Partner (urbansharing.com)","2026-08-28 00:23:09"
"5220","Blindern vgs",59.9499087772916,10.730185223295,20,6,12,"NO","Oslo (Oslo Bysykkel)","Urban Infrastructure Partner (urbansharing.com)","2026-08-28 00:23:09"
"5217","Egertorget",59.9126744968093,10.7420251270345,30,13,17,"NO","Oslo (Oslo Bysykkel)","Urban Infrastructure Partner (urbansharing.com)","2026-08-28 00:23:09"
"5113","Leirfallsgata",59.9191149238563,10.7578305465982,15,10,1,"NO","Oslo (Oslo Bysykkel)","Urban Infrastructure Partner (urbansharing.com)","2026-08-28 00:23:09"
"4683","Valle Vision",59.9160648366328,10.8071776063118,21,1,16,"NO","Oslo (Oslo Bysykkel)","Urban Infrastructure Partner (urbansharing.com)","2026-08-28 00:23:09"
"4552","Bryn Brannstasjon",59.9127021429707,10.8138127267781,18,2,16,"NO","Oslo (Oslo Bysykkel)","Urban Infrastructure Partner (urbansharing.com)","2026-08-28 00:23:09"
"3725","Vestre Aker Kirke",59.936006155097,10.7319090369652,19,0,17,"NO","Oslo (Oslo Bysykkel)","Urban Infrastructure Partner (urbansharing.com)","2026-08-28 00:23:09"
"2358","Aker Brygge 3 mot Fergene",59.9108464901639,10.7297324545678,14,9,3,"NO","Oslo (Oslo Bysykkel)","Urban Infrastructure Partner (urbansharing.com)","2026-08-28 00:23:09"
"2357","Aker Brygge 2 mot Rådhusplassen",59.9111308119445,10.7304091703938,24,0,23,"NO","Oslo (Oslo Bysykkel)","Urban Infrastructure Partner (urbansharing.com)","2026-08-28 00:23:09"
"2355","Økern T-bane",59.9288949188176,10.8062347762816,12,0,12,"NO","Oslo (Oslo Bysykkel)","Urban Infrastructure Partner (urbansharing.com)","2026-08-28 00:23:09"
"2351","Sogn Studentby",59.9520844126844,10.7278527910112,18,0,18,"NO","Oslo (Oslo Bysykkel)","Urban Infrastructure Partner (urbansharing.com)","2026-08-28 00:23:09"
"2350","Blindern T-Bane",59.9402285595006,10.716552385179,25,1,23,"NO","Oslo (Oslo Bysykkel)","Urban Infrastructure Partner (urbansharing.com)","2026-08-28 00:23:09"
"2349","Maritimt Museum",59.9029115938954,10.698019009344,21,2,19,"NO","Oslo (Oslo Bysykkel)","Urban Infrastructure Partner (urbansharing.com)","2026-08-28 00:23:09"
"2347","Huk 2",59.8984395319681,10.6743966922636,30,11,17,"NO","Oslo (Oslo Bysykkel)","Urban Infrastructure Partner (urbansharing.com)","2026-08-28 00:23:09"
"2340","Tiedemannsparken",59.9202476790554,10.79354070401,25,17,7,"NO","Oslo (Oslo Bysykkel)","Urban Infrastructure Partner (urbansharing.com)","2026-08-28 00:23:09"
"2339","Elgsletta",59.915649208809,10.7617245025481,30,7,23,"NO","Oslo (Oslo Bysykkel)","Urban Infrastructure Partner (urbansharing.com)","2026-08-28 00:23:09"
"2337","Universitetsgata",59.9159154337855,10.7378349902773,15,2,12,"NO","Oslo (Oslo Bysykkel)","Urban Infrastructure Partner (urbansharing.com)","2026-08-28 00:23:09"
"2334","Nybrua holdeplass",59.9165449260829,10.7574289720171,12,4,8,"NO","Oslo (Oslo Bysykkel)","Urban Infrastructure Partner (urbansharing.com)","2026-08-28 00:23:09"
"2333","Akerselvallmenningen",59.9072588989029,10.7548846635896,15,0,14,"NO","Oslo (Oslo Bysykkel)","Urban Infrastructure Partner (urbansharing.com)","2026-08-28 00:23:09"
"2332","Krohgstøtten hospital",59.9162960107558,10.7573766668428,12,1,11,"NO","Oslo (Oslo Bysykkel)","Urban Infrastructure Partner (urbansharing.com)","2026-08-28 00:23:09"
"2330","Stjerneplassen",59.913233166065,10.7499587636503,15,7,6,"NO","Oslo (Oslo Bysykkel)","Urban Infrastructure Partner (urbansharing.com)","2026-08-28 00:23:09"
"2329","Via Vika",59.9127128601436,10.727170827087,15,13,2,"NO","Oslo (Oslo Bysykkel)","Urban Infrastructure Partner (urbansharing.com)","2026-08-28 00:23:09"
"2328","The Hub",59.9124716434285,10.7508474960591,21,1,19,"NO","Oslo (Oslo Bysykkel)","Urban Infrastructure Partner (urbansharing.com)","2026-08-28 00:23:09"
"2315","Rostockgata",59.9069197025505,10.7603118028819,18,1,15,"NO","Oslo (Oslo Bysykkel)","Urban Infrastructure Partner (urbansharing.com)","2026-08-28 00:23:09"
"2308","Gunerius",59.914598788694,10.7533985000067,12,0,8,"NO","Oslo (Oslo Bysykkel)","Urban Infrastructure Partner (urbansharing.com)","2026-08-28 00:23:09"
"2307","Domus Athletica",59.9462193817602,10.7246263146536,30,2,26,"NO","Oslo (Oslo Bysykkel)","Urban Infrastructure Partner (urbansharing.com)","2026-08-28 00:23:09"
"2306","Økern Portal",59.9309039617287,10.8019396959029,18,0,17,"NO","Oslo (Oslo Bysykkel)","Urban Infrastructure Partner (urbansharing.com)","2026-08-28 00:23:09"
"2305","Hesselbergs Gate",59.9277779431937,10.7612564193164,15,13,1,"NO","Oslo (Oslo Bysykkel)","Urban Infrastructure Partner (urbansharing.com)","2026-08-28 00:23:09"
"2304","Hedmarksgata",59.9117840365578,10.7838843459579,18,7,10,"NO","Oslo (Oslo Bysykkel)","Urban Infrastructure Partner (urbansharing.com)","2026-08-28 00:23:09"
"2280","Klingenberggata",59.913150534075,10.7322812917001,15,12,1,"NO","Oslo (Oslo Bysykkel)","Urban Infrastructure Partner (urbansharing.com)","2026-08-28 00:23:09"
"2270","Lørenporten",59.9287109666933,10.7999148018208,20,1,18,"NO","Oslo (Oslo Bysykkel)","Urban Infrastructure Partner (urbansharing.com)","2026-08-28 00:23:09"
"1919","Kværnerveien",59.9059110448869,10.7786588357814,6,6,0,"NO","Oslo (Oslo Bysykkel)","Urban Infrastructure Partner (urbansharing.com)","2026-08-28 00:23:09"
"1755","Aker Brygge 1 mot Nasjonalmuseet",59.9111990177663,10.7300896592589,33,16,17,"NO","Oslo (Oslo Bysykkel)","Urban Infrastructure Partner (urbansharing.com)","2026-08-28 00:23:09"
"1101","Stortingstunnelen",59.9106530180621,10.737365277561,24,18,3,"NO","Oslo (Oslo Bysykkel)","Urban Infrastructure Partner (urbansharing.com)","2026-08-28 00:23:09"
"1023","Professor Aschehougs plass",59.9147672,10.740971,15,0,13,"NO","Oslo (Oslo Bysykkel)","Urban Infrastructure Partner (urbansharing.com)","2026-08-28 00:23:09"
"1009","Borgenveien",59.9427421064737,10.703833031254,10,3,5,"NO","Oslo (Oslo Bysykkel)","Urban Infrastructure Partner (urbansharing.com)","2026-08-28 00:23:09"
"970","Enerhaugen",59.9132024256382,10.7675793864079,25,9,14,"NO","Oslo (Oslo Bysykkel)","Urban Infrastructure Partner (urbansharing.com)","2026-08-28 00:23:09"
"787","Kirkegata 15",59.9101561505551,10.7434569715117,12,3,8,"NO","Oslo (Oslo Bysykkel)","Urban Infrastructure Partner (urbansharing.com)","2026-08-28 00:23:09"
"627","Skøyen Stasjon",59.9227239810141,10.678625145369,30,6,24,"NO","Oslo (Oslo Bysykkel)","Urban Infrastructure Partner (urbansharing.com)","2026-08-28 00:23:09"
"623","7. juni-plassen",59.9150797726882,10.7305893366693,21,1,20,"NO","Oslo (Oslo Bysykkel)","Urban Infrastructure Partner (urbansharing.com)","2026-08-28 00:23:09"
"624","Dælenenggata",59.9287502718149,10.7675463772982,20,12,8,"NO","Oslo (Oslo Bysykkel)","Urban Infrastructure Partner (urbansharing.com)","2026-08-28 00:23:09"
"626","Drammensveien",59.9204038,10.691147,24,6,18,"NO","Oslo (Oslo Bysykkel)","Urban Infrastructure Partner (urbansharing.com)","2026-08-28 00:23:09"
"614","Sinsen T-bane",59.9388630869213,10.7806032503319,24,5,18,"NO","Oslo (Oslo Bysykkel)","Urban Infrastructure Partner (urbansharing.com)","2026-08-28 00:23:09"
"616","Salt",59.9069221671983,10.7465302725882,15,8,6,"NO","Oslo (Oslo Bysykkel)","Urban Infrastructure Partner (urbansharing.com)","2026-08-28 00:23:09"
"618","Bak Niels Treschows hus sør",59.942472603107,10.723715245369,42,15,25,"NO","Oslo (Oslo Bysykkel)","Urban Infrastructure Partner (urbansharing.com)","2026-08-28 00:23:09"
"621","Torshovdalen øst",59.9328566215876,10.777633472422,27,6,20,"NO","Oslo (Oslo Bysykkel)","Urban Infrastructure Partner (urbansharing.com)","2026-08-28 00:23:09"
"622","Pilestredet 63",59.9238826,10.7313627,30,0,29,"NO","Oslo (Oslo Bysykkel)","Urban Infrastructure Partner (urbansharing.com)","2026-08-28 00:23:09"
"613","Schives gate",59.9209563537027,10.7140556296147,27,8,11,"NO","Oslo (Oslo Bysykkel)","Urban Infrastructure Partner (urbansharing.com)","2026-08-28 00:23:09"
"620","Bislettgata",59.9237744093811,10.734712874574,40,4,36,"NO","Oslo (Oslo Bysykkel)","Urban Infrastructure Partner (urbansharing.com)","2026-08-28 00:23:09"
"596","Idioten",59.9310201321846,10.736036647971,18,9,8,"NO","Oslo (Oslo Bysykkel)","Urban Infrastructure Partner (urbansharing.com)","2026-08-28 00:23:09"
"617","Bjerregaardsgate Øst",59.9271677140136,10.7497545601189,21,13,5,"NO","Oslo (Oslo Bysykkel)","Urban Infrastructure Partner (urbansharing.com)","2026-08-28 00:23:09"
"609","Fred Olsens gate",59.9110975230906,10.7494091912563,27,16,10,"NO","Oslo (Oslo Bysykkel)","Urban Infrastructure Partner (urbansharing.com)","2026-08-28 00:23:09"
"607","Marcus Thranes gate",59.9327722562651,10.7585949199235,30,20,5,"NO","Oslo (Oslo Bysykkel)","Urban Infrastructure Partner (urbansharing.com)","2026-08-28 00:23:09"
"603","Frogner plass",59.9225392,10.7045406,18,16,0,"NO","Oslo (Oslo Bysykkel)","Urban Infrastructure Partner (urbansharing.com)","2026-08-28 00:23:09"
"590","Majorstua skole",59.9294351,10.7136816,40,2,36,"NO","Oslo (Oslo Bysykkel)","Urban Infrastructure Partner (urbansharing.com)","2026-08-28 00:23:09"
"610","Sotahjørnet",59.9099822,10.7914482,20,6,14,"NO","Oslo (Oslo Bysykkel)","Urban Infrastructure Partner (urbansharing.com)","2026-08-28 00:23:09"
"608","Colletts gate",59.9306867986399,10.7462733491492,21,12,7,"NO","Oslo (Oslo Bysykkel)","Urban Infrastructure Partner (urbansharing.com)","2026-08-28 00:23:09"
"593","Bjølsen mølle",59.9392403070359,10.768771317791,30,1,27,"NO","Oslo (Oslo Bysykkel)","Urban Infrastructure Partner (urbansharing.com)","2026-08-28 00:23:09"
"530","Holbergs plass",59.9193095,10.7343051,10,2,7,"NO","Oslo (Oslo Bysykkel)","Urban Infrastructure Partner (urbansharing.com)","2026-08-28 00:23:09"
"463","Schous plass trikkestopp",59.9207284,10.7594857,20,16,2,"NO","Oslo (Oslo Bysykkel)","Urban Infrastructure Partner (urbansharing.com)","2026-08-28 00:23:09"
"475","Hausmanns bru",59.9146509,10.7598719,24,11,13,"NO","Oslo (Oslo Bysykkel)","Urban Infrastructure Partner (urbansharing.com)","2026-08-28 00:23:09"
"439","Mølleparken",59.9283928,10.7559693,25,9,14,"NO","Oslo (Oslo Bysykkel)","Urban Infrastructure Partner (urbansharing.com)","2026-08-28 00:23:09"
"600","Dyvekes bru",59.905323,10.7689579,12,7,4,"NO","Oslo (Oslo Bysykkel)","Urban Infrastructure Partner (urbansharing.com)","2026-08-28 00:23:09"
"440","Lakkegata",59.9172088,10.7622135,18,13,2,"NO","Oslo (Oslo Bysykkel)","Urban Infrastructure Partner (urbansharing.com)","2026-08-28 00:23:09"
"612","Ensjøveien",59.9166219588562,10.7833090558197,19,7,10,"NO","Oslo (Oslo Bysykkel)","Urban Infrastructure Partner (urbansharing.com)","2026-08-28 00:23:09"
"491","Brugata",59.913661094866,10.7572936484621,18,3,15,"NO","Oslo (Oslo Bysykkel)","Urban Infrastructure Partner (urbansharing.com)","2026-08-28 00:23:09"
"493","Sofienbergparken nordvest",59.9243639,10.7615858,30,28,1,"NO","Oslo (Oslo Bysykkel)","Urban Infrastructure Partner (urbansharing.com)","2026-08-28 00:23:09"
"410","Landstads gate",59.929005,10.7496755,27,0,27,"NO","Oslo (Oslo Bysykkel)","Urban Infrastructure Partner (urbansharing.com)","2026-08-28 00:23:09"
"605","Økernveien",59.9170236327194,10.7798800907626,18,4,13,"NO","Oslo (Oslo Bysykkel)","Urban Infrastructure Partner (urbansharing.com)","2026-08-28 00:23:09"
"388","Skovveien",59.9163309,10.716349,18,9,7,"NO","Oslo (Oslo Bysykkel)","Urban Infrastructure Partner (urbansharing.com)","2026-08-28 00:23:09"
"591","Grenseveien",59.9246448786204,10.7817265104507,24,10,14,"NO","Oslo (Oslo Bysykkel)","Urban Infrastructure Partner (urbansharing.com)","2026-08-28 00:23:09"
"592","Badebakken",59.9455809117951,10.76032388158,18,2,16,"NO","Oslo (Oslo Bysykkel)","Urban Infrastructure Partner (urbansharing.com)","2026-08-28 00:23:09"
"585","Nordre gate",59.9211498850709,10.7547140159386,18,16,0,"NO","Oslo (Oslo Bysykkel)","Urban Infrastructure Partner (urbansharing.com)","2026-08-28 00:23:09"
"565","Mailundveien",59.9309181,10.7728203,18,4,13,"NO","Oslo (Oslo Bysykkel)","Urban Infrastructure Partner (urbansharing.com)","2026-08-28 00:23:09"
"571","Over Rådhusgata",59.9101207,10.7407129,21,10,9,"NO","Oslo (Oslo Bysykkel)","Urban Infrastructure Partner (urbansharing.com)","2026-08-28 00:23:09"
"568","Frognerveien",59.9170851,10.7128796,15,8,7,"NO","Oslo (Oslo Bysykkel)","Urban Infrastructure Partner (urbansharing.com)","2026-08-28 00:23:09"
"588","Meltzers gate",59.9180141,10.7184345,21,6,14,"NO","Oslo (Oslo Bysykkel)","Urban Infrastructure Partner (urbansharing.com)","2026-08-28 00:23:09"
"584","Henrik Wergelands allé",59.9268942,10.7207894,35,6,28,"NO","Oslo (Oslo Bysykkel)","Urban Infrastructure Partner (urbansharing.com)","2026-08-28 00:23:09"
"569","Botanisk hage sør-vest",59.9178354878239,10.766373769558,30,9,20,"NO","Oslo (Oslo Bysykkel)","Urban Infrastructure Partner (urbansharing.com)","2026-08-28 00:23:09"
"577","Arkaden Nord",59.9121472,10.7480527,30,7,23,"NO","Oslo (Oslo Bysykkel)","Urban Infrastructure Partner (urbansharing.com)","2026-08-28 00:23:09"
"564","Oscars gate",59.9224222,10.7272388,30,2,25,"NO","Oslo (Oslo Bysykkel)","Urban Infrastructure Partner (urbansharing.com)","2026-08-28 00:23:09"
"570","Frøen T-bane",59.9347352,10.7096985,15,4,11,"NO","Oslo (Oslo Bysykkel)","Urban Infrastructure Partner (urbansharing.com)","2026-08-28 00:23:09"
"572","Skøyen",59.922268508081,10.6795797496681,40,3,36,"NO","Oslo (Oslo Bysykkel)","Urban Infrastructure Partner (urbansharing.com)","2026-08-28 00:23:09"
"587","Riddervoldplass",59.9191421,10.7196414,15,6,8,"NO","Oslo (Oslo Bysykkel)","Urban Infrastructure Partner (urbansharing.com)","2026-08-28 00:23:09"
"586","Københavngata busstopp",59.9294565845173,10.7691214957008,27,23,1,"NO","Oslo (Oslo Bysykkel)","Urban Infrastructure Partner (urbansharing.com)","2026-08-28 00:23:09"
"576","Dronningens gate",59.911392299457,10.7472818295925,18,7,10,"NO","Oslo (Oslo Bysykkel)","Urban Infrastructure Partner (urbansharing.com)","2026-08-28 00:23:09"
"566","Hoff terrasse holdeplass",59.9273502885374,10.6753588781414,24,11,10,"NO","Oslo (Oslo Bysykkel)","Urban Infrastructure Partner (urbansharing.com)","2026-08-28 00:23:09"
"602","Jarlsborgveien",59.9304483674315,10.6757959478554,18,2,15,"NO","Oslo (Oslo Bysykkel)","Urban Infrastructure Partner (urbansharing.com)","2026-08-28 00:23:09"
"575","Sognsveien",59.9474332422567,10.7325697037048,30,2,24,"NO","Oslo (Oslo Bysykkel)","Urban Infrastructure Partner (urbansharing.com)","2026-08-28 00:23:09"
"567","Forskningsveien",59.9454506337026,10.7138679576721,39,0,39,"NO","Oslo (Oslo Bysykkel)","Urban Infrastructure Partner (urbansharing.com)","2026-08-28 00:23:09"
"582","Stavangergata",59.9411476329718,10.7507751202724,30,6,23,"NO","Oslo (Oslo Bysykkel)","Urban Infrastructure Partner (urbansharing.com)","2026-08-28 00:23:09"
"595","Skarpsnoparken",59.914871,10.701037,24,11,12,"NO","Oslo (Oslo Bysykkel)","Urban Infrastructure Partner (urbansharing.com)","2026-08-28 00:23:09"
"542","Grünerhagen Nord",59.9224256,10.7554274,20,14,3,"NO","Oslo (Oslo Bysykkel)","Urban Infrastructure Partner (urbansharing.com)","2026-08-28 00:23:09"
"563","Huitfeldts gate",59.9126844,10.7229003,18,18,0,"NO","Oslo (Oslo Bysykkel)","Urban Infrastructure Partner (urbansharing.com)","2026-08-28 00:23:09"
"558","Dokkveien",59.910974,10.7277001,15,5,9,"NO","Oslo (Oslo Bysykkel)","Urban Infrastructure Partner (urbansharing.com)","2026-08-28 00:23:09"
"552","Trelastgata",59.90792335395,10.7626649180942,18,0,18,"NO","Oslo (Oslo Bysykkel)","Urban Infrastructure Partner (urbansharing.com)","2026-08-28 00:23:09"
"555","Griffenfeldts gate",59.9337026,10.7519299,15,7,4,"NO","Oslo (Oslo Bysykkel)","Urban Infrastructure Partner (urbansharing.com)","2026-08-28 00:23:09"
"573","Tordenskiolds gate",59.9117762992093,10.7351130058802,24,5,19,"NO","Oslo (Oslo Bysykkel)","Urban Infrastructure Partner (urbansharing.com)","2026-08-28 00:23:09"
"561","Kirkeveien",59.9334798933469,10.7262943941311,24,0,22,"NO","Oslo (Oslo Bysykkel)","Urban Infrastructure Partner (urbansharing.com)","2026-08-28 00:23:09"
"615","Munkedamsveien",59.9135227,10.7301061,21,13,7,"NO","Oslo (Oslo Bysykkel)","Urban Infrastructure Partner (urbansharing.com)","2026-08-28 00:23:09"
"543","Fyrstikktorget",59.9138158756469,10.7980933601189,20,2,15,"NO","Oslo (Oslo Bysykkel)","Urban Infrastructure Partner (urbansharing.com)","2026-08-28 00:23:09"
"554","Tåsen Senter",59.9526158069731,10.7512244447253,21,0,18,"NO","Oslo (Oslo Bysykkel)","Urban Infrastructure Partner (urbansharing.com)","2026-08-28 00:23:09"
"574","Annette Thommessens Plass",59.9107393,10.7609998,12,4,8,"NO","Oslo (Oslo Bysykkel)","Urban Infrastructure Partner (urbansharing.com)","2026-08-28 00:23:09"
"560","Gaustad T-bane",59.9459587368686,10.7104318614318,9,0,9,"NO","Oslo (Oslo Bysykkel)","Urban Infrastructure Partner (urbansharing.com)","2026-08-28 00:23:09"
"548","Colbjørnsens gate",59.9173188853472,10.7169090399183,18,3,15,"NO","Oslo (Oslo Bysykkel)","Urban Infrastructure Partner (urbansharing.com)","2026-08-28 00:23:09"
"559","Hoffsveien",59.9238488076723,10.6760388469364,18,8,10,"NO","Oslo (Oslo Bysykkel)","Urban Infrastructure Partner (urbansharing.com)","2026-08-28 00:23:09"
"545","Arkaden Sør",59.9118895593454,10.7477745691354,39,8,30,"NO","Oslo (Oslo Bysykkel)","Urban Infrastructure Partner (urbansharing.com)","2026-08-28 00:23:09"
"550","Thereses gate",59.9261462,10.7310355,9,2,7,"NO","Oslo (Oslo Bysykkel)","Urban Infrastructure Partner (urbansharing.com)","2026-08-28 00:23:09"
"541","Langkaia",59.9080552,10.7479977,12,5,6,"NO","Oslo (Oslo Bysykkel)","Urban Infrastructure Partner (urbansharing.com)","2026-08-28 00:23:09"
"527","Biskop Gunnerus' gate",59.9123341,10.752292,12,8,3,"NO","Oslo (Oslo Bysykkel)","Urban Infrastructure Partner (urbansharing.com)","2026-08-28 00:23:09"
"529","Friggfeltet",59.9327726,10.7114661,21,0,20,"NO","Oslo (Oslo Bysykkel)","Urban Infrastructure Partner (urbansharing.com)","2026-08-28 00:23:09"
"526","Lille Grensen",59.9138973,10.7423101,15,0,14,"NO","Oslo (Oslo Bysykkel)","Urban Infrastructure Partner (urbansharing.com)","2026-08-28 00:23:09"
"537","St. Olavs gate",59.9178087426916,10.7386640520596,20,6,13,"NO","Oslo (Oslo Bysykkel)","Urban Infrastructure Partner (urbansharing.com)","2026-08-28 00:23:09"
"547","Skippergata",59.9112227,10.7481976,30,2,27,"NO","Oslo (Oslo Bysykkel)","Urban Infrastructure Partner (urbansharing.com)","2026-08-28 00:23:09"
"601","Rolf Wickstrøms vei",59.9534114,10.7577241,20,2,17,"NO","Oslo (Oslo Bysykkel)","Urban Infrastructure Partner (urbansharing.com)","2026-08-28 00:23:09"
"533","Sørvest for Slottsparken",59.915262,10.7253157,12,1,11,"NO","Oslo (Oslo Bysykkel)","Urban Infrastructure Partner (urbansharing.com)","2026-08-28 00:23:09"
"535","Uranienborgveien",59.9200421,10.726634,27,0,26,"NO","Oslo (Oslo Bysykkel)","Urban Infrastructure Partner (urbansharing.com)","2026-08-28 00:23:09"
"524","Volvat",59.9330627770396,10.7039612051301,21,5,15,"NO","Oslo (Oslo Bysykkel)","Urban Infrastructure Partner (urbansharing.com)","2026-08-28 00:23:09"
"519","Thomas Heftyes plass",59.9185781433368,10.7038995300594,24,14,10,"NO","Oslo (Oslo Bysykkel)","Urban Infrastructure Partner (urbansharing.com)","2026-08-28 00:23:09"
"534","Filipstadveien",59.9102270881035,10.7209716309156,39,8,31,"NO","Oslo (Oslo Bysykkel)","Urban Infrastructure Partner (urbansharing.com)","2026-08-28 00:23:09"
"521","Jess Carlsens gate",59.9186359,10.7523939,15,6,9,"NO","Oslo (Oslo Bysykkel)","Urban Infrastructure Partner (urbansharing.com)","2026-08-28 00:23:09"
"518","Schwensens gate",59.9248147075653,10.7393558108523,18,2,16,"NO","Oslo (Oslo Bysykkel)","Urban Infrastructure Partner (urbansharing.com)","2026-08-28 00:23:09"
"556","Pilestredet",59.9262242,10.7296246,18,2,14,"NO","Oslo (Oslo Bysykkel)","Urban Infrastructure Partner (urbansharing.com)","2026-08-28 00:23:09"
"525","Myraløkka Øst",59.937205,10.7605813,15,3,11,"NO","Oslo (Oslo Bysykkel)","Urban Infrastructure Partner (urbansharing.com)","2026-08-28 00:23:09"
"517","Tåsenløkka",59.9433939,10.7482848,18,1,13,"NO","Oslo (Oslo Bysykkel)","Urban Infrastructure Partner (urbansharing.com)","2026-08-28 00:23:09"
"523","Tøyenbekken",59.9115945,10.7617736,30,13,15,"NO","Oslo (Oslo Bysykkel)","Urban Infrastructure Partner (urbansharing.com)","2026-08-28 00:23:09"
"522","Mandalls gate",59.9123469,10.7638147,10,8,2,"NO","Oslo (Oslo Bysykkel)","Urban Infrastructure Partner (urbansharing.com)","2026-08-28 00:23:09"
"594","Kampen park Øst",59.915182,10.782129,21,19,0,"NO","Oslo (Oslo Bysykkel)","Urban Infrastructure Partner (urbansharing.com)","2026-08-28 00:23:09"
"532","Brynseng T-bane",59.9091842086581,10.8143143349877,21,1,19,"NO","Oslo (Oslo Bysykkel)","Urban Infrastructure Partner (urbansharing.com)","2026-08-28 00:23:09"
"509","Kjeld Stubs gate",59.912711,10.735595,12,2,10,"NO","Oslo (Oslo Bysykkel)","Urban Infrastructure Partner (urbansharing.com)","2026-08-28 00:23:09"
"531","Monolittveien",59.9358679373503,10.6811283497239,18,4,13,"NO","Oslo (Oslo Bysykkel)","Urban Infrastructure Partner (urbansharing.com)","2026-08-28 00:23:09"
"536","Diakonhjemmet",59.9363020373107,10.7054493110574,10,1,9,"NO","Oslo (Oslo Bysykkel)","Urban Infrastructure Partner (urbansharing.com)","2026-08-28 00:23:09"
"562","Slottsparken Øst",59.917485,10.732128,40,10,25,"NO","Oslo (Oslo Bysykkel)","Urban Infrastructure Partner (urbansharing.com)","2026-08-28 00:23:09"
"511","Henrik Ibsens gate",59.915088,10.7222803,24,1,22,"NO","Oslo (Oslo Bysykkel)","Urban Infrastructure Partner (urbansharing.com)","2026-08-28 00:23:09"
"505","Marienlystparken",59.9320952531003,10.7233649165394,24,0,22,"NO","Oslo (Oslo Bysykkel)","Urban Infrastructure Partner (urbansharing.com)","2026-08-28 00:23:09"
"501","Krebs' gate",59.935995,10.765413,18,0,18,"NO","Oslo (Oslo Bysykkel)","Urban Infrastructure Partner (urbansharing.com)","2026-08-28 00:23:09"
"514","Sofienberggata",59.9212063,10.7699892,12,5,6,"NO","Oslo (Oslo Bysykkel)","Urban Infrastructure Partner (urbansharing.com)","2026-08-28 00:23:09"
"500","Anker Hotel",59.9172794,10.7581553,18,13,3,"NO","Oslo (Oslo Bysykkel)","Urban Infrastructure Partner (urbansharing.com)","2026-08-28 00:23:09"
"503","Fagerheimgata",59.9276058683772,10.7659846988113,33,17,13,"NO","Oslo (Oslo Bysykkel)","Urban Infrastructure Partner (urbansharing.com)","2026-08-28 00:23:09"
"513","Bøkkerveien",59.9273747,10.7960147,15,2,12,"NO","Oslo (Oslo Bysykkel)","Urban Infrastructure Partner (urbansharing.com)","2026-08-28 00:23:09"
"498","HasleLinje",59.927601526969,10.7992032081768,12,0,11,"NO","Oslo (Oslo Bysykkel)","Urban Infrastructure Partner (urbansharing.com)","2026-08-28 00:23:09"
"507","Jens Bjelkes Gate",59.9191474302435,10.7641295841601,20,17,2,"NO","Oslo (Oslo Bysykkel)","Urban Infrastructure Partner (urbansharing.com)","2026-08-28 00:23:09"
"512","Ensjø T-bane",59.9131891,10.7897605,30,15,15,"NO","Oslo (Oslo Bysykkel)","Urban Infrastructure Partner (urbansharing.com)","2026-08-28 00:23:09"
"619","Bak Niels Treschows hus nord",59.9427802485426,10.722993731144,42,21,21,"NO","Oslo (Oslo Bysykkel)","Urban Infrastructure Partner (urbansharing.com)","2026-08-28 00:23:09"
"474","Blindern studentparkering",59.9408737335437,10.7207788515205,42,1,41,"NO","Oslo (Oslo Bysykkel)","Urban Infrastructure Partner (urbansharing.com)","2026-08-28 00:23:09"
"580","Georg Morgenstiernes hus",59.9390255513958,10.7230026196434,45,1,39,"NO","Oslo (Oslo Bysykkel)","Urban Infrastructure Partner (urbansharing.com)","2026-08-28 00:23:09"
"496","Fysikkbygningen",59.937957367052,10.7194885294304,45,0,42,"NO","Oslo (Oslo Bysykkel)","Urban Infrastructure Partner (urbansharing.com)","2026-08-28 00:23:09"
"482","Nydalen",59.952868,10.766483,18,4,13,"NO","Oslo (Oslo Bysykkel)","Urban Infrastructure Partner (urbansharing.com)","2026-08-28 00:23:09"
"407","Sagene bussholdeplass",59.937743,10.751648,15,2,9,"NO","Oslo (Oslo Bysykkel)","Urban Infrastructure Partner (urbansharing.com)","2026-08-28 00:23:09"
"409","John Colletts plass",59.940398,10.730036,25,0,23,"NO","Oslo (Oslo Bysykkel)","Urban Infrastructure Partner (urbansharing.com)","2026-08-28 00:23:09"
"451","Suhms gate",59.929419,10.726195,21,14,5,"NO","Oslo (Oslo Bysykkel)","Urban Infrastructure Partner (urbansharing.com)","2026-08-28 00:23:09"
"402","Lørenveien",59.9308771251046,10.791823716035,21,3,16,"NO","Oslo (Oslo Bysykkel)","Urban Infrastructure Partner (urbansharing.com)","2026-08-28 00:23:09"
"516","Finnmarksgata",59.922839,10.775658,15,7,8,"NO","Oslo (Oslo Bysykkel)","Urban Infrastructure Partner (urbansharing.com)","2026-08-28 00:23:09"
"625","Spikersuppa Øst",59.91336,10.737663,42,21,21,"NO","Oslo (Oslo Bysykkel)","Urban Infrastructure Partner (urbansharing.com)","2026-08-28 00:23:09"
"429","Thune",59.92208,10.68588,21,2,19,"NO","Oslo (Oslo Bysykkel)","Urban Infrastructure Partner (urbansharing.com)","2026-08-28 00:23:09"
"380","Bentsebrugata",59.93923,10.75917,24,5,17,"NO","Oslo (Oslo Bysykkel)","Urban Infrastructure Partner (urbansharing.com)","2026-08-28 00:23:09"
"583","Galgeberg",59.9070757923482,10.7791644024467,18,15,2,"NO","Oslo (Oslo Bysykkel)","Urban Infrastructure Partner (urbansharing.com)","2026-08-28 00:23:09"
"398","Ringnes Park",59.9284340441758,10.7594301463312,18,6,11,"NO","Oslo (Oslo Bysykkel)","Urban Infrastructure Partner (urbansharing.com)","2026-08-28 00:23:09"
"381","Grønlands torg",59.91252,10.76224,15,12,2,"NO","Oslo (Oslo Bysykkel)","Urban Infrastructure Partner (urbansharing.com)","2026-08-28 00:23:09"
"464","Sukkerbiten",59.9051667124711,10.7537827280704,44,4,40,"NO","Oslo (Oslo Bysykkel)","Urban Infrastructure Partner (urbansharing.com)","2026-08-28 00:23:09"
"442","Vulkan",59.92251,10.75101,18,11,6,"NO","Oslo (Oslo Bysykkel)","Urban Infrastructure Partner (urbansharing.com)","2026-08-28 00:23:09"
"483","Hausmanns gate",59.915451,10.758328,21,7,13,"NO","Oslo (Oslo Bysykkel)","Urban Infrastructure Partner (urbansharing.com)","2026-08-28 00:23:09"
"458","Jenny Braatens Plass",59.928349,10.77837,15,7,8,"NO","Oslo (Oslo Bysykkel)","Urban Infrastructure Partner (urbansharing.com)","2026-08-28 00:23:09"
"499","Bjerregaards gate",59.925488,10.746058,21,14,4,"NO","Oslo (Oslo Bysykkel)","Urban Infrastructure Partner (urbansharing.com)","2026-08-28 00:23:09"
"472","Arendalsgata",59.9378,10.7541,24,4,17,"NO","Oslo (Oslo Bysykkel)","Urban Infrastructure Partner (urbansharing.com)","2026-08-28 00:23:09"
"506","Botanisk Hage vest",59.9201281180405,10.7688754085636,27,19,8,"NO","Oslo (Oslo Bysykkel)","Urban Infrastructure Partner (urbansharing.com)","2026-08-28 00:23:09"
"465","Bjørvika",59.909006,10.75618,30,0,30,"NO","Oslo (Oslo Bysykkel)","Urban Infrastructure Partner (urbansharing.com)","2026-08-28 00:23:09"
"611","Bankplassen",59.908454,10.741869,39,8,30,"NO","Oslo (Oslo Bysykkel)","Urban Infrastructure Partner (urbansharing.com)","2026-08-28 00:23:09"
"404","Oslo Handelsgymnasium",59.914306,10.720202,27,16,11,"NO","Oslo (Oslo Bysykkel)","Urban Infrastructure Partner (urbansharing.com)","2026-08-28 00:23:09"
"579","Bogstadveien",59.924732,10.724628,18,7,8,"NO","Oslo (Oslo Bysykkel)","Urban Infrastructure Partner (urbansharing.com)","2026-08-28 00:23:09"
"589","Huk 1",59.8985133511229,10.6744091498528,27,12,14,"NO","Oslo (Oslo Bysykkel)","Urban Infrastructure Partner (urbansharing.com)","2026-08-28 00:23:09"
"434","Lindern",59.9358883,10.7350062,21,0,17,"NO","Oslo (Oslo Bysykkel)","Urban Infrastructure Partner (urbansharing.com)","2026-08-28 00:23:09"
"462","Stensparken",59.92714,10.730981,15,7,7,"NO","Oslo (Oslo Bysykkel)","Urban Infrastructure Partner (urbansharing.com)","2026-08-28 00:23:09"
"578","Hallings gate",59.922777,10.738655,24,3,21,"NO","Oslo (Oslo Bysykkel)","Urban Infrastructure Partner (urbansharing.com)","2026-08-28 00:23:09"
"415","Sinsenveien",59.929542,10.781053,12,7,5,"NO","Oslo (Oslo Bysykkel)","Urban Infrastructure Partner (urbansharing.com)","2026-08-28 00:23:09"
"423","Schous plass",59.920335,10.760804,20,18,0,"NO","Oslo (Oslo Bysykkel)","Urban Infrastructure Partner (urbansharing.com)","2026-08-28 00:23:09"
"412","Jakob kirke",59.917866,10.754898,9,1,4,"NO","Oslo (Oslo Bysykkel)","Urban Infrastructure Partner (urbansharing.com)","2026-08-28 00:23:09"
"387","Studenterlunden",59.914586,10.735453,15,3,10,"NO","Oslo (Oslo Bysykkel)","Urban Infrastructure Partner (urbansharing.com)","2026-08-28 00:23:09"
"441","Vippetangen øst",59.903989,10.741077,15,0,15,"NO","Oslo (Oslo Bysykkel)","Urban Infrastructure Partner (urbansharing.com)","2026-08-28 00:23:09"
"454","Furulund",59.9198098,10.651118,24,10,14,"NO","Oslo (Oslo Bysykkel)","Urban Infrastructure Partner (urbansharing.com)","2026-08-28 00:23:09"
"436","Vestkanttorvet",59.9244031,10.7130691,15,12,2,"NO","Oslo (Oslo Bysykkel)","Urban Infrastructure Partner (urbansharing.com)","2026-08-28 00:23:09"
"394","Bjølsen Studentby",59.9437775393672,10.760121127578,21,7,13,"NO","Oslo (Oslo Bysykkel)","Urban Infrastructure Partner (urbansharing.com)","2026-08-28 00:23:09"
"497","Sirkustomta",59.919252,10.774712,27,3,23,"NO","Oslo (Oslo Bysykkel)","Urban Infrastructure Partner (urbansharing.com)","2026-08-28 00:23:09"
"581","Jordalgata",59.908227,10.781088,24,5,18,"NO","Oslo (Oslo Bysykkel)","Urban Infrastructure Partner (urbansharing.com)","2026-08-28 00:23:09"
"461","Vålerenga",59.908576,10.786856,21,4,14,"NO","Oslo (Oslo Bysykkel)","Urban Infrastructure Partner (urbansharing.com)","2026-08-28 00:23:09"
"599","Paléhaven",59.9103199109435,10.7499929463244,48,14,34,"NO","Oslo (Oslo Bysykkel)","Urban Infrastructure Partner (urbansharing.com)","2026-08-28 00:23:09"
"428","Olav Kyrres plass",59.9193337,10.6968953,24,10,13,"NO","Oslo (Oslo Bysykkel)","Urban Infrastructure Partner (urbansharing.com)","2026-08-28 00:23:09"
"400","OsloMet",59.919927,10.735428,25,0,22,"NO","Oslo (Oslo Bysykkel)","Urban Infrastructure Partner (urbansharing.com)","2026-08-28 00:23:09"
"487","Carl Berners plass nord",59.926929,10.776971,21,12,8,"NO","Oslo (Oslo Bysykkel)","Urban Infrastructure Partner (urbansharing.com)","2026-08-28 00:23:09"
"438","BI Nydalen",59.949239,10.768576,42,8,34,"NO","Oslo (Oslo Bysykkel)","Urban Infrastructure Partner (urbansharing.com)","2026-08-28 00:23:09"
"459","Valkyrieplassen",59.9281319,10.71842,12,0,11,"NO","Oslo (Oslo Bysykkel)","Urban Infrastructure Partner (urbansharing.com)","2026-08-28 00:23:09"
"433","Ila",59.931828,10.748745,18,16,1,"NO","Oslo (Oslo Bysykkel)","Urban Infrastructure Partner (urbansharing.com)","2026-08-28 00:23:09"
"399","Uelands gate",59.929545,10.7489862,36,33,1,"NO","Oslo (Oslo Bysykkel)","Urban Infrastructure Partner (urbansharing.com)","2026-08-28 00:23:09"
"489","Torggata",59.9159830927452,10.7515511907609,30,2,25,"NO","Oslo (Oslo Bysykkel)","Urban Infrastructure Partner (urbansharing.com)","2026-08-28 00:23:09"
"742","Hasle",59.924342,10.79285,30,18,9,"NO","Oslo (Oslo Bysykkel)","Urban Infrastructure Partner (urbansharing.com)","2026-08-28 00:23:09"
"551","Olaf Ryes plass",59.922425,10.758182,35,19,15,"NO","Oslo (Oslo Bysykkel)","Urban Infrastructure Partner (urbansharing.com)","2026-08-28 00:23:09"
"406","Carl Berners plass sør",59.92507,10.775996,12,8,3,"NO","Oslo (Oslo Bysykkel)","Urban Infrastructure Partner (urbansharing.com)","2026-08-28 00:23:09"
"488","Torshovparken vest",59.93507,10.76915,24,17,6,"NO","Oslo (Oslo Bysykkel)","Urban Infrastructure Partner (urbansharing.com)","2026-08-28 00:23:09"
"540","Lilleborgbanen",59.9336315907429,10.7691181398811,36,19,17,"NO","Oslo (Oslo Bysykkel)","Urban Infrastructure Partner (urbansharing.com)","2026-08-28 00:23:09"
"431","Chr. Michelsens Gate",59.927292,10.773185,20,6,12,"NO","Oslo (Oslo Bysykkel)","Urban Infrastructure Partner (urbansharing.com)","2026-08-28 00:23:09"
"393","Hans Nielsen Hauges plass",59.939244,10.774319,21,7,14,"NO","Oslo (Oslo Bysykkel)","Urban Infrastructure Partner (urbansharing.com)","2026-08-28 00:23:09"
"420","Bjølsendumpa",59.9403292518183,10.7661366674938,21,15,5,"NO","Oslo (Oslo Bysykkel)","Urban Infrastructure Partner (urbansharing.com)","2026-08-28 00:23:09"
"397","Storo Storsenter",59.9467104475439,10.7738052858791,36,16,17,"NO","Oslo (Oslo Bysykkel)","Urban Infrastructure Partner (urbansharing.com)","2026-08-28 00:23:09"
"390","Saga Kino",59.9142402679465,10.7327713547197,30,3,26,"NO","Oslo (Oslo Bysykkel)","Urban Infrastructure Partner (urbansharing.com)","2026-08-28 00:23:09"
"449","Ruseløkkgården",59.9135749709209,10.7262297423333,24,9,14,"NO","Oslo (Oslo Bysykkel)","Urban Infrastructure Partner (urbansharing.com)","2026-08-28 00:23:09"
"430","Spikersuppa Vest",59.9137200713007,10.7358866458534,42,12,30,"NO","Oslo (Oslo Bysykkel)","Urban Infrastructure Partner (urbansharing.com)","2026-08-28 00:23:09"
"484","Karenslyst allé",59.92033,10.683814,35,16,18,"NO","Oslo (Oslo Bysykkel)","Urban Infrastructure Partner (urbansharing.com)","2026-08-28 00:23:09"
"479","Tjuvholmen",59.909467,10.722509,30,8,20,"NO","Oslo (Oslo Bysykkel)","Urban Infrastructure Partner (urbansharing.com)","2026-08-28 00:23:09"
"403","Parkveien",59.921768,10.730476,15,0,15,"NO","Oslo (Oslo Bysykkel)","Urban Infrastructure Partner (urbansharing.com)","2026-08-28 00:23:09"
"435","Fram-gården",59.915424,10.714577,30,1,28,"NO","Oslo (Oslo Bysykkel)","Urban Infrastructure Partner (urbansharing.com)","2026-08-28 00:23:09"
"426","Gimle Kino",59.9172807829268,10.7083757987674,21,12,8,"NO","Oslo (Oslo Bysykkel)","Urban Infrastructure Partner (urbansharing.com)","2026-08-28 00:23:09"
"450","Elisenberg",59.919524,10.70884,15,7,6,"NO","Oslo (Oslo Bysykkel)","Urban Infrastructure Partner (urbansharing.com)","2026-08-28 00:23:09"
"456","Frognerstranda",59.9103558,10.7051061,35,9,24,"NO","Oslo (Oslo Bysykkel)","Urban Infrastructure Partner (urbansharing.com)","2026-08-28 00:23:09"
"468","Skillebekk",59.9127934054554,10.7101030285703,15,12,0,"NO","Oslo (Oslo Bysykkel)","Urban Infrastructure Partner (urbansharing.com)","2026-08-28 00:23:09"
"453","Frogner Stadion",59.9275376468269,10.7102628032613,36,18,16,"NO","Oslo (Oslo Bysykkel)","Urban Infrastructure Partner (urbansharing.com)","2026-08-28 00:23:09"
"466","Ullevålsalléen",59.937913,10.73048,15,0,13,"NO","Oslo (Oslo Bysykkel)","Urban Infrastructure Partner (urbansharing.com)","2026-08-28 00:23:09"
"469","Studentparlamentet",59.920852,10.733357,30,0,27,"NO","Oslo (Oslo Bysykkel)","Urban Infrastructure Partner (urbansharing.com)","2026-08-28 00:23:09"
"416","Tannlegehøyskolen",59.932383,10.741475,15,7,7,"NO","Oslo (Oslo Bysykkel)","Urban Infrastructure Partner (urbansharing.com)","2026-08-28 00:23:09"
"391","Colletts gate 31",59.9268354800041,10.7383521136537,15,2,11,"NO","Oslo (Oslo Bysykkel)","Urban Infrastructure Partner (urbansharing.com)","2026-08-28 00:23:09"
"389","Pilestredet Studenthus",59.9205528,10.7342854,18,3,14,"NO","Oslo (Oslo Bysykkel)","Urban Infrastructure Partner (urbansharing.com)","2026-08-28 00:23:09"
"470","St. Hanshaugen park nord",59.929811282136,10.7435875941307,15,5,9,"NO","Oslo (Oslo Bysykkel)","Urban Infrastructure Partner (urbansharing.com)","2026-08-28 00:23:09"
"384","Vår Frelsers gravlund",59.9194404398485,10.7437646218726,18,8,8,"NO","Oslo (Oslo Bysykkel)","Urban Infrastructure Partner (urbansharing.com)","2026-08-28 00:23:09"
"425","Adamstuen",59.932792,10.734457,8,0,8,"NO","Oslo (Oslo Bysykkel)","Urban Infrastructure Partner (urbansharing.com)","2026-08-28 00:23:09"
"411","Hasle Torg",59.9232400421555,10.7928314380287,12,4,7,"NO","Oslo (Oslo Bysykkel)","Urban Infrastructure Partner (urbansharing.com)","2026-08-28 00:23:09"
"598","Sofienbergparken nord",59.923229,10.766171,33,24,7,"NO","Oslo (Oslo Bysykkel)","Urban Infrastructure Partner (urbansharing.com)","2026-08-28 00:23:09"
"444","AHO",59.925265,10.750462,20,19,1,"NO","Oslo (Oslo Bysykkel)","Urban Infrastructure Partner (urbansharing.com)","2026-08-28 00:23:09"
"447","Kværnerbyen",59.904473,10.786167,30,29,0,"NO","Oslo (Oslo Bysykkel)","Urban Infrastructure Partner (urbansharing.com)","2026-08-28 00:23:09"
"408","Tøyen skole",59.914943,10.773977,15,11,3,"NO","Oslo (Oslo Bysykkel)","Urban Infrastructure Partner (urbansharing.com)","2026-08-28 00:23:09"
"737","Munkegata",59.908255,10.7678,24,24,0,"NO","Oslo (Oslo Bysykkel)","Urban Infrastructure Partner (urbansharing.com)","2026-08-28 00:23:09"
"432","St. Hanshaugen park sør",59.924821,10.739909,12,4,8,"NO","Oslo (Oslo Bysykkel)","Urban Infrastructure Partner (urbansharing.com)","2026-08-28 00:23:09"
"401","Lille Schous plass",59.920259,10.760629,6,6,0,"NO","Oslo (Oslo Bysykkel)","Urban Infrastructure Partner (urbansharing.com)","2026-08-28 00:23:09"
"452","Vippetangen vest",59.903989,10.740627,30,1,29,"NO","Oslo (Oslo Bysykkel)","Urban Infrastructure Partner (urbansharing.com)","2026-08-28 00:23:09"
"392","Sjøsiden",59.9101808526335,10.7516987509956,10,6,3,"NO","Oslo (Oslo Bysykkel)","Urban Infrastructure Partner (urbansharing.com)","2026-08-28 00:23:09"
"481","Rådhusgata",59.910924,10.736215,42,27,14,"NO","Oslo (Oslo Bysykkel)","Urban Infrastructure Partner (urbansharing.com)","2026-08-28 00:23:09"
"495","Vaterlandsparken",59.9135155285415,10.7573346705523,41,0,40,"NO","Oslo (Oslo Bysykkel)","Urban Infrastructure Partner (urbansharing.com)","2026-08-28 00:23:09"
"478","Jernbanetorget",59.9118816634866,10.7499625446943,15,0,13,"NO","Oslo (Oslo Bysykkel)","Urban Infrastructure Partner (urbansharing.com)","2026-08-28 00:23:09"
"414","Kontraskjæret",59.910242,10.73857,12,2,9,"NO","Oslo (Oslo Bysykkel)","Urban Infrastructure Partner (urbansharing.com)","2026-08-28 00:23:09"
"476","Edvard Storms gate",59.919111,10.736179,20,0,19,"NO","Oslo (Oslo Bysykkel)","Urban Infrastructure Partner (urbansharing.com)","2026-08-28 00:23:09"
"445","Sjølyst",59.921673,10.67666,18,17,1,"NO","Oslo (Oslo Bysykkel)","Urban Infrastructure Partner (urbansharing.com)","2026-08-28 00:23:09"
"748","Hydroparken",59.914145,10.715505,30,14,14,"NO","Oslo (Oslo Bysykkel)","Urban Infrastructure Partner (urbansharing.com)","2026-08-28 00:23:09"
"473","Majorstuveien",59.926697,10.716195,9,6,0,"NO","Oslo (Oslo Bysykkel)","Urban Infrastructure Partner (urbansharing.com)","2026-08-28 00:23:09"
"383","Arkitekt Rivertz Plass",59.934936,10.749466,30,2,23,"NO","Oslo (Oslo Bysykkel)","Urban Infrastructure Partner (urbansharing.com)","2026-08-28 00:23:09"
"480","Helga Helgesens plass",59.9121109,10.7661939,25,24,0,"NO","Oslo (Oslo Bysykkel)","Urban Infrastructure Partner (urbansharing.com)","2026-08-28 00:23:09"
"421","Alexander Kiellands Plass",59.9280667061568,10.7512026368196,24,21,1,"NO","Oslo (Oslo Bysykkel)","Urban Infrastructure Partner (urbansharing.com)","2026-08-28 00:23:09"
"746","Bygdøy allé",59.919001,10.692321,12,1,10,"NO","Oslo (Oslo Bysykkel)","Urban Infrastructure Partner (urbansharing.com)","2026-08-28 00:23:09"
"417","Uranienborgparken",59.922485,10.720896,15,1,12,"NO","Oslo (Oslo Bysykkel)","Urban Infrastructure Partner (urbansharing.com)","2026-08-28 00:23:09"
"427","Briskeby",59.920218,10.717978,15,9,5,"NO","Oslo (Oslo Bysykkel)","Urban Infrastructure Partner (urbansharing.com)","2026-08-28 00:23:09"
"395","Frogner Tennisklubb",59.9261831,10.7098327,15,10,5,"NO","Oslo (Oslo Bysykkel)","Urban Infrastructure Partner (urbansharing.com)","2026-08-28 00:23:09"
"418","Norsk Folkemuseum",59.9076983512052,10.6868053811683,27,7,19,"NO","Oslo (Oslo Bysykkel)","Urban Infrastructure Partner (urbansharing.com)","2026-08-28 00:23:09"
"413","Majorstuen",59.929045,10.716926,18,0,12,"NO","Oslo (Oslo Bysykkel)","Urban Infrastructure Partner (urbansharing.com)","2026-08-28 00:23:09"
"486","Blindern Studenthus",59.9352204077003,10.72647662225,24,1,20,"NO","Oslo (Oslo Bysykkel)","Urban Infrastructure Partner (urbansharing.com)","2026-08-28 00:23:09"
"597","Fredensborg",59.920995,10.750358,15,11,4,"NO","Oslo (Oslo Bysykkel)","Urban Infrastructure Partner (urbansharing.com)","2026-08-28 00:23:09"
"422","St. Hanshaugen",59.923703,10.740542,12,6,6,"NO","Oslo (Oslo Bysykkel)","Urban Infrastructure Partner (urbansharing.com)","2026-08-28 00:23:09"
"382","Stensgata",59.92958561754,10.732839,9,9,0,"NO","Oslo (Oslo Bysykkel)","Urban Infrastructure Partner (urbansharing.com)","2026-08-28 00:23:09"
"396","Kirkeristen",59.9130003597329,10.7467605859823,24,3,19,"NO","Oslo (Oslo Bysykkel)","Urban Infrastructure Partner (urbansharing.com)","2026-08-28 00:23:09"
"735","Oslo Hospital",59.9032125473258,10.7673442932541,15,14,0,"NO","Oslo (Oslo Bysykkel)","Urban Infrastructure Partner (urbansharing.com)","2026-08-28 00:23:09"
"437","Sentrum Scene",59.9154678656426,10.7511408730163,24,0,24,"NO","Oslo (Oslo Bysykkel)","Urban Infrastructure Partner (urbansharing.com)","2026-08-28 00:23:09"
"446","Bislett Stadion",59.92547131705,10.7312193221381,24,15,7,"NO","Oslo (Oslo Bysykkel)","Urban Infrastructure Partner (urbansharing.com)","2026-08-28 00:23:09"
"424","Birkelunden",59.9256113,10.760926,10,5,4,"NO","Oslo (Oslo Bysykkel)","Urban Infrastructure Partner (urbansharing.com)","2026-08-28 00:23:09"
"455","Sofienbergparken sør",59.922337,10.7617503,12,11,0,"NO","Oslo (Oslo Bysykkel)","Urban Infrastructure Partner (urbansharing.com)","2026-08-28 00:23:09"
"457","Trondheimsveien",59.9230577,10.7717192,10,6,4,"NO","Oslo (Oslo Bysykkel)","Urban Infrastructure Partner (urbansharing.com)","2026-08-28 00:23:09"
"377","Tøyenparken",59.915667,10.7775665,29,17,11,"NO","Oslo (Oslo Bysykkel)","Urban Infrastructure Partner (urbansharing.com)","2026-08-28 00:23:09"
"738","Lodalen busstopp",59.9034528,10.777958,12,10,2,"NO","Oslo (Oslo Bysykkel)","Urban Infrastructure Partner (urbansharing.com)","2026-08-28 00:23:09"
"460","Botanisk Hage sør",59.9154176980244,10.7693302214264,29,10,17,"NO","Oslo (Oslo Bysykkel)","Urban Infrastructure Partner (urbansharing.com)","2026-08-28 00:23:09"
"744","Hallénparken",59.9315302,10.762169,10,8,1,"NO","Oslo (Oslo Bysykkel)","Urban Infrastructure Partner (urbansharing.com)","2026-08-28 00:23:09"
"485","Sommerfrydhagen",59.911453,10.776072,21,15,6,"NO","Oslo (Oslo Bysykkel)","Urban Infrastructure Partner (urbansharing.com)","2026-08-28 00:23:09"
"1406","2 - Metro Callao",40.4204,-3.70569,47,0,25,"ES","Madrid (BiciMAD)","PBSC (publicbikesystem.net)","2026-08-28 00:23:09"
"1407","3 - Plaza Conde Suchil",40.4303223,-3.7072537,39,7,11,"ES","Madrid (BiciMAD)","PBSC (publicbikesystem.net)","2026-08-28 00:23:09"
"1408","4 - Malasaña",40.4286259,-3.7025,47,0,24,"ES","Madrid (BiciMAD)","PBSC (publicbikesystem.net)","2026-08-28 00:23:09"
"1409","5 - Fuencarral",40.4285212,-3.7021354,47,1,23,"ES","Madrid (BiciMAD)","PBSC (publicbikesystem.net)","2026-08-28 00:23:09"
"1410","6 - Colegio de Arquitectos",40.423178,-3.699023,39,0,19,"ES","Madrid (BiciMAD)","PBSC (publicbikesystem.net)","2026-08-28 00:23:09"
"1411","7 - Hortaleza, 75",40.4251906,-3.6977715,39,2,16,"ES","Madrid (BiciMAD)","PBSC (publicbikesystem.net)","2026-08-28 00:23:09"
"1412","8 - Metro Alonso Martínez",40.4278682,-3.6954403,44,0,23,"ES","Madrid (BiciMAD)","PBSC (publicbikesystem.net)","2026-08-28 00:23:09"
"1413","9 - Plaza de San Miguel",40.4156057,-3.7095084,44,16,5,"ES","Madrid (BiciMAD)","PBSC (publicbikesystem.net)","2026-08-28 00:23:09"
"1414","10 - Marqués de la Ensenada",40.425403,-3.692104,23,0,23,"ES","Madrid (BiciMAD)","PBSC (publicbikesystem.net)","2026-08-28 00:23:09"
"1415","11 - Plaza del Dos de Mayo",40.427,-3.7036,43,1,22,"ES","Madrid (BiciMAD)","PBSC (publicbikesystem.net)","2026-08-28 00:23:09"
"1416","12 - San Hermenegildo",40.4284667,-3.7061406,47,7,17,"ES","Madrid (BiciMAD)","PBSC (publicbikesystem.net)","2026-08-28 00:23:09"
"1417","13 - Conde Duque",40.4273,-3.7105,43,4,19,"ES","Madrid (BiciMAD)","PBSC (publicbikesystem.net)","2026-08-28 00:23:09"
"1418","14 - Ventura Rodríguez",40.4260425,-3.7133069,47,10,17,"ES","Madrid (BiciMAD)","PBSC (publicbikesystem.net)","2026-08-28 00:23:09"
"1419","15 - Norte",40.4262383,-3.7074453,39,5,14,"ES","Madrid (BiciMAD)","PBSC (publicbikesystem.net)","2026-08-28 00:23:09"
"1420","16 - San Bernardo",40.4229374,-3.7074808485065,39,1,16,"ES","Madrid (BiciMAD)","PBSC (publicbikesystem.net)","2026-08-28 00:23:09"
"1421","17 - Plaza de Carlos Cambronero",40.4228028680601,-3.70505112897491,39,3,14,"ES","Madrid (BiciMAD)","PBSC (publicbikesystem.net)","2026-08-28 00:23:09"
"1422","18 - Plaza de Pedro Zerolo",40.4209251,-3.6996776,44,0,23,"ES","Madrid (BiciMAD)","PBSC (publicbikesystem.net)","2026-08-28 00:23:09"
"1423","19 - Prim",40.4218616,-3.6954983,48,0,27,"ES","Madrid (BiciMAD)","PBSC (publicbikesystem.net)","2026-08-28 00:23:09"
"1424","20 - Banco de España",40.4188076,-3.6952465,47,4,20,"ES","Madrid (BiciMAD)","PBSC (publicbikesystem.net)","2026-08-28 00:23:09"
"1426","23 - Santo Domingo",40.4202595,-3.708249,44,11,11,"ES","Madrid (BiciMAD)","PBSC (publicbikesystem.net)","2026-08-28 00:23:09"
"1427","24 - Palacio de Oriente",40.417343,-3.710864,35,2,12,"ES","Madrid (BiciMAD)","PBSC (publicbikesystem.net)","2026-08-28 00:23:09"
"1428","25A - Plaza de Celenque A",40.4173703,-3.7057791,44,2,20,"ES","Madrid (BiciMAD)","PBSC (publicbikesystem.net)","2026-08-28 00:23:09"
"1429","25B - Plaza de Celenque B",40.4173687,-3.7058976,44,7,13,"ES","Madrid (BiciMAD)","PBSC (publicbikesystem.net)","2026-08-28 00:23:09"
"1430","26 - Plaza de las Salesas",40.4239,-3.6945,47,0,25,"ES","Madrid (BiciMAD)","PBSC (publicbikesystem.net)","2026-08-28 00:23:09"
"1431","27 - Huertas",40.4133,-3.6957,47,7,20,"ES","Madrid (BiciMAD)","PBSC (publicbikesystem.net)","2026-08-28 00:23:09"
"1433","29 - Marqués de Cubas",40.4163838,-3.6957434,43,0,23,"ES","Madrid (BiciMAD)","PBSC (publicbikesystem.net)","2026-08-28 00:23:09"
"1434","30 - San Quintín",40.419622,-3.710967,39,4,14,"ES","Madrid (BiciMAD)","PBSC (publicbikesystem.net)","2026-08-28 00:23:09"
"1435","31 - Mayor",40.416346,-3.706587,47,18,8,"ES","Madrid (BiciMAD)","PBSC (publicbikesystem.net)","2026-08-28 00:23:09"
"1436","32 - Plaza de la Provincia",40.4146678391005,-3.70663628904171,43,22,1,"ES","Madrid (BiciMAD)","PBSC (publicbikesystem.net)","2026-08-28 00:23:09"
"1437","33 - Puerta del Sol",40.4165363,-3.7032264,43,0,23,"ES","Madrid (BiciMAD)","PBSC (publicbikesystem.net)","2026-08-28 00:23:09"
"1439","35 - Doctor Letamendi, 3",40.4136907232659,-3.71006296130753,43,0,22,"ES","Madrid (BiciMAD)","PBSC (publicbikesystem.net)","2026-08-28 00:23:09"
"1440","36 - Plaza Ramales",40.416876,-3.712151,39,1,18,"ES","Madrid (BiciMAD)","PBSC (publicbikesystem.net)","2026-08-28 00:23:09"
"1441","37 - Calatrava, 38",40.41022,-3.713482,43,5,17,"ES","Madrid (BiciMAD)","PBSC (publicbikesystem.net)","2026-08-28 00:23:09"
"1442","38 - Plaza de los Carros",40.4113586,-3.7115898,47,0,26,"ES","Madrid (BiciMAD)","PBSC (publicbikesystem.net)","2026-08-28 00:23:09"
"1443","39 - Plaza de la Cebada",40.4112744,-3.7088337,51,0,29,"ES","Madrid (BiciMAD)","PBSC (publicbikesystem.net)","2026-08-28 00:23:09"
"1444","40 - Conde de Romanones",40.4131488993415,-3.70495388750037,43,0,23,"ES","Madrid (BiciMAD)","PBSC (publicbikesystem.net)","2026-08-28 00:23:09"
"1445","41 - Metro Antón Martín",40.4122047,-3.6991147,39,0,16,"ES","Madrid (BiciMAD)","PBSC (publicbikesystem.net)","2026-08-28 00:23:09"
"1446","42 - Santa Isabel",40.4108488,-3.6982922,47,1,25,"ES","Madrid (BiciMAD)","PBSC (publicbikesystem.net)","2026-08-28 00:23:09"
"1447","43 - Jesús y María",40.4100387,-3.702471,38,5,13,"ES","Madrid (BiciMAD)","PBSC (publicbikesystem.net)","2026-08-28 00:23:09"
"1448","44 - Plaza de Nelson Mandela",40.4097907125463,-3.70386405331066,39,10,8,"ES","Madrid (BiciMAD)","PBSC (publicbikesystem.net)","2026-08-28 00:23:09"
"1449","45 - Metro Puerta de Toledo",40.4068659,-3.7111034,39,2,15,"ES","Madrid (BiciMAD)","PBSC (publicbikesystem.net)","2026-08-28 00:23:09"
"1450","46 - Ribera de Curtidores",40.4053153,-3.7071259,47,7,20,"ES","Madrid (BiciMAD)","PBSC (publicbikesystem.net)","2026-08-28 00:23:09"
"1451","47 - Renfe/Cercanías Embajadores",40.4045772,-3.7027998,44,4,19,"ES","Madrid (BiciMAD)","PBSC (publicbikesystem.net)","2026-08-28 00:23:09"
"1452","48 - Juan Sebastián Elcano",40.4040433,-3.701321,43,3,19,"ES","Madrid (BiciMAD)","PBSC (publicbikesystem.net)","2026-08-28 00:23:09"
"1453","49 - Casa Encendida",40.4060533,-3.6992774,47,12,10,"ES","Madrid (BiciMAD)","PBSC (publicbikesystem.net)","2026-08-28 00:23:09"
"1454","50 - Museo Reina Sofía",40.4073541,-3.6960398,43,6,15,"ES","Madrid (BiciMAD)","PBSC (publicbikesystem.net)","2026-08-28 00:23:09"
"1455","51 - Ronda de Atocha",40.4077556465778,-3.6934856312828,47,9,12,"ES","Madrid (BiciMAD)","PBSC (publicbikesystem.net)","2026-08-28 00:23:09"
"1456","52 - Plaza de Santa Ana",40.4144689,-3.7008558,35,3,12,"ES","Madrid (BiciMAD)","PBSC (publicbikesystem.net)","2026-08-28 00:23:09"
"1457","53 - Plaza de Lavapiés",40.4083087082381,-3.70075412638931,44,12,8,"ES","Madrid (BiciMAD)","PBSC (publicbikesystem.net)","2026-08-28 00:23:09"
"1458","54 - Metro Tribunal",40.4265991017663,-3.70039299755326,39,2,15,"ES","Madrid (BiciMAD)","PBSC (publicbikesystem.net)","2026-08-28 00:23:09"
"1459","55 - Plaza de San Ildefonso",40.4239757,-3.7020842,44,0,23,"ES","Madrid (BiciMAD)","PBSC (publicbikesystem.net)","2026-08-28 00:23:09"
"1460","56 - Plaza del Carmen ",40.4190322,-3.7039033,44,0,24,"ES","Madrid (BiciMAD)","PBSC (publicbikesystem.net)","2026-08-28 00:23:09"
"1461","57 - Santa Cruz de Marcenado",40.4295658,-3.7126299,43,2,21,"ES","Madrid (BiciMAD)","PBSC (publicbikesystem.net)","2026-08-28 00:23:09"
"1462","58 - Metro Chueca",40.4222783,-3.6978583,47,0,27,"ES","Madrid (BiciMAD)","PBSC (publicbikesystem.net)","2026-08-28 00:23:09"
"1463","59 - Plaza de Juan Pujol",40.4255495,-3.7043418,39,0,18,"ES","Madrid (BiciMAD)","PBSC (publicbikesystem.net)","2026-08-28 00:23:09"
"1464","60 - Puerta de Alcalá",40.4188524905626,-3.68909805655288,44,0,24,"ES","Madrid (BiciMAD)","PBSC (publicbikesystem.net)","2026-08-28 00:23:09"
"1465","61 - O'Donnell - Narváez",40.4214551,-3.6753139,47,3,24,"ES","Madrid (BiciMAD)","PBSC (publicbikesystem.net)","2026-08-28 00:23:09"
"1466","62 - Hospital M. Infantil Gregorio Marañón",40.4213148,-3.6724968,47,1,26,"ES","Madrid (BiciMAD)","PBSC (publicbikesystem.net)","2026-08-28 00:23:09"
"1467","63 - Hospital Gral. Uni. Gregorio Marañón",40.4179237,-3.6708959,43,10,13,"ES","Madrid (BiciMAD)","PBSC (publicbikesystem.net)","2026-08-28 00:23:09"
"1468","65 - Parque del Retiro - Calle Antonio Maura",40.4167014469994,-3.68942479794277,49,0,24,"ES","Madrid (BiciMAD)","PBSC (publicbikesystem.net)","2026-08-28 00:23:09"
"1469","67 - CaixaForum Madrid",40.4108472,-3.693225,43,11,9,"ES","Madrid (BiciMAD)","PBSC (publicbikesystem.net)","2026-08-28 00:23:09"
"1470","68 - Espalter - Ruiz de Alarcón",40.4127692,-3.6913232,39,0,13,"ES","Madrid (BiciMAD)","PBSC (publicbikesystem.net)","2026-08-28 00:23:09"
"1471","69 - Parque del Retiro - Puerta Ángel Caído",40.409808,-3.688822,47,12,11,"ES","Madrid (BiciMAD)","PBSC (publicbikesystem.net)","2026-08-28 00:23:09"
"1472","70 - Hospital Uni. Infantil Niño Jesús",40.4153823855747,-3.67787254232788,47,7,17,"ES","Madrid (BiciMAD)","PBSC (publicbikesystem.net)","2026-08-28 00:23:09"
"1473","71 - Plaza del Doctor Laguna",40.4161,-3.6739,43,2,19,"ES","Madrid (BiciMAD)","PBSC (publicbikesystem.net)","2026-08-28 00:23:09"
"1474","72 - Metro Sáinz de Baranda",40.415749,-3.669601,43,0,23,"ES","Madrid (BiciMAD)","PBSC (publicbikesystem.net)","2026-08-28 00:23:09"
"1475","73 - Plaza de los Astros",40.4115,-3.6687,43,15,6,"ES","Madrid (BiciMAD)","PBSC (publicbikesystem.net)","2026-08-28 00:23:09"
"1476","74 - Parque Retiro - Jardines Cecilio Rguez",40.4120629097839,-3.67658876378898,47,6,20,"ES","Madrid (BiciMAD)","PBSC (publicbikesystem.net)","2026-08-28 00:23:09"
"1477","75 - Parque del Retiro - Plaza Mariano Cavia",40.4082717,-3.6784749,47,20,4,"ES","Madrid (BiciMAD)","PBSC (publicbikesystem.net)","2026-08-28 00:23:09"
"1478","76 - Avenida del Mediterráneo, 19",40.407271,-3.675102,44,24,0,"ES","Madrid (BiciMAD)","PBSC (publicbikesystem.net)","2026-08-28 00:23:09"
"1479","77 - Plaza del Conde de Casal",40.4064784,-3.6707132,38,4,13,"ES","Madrid (BiciMAD)","PBSC (publicbikesystem.net)","2026-08-28 00:23:09"
"1480","78 - Metro Pacífico",40.4006374742242,-3.67452406004944,47,23,4,"ES","Madrid (BiciMAD)","PBSC (publicbikesystem.net)","2026-08-28 00:23:09"
"1481","79 - Metro Menéndez Pelayo",40.4051101939776,-3.68043982432307,47,21,3,"ES","Madrid (BiciMAD)","PBSC (publicbikesystem.net)","2026-08-28 00:23:09"
"1484","81 - Cuesta de Moyano",40.4093426118814,-3.69183322007106,54,16,4,"ES","Madrid (BiciMAD)","PBSC (publicbikesystem.net)","2026-08-28 00:23:09"
"1485","82 - Doctor Esquerdo - Metro Conde de Casal",40.4084556,-3.6697526,43,5,17,"ES","Madrid (BiciMAD)","PBSC (publicbikesystem.net)","2026-08-28 00:23:09"
"1486","83 - Pío Baroja",40.4132995,-3.6744795,43,4,18,"ES","Madrid (BiciMAD)","PBSC (publicbikesystem.net)","2026-08-28 00:23:09"
"1487","84 - Biblioteca Pública Elena Fortún",40.4035715699285,-3.67248157539368,43,17,0,"ES","Madrid (BiciMAD)","PBSC (publicbikesystem.net)","2026-08-28 00:23:09"
"1488","85 - Parque del Retiro - Puerta de O´Donnell",40.4213143,-3.679891,47,8,18,"ES","Madrid (BiciMAD)","PBSC (publicbikesystem.net)","2026-08-28 00:23:09"
"1489","86 - Cibeles",40.4186516,-3.6933498,44,0,22,"ES","Madrid (BiciMAD)","PBSC (publicbikesystem.net)","2026-08-28 00:23:09"
"1490","87 - Ayala - Velázquez",40.427736,-3.6832566,43,0,23,"ES","Madrid (BiciMAD)","PBSC (publicbikesystem.net)","2026-08-28 00:23:09"
"1491","88 - Velázquez-Padilla",40.4313576,-3.6838303,43,0,22,"ES","Madrid (BiciMAD)","PBSC (publicbikesystem.net)","2026-08-28 00:23:09"
"1492","89 - Ayala - Conde de Peñalver",40.4272582,-3.6752024,43,4,19,"ES","Madrid (BiciMAD)","PBSC (publicbikesystem.net)","2026-08-28 00:23:09"
"1493","90 - Metro Velázquez",40.4251493,-3.6838416,47,0,27,"ES","Madrid (BiciMAD)","PBSC (publicbikesystem.net)","2026-08-28 00:23:09"
"1494","91 - Hermosilla - General Pardiñas",40.426049,-3.6786285,43,0,22,"ES","Madrid (BiciMAD)","PBSC (publicbikesystem.net)","2026-08-28 00:23:09"
"1495","92 - Claudio Coello - Hermosilla",40.4262945,-3.6865463,43,0,23,"ES","Madrid (BiciMAD)","PBSC (publicbikesystem.net)","2026-08-28 00:23:09"
"1496","93 - Plaza de Margaret Thatcher",40.4257585334256,-3.68933616903382,44,0,24,"ES","Madrid (BiciMAD)","PBSC (publicbikesystem.net)","2026-08-28 00:23:09"
"1497","94 - Estación de tren de Recoletos",40.4229636011595,-3.69042152866681,43,1,22,"ES","Madrid (BiciMAD)","PBSC (publicbikesystem.net)","2026-08-28 00:23:09"
"1498","95 - Claudio Coello - Villanueva",40.4225428,-3.6869293,43,0,23,"ES","Madrid (BiciMAD)","PBSC (publicbikesystem.net)","2026-08-28 00:23:09"
"1499","96 - Alcalá - Castelló",40.4220151549842,-3.6822047987704,47,1,26,"ES","Madrid (BiciMAD)","PBSC (publicbikesystem.net)","2026-08-28 00:23:09"
"1500","97 - Metro Príncipe de Vergara",40.4225364,-3.6802556,47,12,11,"ES","Madrid (BiciMAD)","PBSC (publicbikesystem.net)","2026-08-28 00:23:09"
"1501","98 - Plaza de Felipe II",40.4241325,-3.6757676,44,0,23,"ES","Madrid (BiciMAD)","PBSC (publicbikesystem.net)","2026-08-28 00:23:09"
"1502","99 - Alcántara - Hermosilla",40.4260391,-3.6740178,43,0,23,"ES","Madrid (BiciMAD)","PBSC (publicbikesystem.net)","2026-08-28 00:23:09"
"1503","100 - Movistar Arena",40.42478,-3.67384,47,1,20,"ES","Madrid (BiciMAD)","PBSC (publicbikesystem.net)","2026-08-28 00:23:09"
"1504","101 - Metro O'Donnell",40.4230771,-3.6696804,44,0,24,"ES","Madrid (BiciMAD)","PBSC (publicbikesystem.net)","2026-08-28 00:23:09"
"1505","102 - Metro Retiro",40.4211845,-3.6842317,43,0,21,"ES","Madrid (BiciMAD)","PBSC (publicbikesystem.net)","2026-08-28 00:23:09"
"1506","103 - Ortega y Gasset - Serrano",40.43053,-3.686744,43,0,20,"ES","Madrid (BiciMAD)","PBSC (publicbikesystem.net)","2026-08-28 00:23:09"
"1507","104 - Castellana - Hermosilla",40.42677,-3.68958,43,0,22,"ES","Madrid (BiciMAD)","PBSC (publicbikesystem.net)","2026-08-28 00:23:09"
"1508","105 - Serrano, 46",40.4270832,-3.6875418,43,0,23,"ES","Madrid (BiciMAD)","PBSC (publicbikesystem.net)","2026-08-28 00:23:09"
"1510","106B - Plaza de Colón B",40.424776,-3.68789,39,0,18,"ES","Madrid (BiciMAD)","PBSC (publicbikesystem.net)","2026-08-28 00:23:09"
"1511","107 - Serrano - Conde de Aranda",40.4215608729784,-3.68838411045075,43,0,21,"ES","Madrid (BiciMAD)","PBSC (publicbikesystem.net)","2026-08-28 00:23:09"
"1512","108 - Mártires Concepcionistas - Alcalá",40.427402,-3.670652,47,1,26,"ES","Madrid (BiciMAD)","PBSC (publicbikesystem.net)","2026-08-28 00:23:09"
"1513","109 - Marqués de Salamanca",40.4301245,-3.6814521,43,1,21,"ES","Madrid (BiciMAD)","PBSC (publicbikesystem.net)","2026-08-28 00:23:09"
"1514","110 - Intercambiador de Moncloa",40.434745,-3.7201021,43,8,14,"ES","Madrid (BiciMAD)","PBSC (publicbikesystem.net)","2026-08-28 00:23:09"
"1515","111A - Metro Moncloa A",40.4336336073228,-3.71747823394404,43,0,21,"ES","Madrid (BiciMAD)","PBSC (publicbikesystem.net)","2026-08-28 00:23:09"
"1516","111B - Metro Moncloa B",40.433913,-3.7177434,43,1,19,"ES","Madrid (BiciMAD)","PBSC (publicbikesystem.net)","2026-08-28 00:23:09"
"1517","112 - Paseo de Moret - Parque del Oeste",40.4326901,-3.724736,43,8,14,"ES","Madrid (BiciMAD)","PBSC (publicbikesystem.net)","2026-08-28 00:23:09"
"1518","113 - Teleférico Madrid - Estación Rosales",40.427538,-3.7207263,44,7,14,"ES","Madrid (BiciMAD)","PBSC (publicbikesystem.net)","2026-08-28 00:23:09"
"1519","114 - Quintana - Juan Álvarez de Mendizábal",40.4278379,-3.7174631,43,7,14,"ES","Madrid (BiciMAD)","PBSC (publicbikesystem.net)","2026-08-28 00:23:09"
"1520","115 - Ferraz - Templo de Debod",40.4253147684179,-3.71705150552254,43,6,15,"ES","Madrid (BiciMAD)","PBSC (publicbikesystem.net)","2026-08-28 00:23:09"
"1521","116A - Plaza de España - Martín de los Heros",40.4236775,-3.7130447,38,2,15,"ES","Madrid (BiciMAD)","PBSC (publicbikesystem.net)","2026-08-28 00:23:09"
"1522","116B - Metro Plaza de España",40.423684,-3.71046,38,3,14,"ES","Madrid (BiciMAD)","PBSC (publicbikesystem.net)","2026-08-28 00:23:09"
"1523","117 - Altamirano  - Martín de los Heros",40.4309797,-3.7188898,43,8,13,"ES","Madrid (BiciMAD)","PBSC (publicbikesystem.net)","2026-08-28 00:23:09"
"1524","118 - OFICINA DEL SER, APR Y BICIREGISTRO",40.400781,-3.6882407,43,8,11,"ES","Madrid (BiciMAD)","PBSC (publicbikesystem.net)","2026-08-28 00:23:09"
"1525","119 - Méndez Álvaro",40.4012905,-3.6862653,43,8,13,"ES","Madrid (BiciMAD)","PBSC (publicbikesystem.net)","2026-08-28 00:23:09"
"1526","120 - Metro Palos de la Frontera",40.4030904514306,-3.69482510185242,47,15,10,"ES","Madrid (BiciMAD)","PBSC (publicbikesystem.net)","2026-08-28 00:23:09"
"1527","121 - Glorieta de Santa María de la Cabeza",40.4017487,-3.6986027,47,5,17,"ES","Madrid (BiciMAD)","PBSC (publicbikesystem.net)","2026-08-28 00:23:09"
"1528","122 - Santa Engracia - Zurbarán",40.4295362,-3.6963659,43,1,22,"ES","Madrid (BiciMAD)","PBSC (publicbikesystem.net)","2026-08-28 00:23:09"
"1529","123 - Metro Argüelles",40.4306458,-3.7133412,47,0,27,"ES","Madrid (BiciMAD)","PBSC (publicbikesystem.net)","2026-08-28 00:23:09"
"1530","124 - Metro Bilbao",40.430969,-3.6993695,47,0,26,"ES","Madrid (BiciMAD)","PBSC (publicbikesystem.net)","2026-08-28 00:23:09"
"1531","125 - Fdez. de la Hoz - Gral. Martínez Campos",40.4353,-3.6948,47,2,23,"ES","Madrid (BiciMAD)","PBSC (publicbikesystem.net)","2026-08-28 00:23:09"
"1532","126 - General Álvarez de Castro",40.4345976,-3.7018044,47,9,15,"ES","Madrid (BiciMAD)","PBSC (publicbikesystem.net)","2026-08-28 00:23:09"
"1533","127 - Mercado Municipal de Vallehermoso",40.4338516,-3.708439,47,5,21,"ES","Madrid (BiciMAD)","PBSC (publicbikesystem.net)","2026-08-28 00:23:09"
"1534","128 - Metro Islas Filipinas",40.4389870708697,-3.71555014601583,47,4,20,"ES","Madrid (BiciMAD)","PBSC (publicbikesystem.net)","2026-08-28 00:23:09"
"1535","129 - Metro Alonso Cano",40.4383865,-3.6982353,47,4,22,"ES","Madrid (BiciMAD)","PBSC (publicbikesystem.net)","2026-08-28 00:23:09"
"1536","130 - Metro Ríos Rosas",40.44156,-3.70164,42,4,18,"ES","Madrid (BiciMAD)","PBSC (publicbikesystem.net)","2026-08-28 00:23:09"
"1537","131 - Plaza de Juan Zorrilla",40.4417884,-3.70403123,43,3,20,"ES","Madrid (BiciMAD)","PBSC (publicbikesystem.net)","2026-08-28 00:23:09"
"1538","132 - Glorieta de Cuatro Caminos",40.4463775013149,-3.70360525041275,47,5,22,"ES","Madrid (BiciMAD)","PBSC (publicbikesystem.net)","2026-08-28 00:23:09"
"1539","133 - Raimundo Fdez. Villaverde - Dulcinea",40.447125,-3.7001669,44,1,22,"ES","Madrid (BiciMAD)","PBSC (publicbikesystem.net)","2026-08-28 00:23:09"
"1540","134 - María de Guzmán - Agustín de Betancourt",40.4441818,-3.6955687,43,1,19,"ES","Madrid (BiciMAD)","PBSC (publicbikesystem.net)","2026-08-28 00:23:09"
"1541","135 - Plaza de San Juan de la Cruz",40.441481,-3.692734,43,1,20,"ES","Madrid (BiciMAD)","PBSC (publicbikesystem.net)","2026-08-28 00:23:09"
"1543","137 - Plaza de la República Argentina",40.4454477,-3.6853377,44,0,23,"ES","Madrid (BiciMAD)","PBSC (publicbikesystem.net)","2026-08-28 00:23:09"
"1544","138 - Estación de tren Nuevos Ministerios",40.4457414,-3.6914063,63,0,22,"ES","Madrid (BiciMAD)","PBSC (publicbikesystem.net)","2026-08-28 00:23:09"
"1545","139 - José Gutiérrez Abascal - Castellana",40.4393956203312,-3.69041930727082,44,0,23,"ES","Madrid (BiciMAD)","PBSC (publicbikesystem.net)","2026-08-28 00:23:09"
"1546","140 - Velázquez - López de Hoyos",40.4387566,-3.6830583,47,4,21,"ES","Madrid (BiciMAD)","PBSC (publicbikesystem.net)","2026-08-28 00:23:09"
"1547","141 - Plaza de Emilio Castelar",40.4354047,-3.6893917,32,0,11,"ES","Madrid (BiciMAD)","PBSC (publicbikesystem.net)","2026-08-28 00:23:09"
"1548","142 - Bajo elevado de Eduardo Dato",40.4334087,-3.6879154,43,0,22,"ES","Madrid (BiciMAD)","PBSC (publicbikesystem.net)","2026-08-28 00:23:09"
"1549","186 - General Pardiñas - Don Ramón de la Cruz",40.4289804,-3.6783016,43,2,20,"ES","Madrid (BiciMAD)","PBSC (publicbikesystem.net)","2026-08-28 00:23:09"
"1550","144 - Metro Diego de León",40.4324081,-3.675556,47,5,19,"ES","Madrid (BiciMAD)","PBSC (publicbikesystem.net)","2026-08-28 00:23:09"
"1551","145 - Ortega y Gasset 87",40.429887,-3.6712823,43,1,20,"ES","Madrid (BiciMAD)","PBSC (publicbikesystem.net)","2026-08-28 00:23:09"
"1552","146 - María Francisca, 3",40.4442541,-3.6788499,39,1,18,"ES","Madrid (BiciMAD)","PBSC (publicbikesystem.net)","2026-08-28 00:23:09"
"1553","147 - Doctor Arce 45",40.4484,-3.6794,43,4,16,"ES","Madrid (BiciMAD)","PBSC (publicbikesystem.net)","2026-08-28 00:23:09"
"1554","148 - Serrano 210",40.451117,-3.6813971,43,0,22,"ES","Madrid (BiciMAD)","PBSC (publicbikesystem.net)","2026-08-28 00:23:09"
"1555","149 - Plaza de Quito",40.4498515,-3.6879303,43,0,23,"ES","Madrid (BiciMAD)","PBSC (publicbikesystem.net)","2026-08-28 00:23:09"
"1557","151 - Orense 12",40.4488122495199,-3.69535926501237,47,0,24,"ES","Madrid (BiciMAD)","PBSC (publicbikesystem.net)","2026-08-28 00:23:09"
"1558","152 - General Perón, 4",40.4525,-3.6989,43,4,19,"ES","Madrid (BiciMAD)","PBSC (publicbikesystem.net)","2026-08-28 00:23:09"
"1559","153 - General Perón - Poeta Joan Maragall",40.4523,-3.6936,43,0,21,"ES","Madrid (BiciMAD)","PBSC (publicbikesystem.net)","2026-08-28 00:23:09"
"1560","154 - Orense 36",40.4548456,-3.6946218,44,5,18,"ES","Madrid (BiciMAD)","PBSC (publicbikesystem.net)","2026-08-28 00:23:09"
"1561","155 - San Germán 57",40.4573342300643,-3.7009301901783,43,12,10,"ES","Madrid (BiciMAD)","PBSC (publicbikesystem.net)","2026-08-28 00:23:09"
"1562","156 - Sor Ángela de la Cruz-Paseo Castellana",40.4592351,-3.691533,44,1,21,"ES","Madrid (BiciMAD)","PBSC (publicbikesystem.net)","2026-08-28 00:23:09"
"1564","158 - Alberto Alcocer - Padre Damián",40.4585318,-3.684715,43,0,22,"ES","Madrid (BiciMAD)","PBSC (publicbikesystem.net)","2026-08-28 00:23:09"
"1565","159 - Paseo de la Habana 63",40.4543852,-3.6835926,43,3,19,"ES","Madrid (BiciMAD)","PBSC (publicbikesystem.net)","2026-08-28 00:23:09"
"1566","160 - Metro Colombia",40.4572466,-3.6763439,44,2,20,"ES","Madrid (BiciMAD)","PBSC (publicbikesystem.net)","2026-08-28 00:23:09"
"1567","161 - Intercambiador de Príncipe Pío A",40.4221924741655,-3.72209932140904,177,5,20,"ES","Madrid (BiciMAD)","PBSC (publicbikesystem.net)","2026-08-28 00:23:09"
"1568","162 - Metro Pirámides",40.4034968,-3.7105765,43,10,13,"ES","Madrid (BiciMAD)","PBSC (publicbikesystem.net)","2026-08-28 00:23:09"
"1569","163 - Metro Acacias",40.4037586,-3.706445,39,5,12,"ES","Madrid (BiciMAD)","PBSC (publicbikesystem.net)","2026-08-28 00:23:09"
"1570","164 - Paseo de las Delicias - Tomás Bretón",40.39723,-3.69461,47,23,1,"ES","Madrid (BiciMAD)","PBSC (publicbikesystem.net)","2026-08-28 00:23:09"
"1571","165 - Entrada Matadero - Paseo de la Chopera",40.392888,-3.697596,63,21,22,"ES","Madrid (BiciMAD)","PBSC (publicbikesystem.net)","2026-08-28 00:23:09"
"1572","166 - Viaducto de Segovia",40.4139047323538,-3.71337702331351,46,1,24,"ES","Madrid (BiciMAD)","PBSC (publicbikesystem.net)","2026-08-28 00:23:09"
"1573","167 - Segovia 45",40.4137477074221,-3.71748917032373,177,7,17,"ES","Madrid (BiciMAD)","PBSC (publicbikesystem.net)","2026-08-28 00:23:09"
"1574","168 - Santa María Cabeza - Batalla del Salado",40.4046,-3.6959,63,18,3,"ES","Madrid (BiciMAD)","PBSC (publicbikesystem.net)","2026-08-28 00:23:09"
"1575","169 - Glorieta de Pirámides",40.401589,-3.713823,124,13,8,"ES","Madrid (BiciMAD)","PBSC (publicbikesystem.net)","2026-08-28 00:23:09"
"1576","170 - Paseo de la Esperanza, 21",40.4010554,-3.7043956,44,11,11,"ES","Madrid (BiciMAD)","PBSC (publicbikesystem.net)","2026-08-28 00:23:09"
"1577","171 - Embajadores-Cáceres",40.3997013,-3.6984023,47,15,10,"ES","Madrid (BiciMAD)","PBSC (publicbikesystem.net)","2026-08-28 00:23:09"
"1578","172 - Estación de tren de Delicias",40.4008279,-3.6934926,43,4,17,"ES","Madrid (BiciMAD)","PBSC (publicbikesystem.net)","2026-08-28 00:23:09"
"1579","173 - Paseo Esperanza - Santa María Cabeza",40.3983467,-3.7024839,44,12,10,"ES","Madrid (BiciMAD)","PBSC (publicbikesystem.net)","2026-08-28 00:23:09"
"1580","174 - Paseo de las Yeserías, 45",40.3974295830636,-3.70652588465576,47,22,3,"ES","Madrid (BiciMAD)","PBSC (publicbikesystem.net)","2026-08-28 00:23:09"
"1581","175 - Jaime el Conquistador - Divino Vallés",40.3962264,-3.69834452,39,9,7,"ES","Madrid (BiciMAD)","PBSC (publicbikesystem.net)","2026-08-28 00:23:09"
"1583","177 - Metro Legazpi",40.3914470856788,-3.69418763743439,43,17,5,"ES","Madrid (BiciMAD)","PBSC (publicbikesystem.net)","2026-08-28 00:23:09"
"1584","178 - Junta Municipal Distrito de Retiro",40.4029202,-3.6788343,44,21,0,"ES","Madrid (BiciMAD)","PBSC (publicbikesystem.net)","2026-08-28 00:23:09"
"1585","179 - Metro Puente de Vallecas",40.3979273,-3.6692724,38,14,2,"ES","Madrid (BiciMAD)","PBSC (publicbikesystem.net)","2026-08-28 00:23:09"
"1586","180 - Estación Sur Méndez Álvaro B",40.3940423,-3.67589,43,3,18,"ES","Madrid (BiciMAD)","PBSC (publicbikesystem.net)","2026-08-28 00:23:09"
"1587","181 - Ibiza - Narváez",40.4181693266533,-3.67644354047547,47,1,26,"ES","Madrid (BiciMAD)","PBSC (publicbikesystem.net)","2026-08-28 00:23:09"
"1588","182 - Parque Roma",40.4186666,-3.6657777,43,10,10,"ES","Madrid (BiciMAD)","PBSC (publicbikesystem.net)","2026-08-28 00:23:09"
"1589","183 - Hermosilla - Doctor Esquerdo",40.425635,-3.669339,43,1,21,"ES","Madrid (BiciMAD)","PBSC (publicbikesystem.net)","2026-08-28 00:23:09"
"1590","184 - Marqués de Zafra, 24",40.426,-3.6653055,44,17,6,"ES","Madrid (BiciMAD)","PBSC (publicbikesystem.net)","2026-08-28 00:23:09"
"1591","185 - Parque Quinta de la Fuente del Berro",40.4250833,-3.6615277,44,4,19,"ES","Madrid (BiciMAD)","PBSC (publicbikesystem.net)","2026-08-28 00:23:09"
"1592","143 - Diego de León - General Pardiñas",40.434676,-3.6780802,43,8,13,"ES","Madrid (BiciMAD)","PBSC (publicbikesystem.net)","2026-08-28 00:23:09"
"1593","187 - Alejandro González - Alcalá",40.4301326,-3.6638249,43,0,22,"ES","Madrid (BiciMAD)","PBSC (publicbikesystem.net)","2026-08-28 00:23:09"
"1594","188 - Puente de Ventas",40.4312562,-3.6590286,47,8,19,"ES","Madrid (BiciMAD)","PBSC (publicbikesystem.net)","2026-08-28 00:23:09"
"1595","189 - Virgen de la Alegría",40.4351256,-3.6554918,43,17,3,"ES","Madrid (BiciMAD)","PBSC (publicbikesystem.net)","2026-08-28 00:23:09"
"1596","190 - Velázquez - Diego de León",40.4343053,-3.6833753,43,10,13,"ES","Madrid (BiciMAD)","PBSC (publicbikesystem.net)","2026-08-28 00:23:09"
"1597","191 - Metro Diego de León",40.4345693871426,-3.67407778406144,39,2,16,"ES","Madrid (BiciMAD)","PBSC (publicbikesystem.net)","2026-08-28 00:23:09"
"1598","192 - Avda. de los Toreros - Fco. Silvela",40.4318264644687,-3.67146771838531,47,1,25,"ES","Madrid (BiciMAD)","PBSC (publicbikesystem.net)","2026-08-28 00:23:09"
"1599","193 - Plaza de las Ventas",40.4324722,-3.6655555,47,1,23,"ES","Madrid (BiciMAD)","PBSC (publicbikesystem.net)","2026-08-28 00:23:09"
"1600","194 - Intercambiador de Avenida de América",40.4372638,-3.6771535,44,5,18,"ES","Madrid (BiciMAD)","PBSC (publicbikesystem.net)","2026-08-28 00:23:09"
"1601","195 - Indalecio Hernández - Mataelpino",40.4392222,-3.6754444,44,2,19,"ES","Madrid (BiciMAD)","PBSC (publicbikesystem.net)","2026-08-28 00:23:09"
"1602","196 - Metro Prosperidad",40.4442237,-3.6752218,39,14,2,"ES","Madrid (BiciMAD)","PBSC (publicbikesystem.net)","2026-08-28 00:23:09"
"1603","197 - Parque de Berlín",40.4516059,-3.677916,43,0,20,"ES","Madrid (BiciMAD)","PBSC (publicbikesystem.net)","2026-08-28 00:23:09"
"1604","198 - Metro Rubén Darío",40.432,-3.6891,43,1,21,"ES","Madrid (BiciMAD)","PBSC (publicbikesystem.net)","2026-08-28 00:23:09"
"1605","199 - Fernando el Católico, 61",40.4343611,-3.7149166,47,7,18,"ES","Madrid (BiciMAD)","PBSC (publicbikesystem.net)","2026-08-28 00:23:09"
"1606","200 - Metro Quevedo",40.4337536058592,-3.70457898115854,44,2,22,"ES","Madrid (BiciMAD)","PBSC (publicbikesystem.net)","2026-08-28 00:23:09"
"1607","201 - Metro Canal",40.4386944,-3.7038333,43,0,20,"ES","Madrid (BiciMAD)","PBSC (publicbikesystem.net)","2026-08-28 00:23:09"
"1608","202 - Parque de Santander",40.4413,-3.7083,47,2,22,"ES","Madrid (BiciMAD)","PBSC (publicbikesystem.net)","2026-08-28 00:23:09"
"1609","203 - General Ampudia - San Francisco Sales",40.44175,-3.7144722,44,0,20,"ES","Madrid (BiciMAD)","PBSC (publicbikesystem.net)","2026-08-28 00:23:09"
"1610","204 - Doctor Santero - Bravo Murillo",40.4476488,-3.7040397,43,7,14,"ES","Madrid (BiciMAD)","PBSC (publicbikesystem.net)","2026-08-28 00:23:09"
"1611","205 - Metro Estrecho",40.4535,-3.7032777,43,4,16,"ES","Madrid (BiciMAD)","PBSC (publicbikesystem.net)","2026-08-28 00:23:09"
"1612","206 - Metro Tetuán",40.46088,-3.69895,39,3,14,"ES","Madrid (BiciMAD)","PBSC (publicbikesystem.net)","2026-08-28 00:23:09"
"1613","207 - Plaza de la Remonta",40.4630443,-3.6973352,39,1,18,"ES","Madrid (BiciMAD)","PBSC (publicbikesystem.net)","2026-08-28 00:23:09"
"1614","208 - Intercambiador de Plaza de Castilla",40.4662811,-3.6890611,38,0,18,"ES","Madrid (BiciMAD)","PBSC (publicbikesystem.net)","2026-08-28 00:23:09"
"1615","209 - Plaza de Castilla - Fundación Canal",40.4657,-3.6887,44,2,21,"ES","Madrid (BiciMAD)","PBSC (publicbikesystem.net)","2026-08-28 00:23:09"
"1616","210 - Calle de las Tres Cruces - Gran Vía",40.4196518,-3.7027164,47,0,26,"ES","Madrid (BiciMAD)","PBSC (publicbikesystem.net)","2026-08-28 00:23:09"
"1617","211 - Desengaño - Valverde",40.42059,-3.70239,43,0,23,"ES","Madrid (BiciMAD)","PBSC (publicbikesystem.net)","2026-08-28 00:23:09"
"1618","212 - Metro Marqués de Vadillo",40.398247,-3.716591,47,24,1,"ES","Madrid (BiciMAD)","PBSC (publicbikesystem.net)","2026-08-28 00:23:09"
"1619","213 - Glorieta de Cádiz",40.3889918,-3.7002247,43,2,20,"ES","Madrid (BiciMAD)","PBSC (publicbikesystem.net)","2026-08-28 00:23:09"
"1621","215 - Gutierre de Cetina - Ascao",40.429588,-3.6408093,43,21,1,"ES","Madrid (BiciMAD)","PBSC (publicbikesystem.net)","2026-08-28 00:23:09"
"1622","216 - Plaza de Puerta del Ángel",40.4141,-3.72897,177,21,3,"ES","Madrid (BiciMAD)","PBSC (publicbikesystem.net)","2026-08-28 00:23:09"
"1623","217 - Hospital Universitario La Paz",40.480884,-3.6890758,43,6,16,"ES","Madrid (BiciMAD)","PBSC (publicbikesystem.net)","2026-08-28 00:23:09"
"1624","218 - Camino de los Vinateros A",40.4105478,-3.6572967,43,0,19,"ES","Madrid (BiciMAD)","PBSC (publicbikesystem.net)","2026-08-28 00:23:09"
"1625","219 - Camino de los Vinateros B",40.4083593,-3.6467338,42,2,16,"ES","Madrid (BiciMAD)","PBSC (publicbikesystem.net)","2026-08-28 00:23:09"
"1626","220 - Plaza del Encuentro",40.406156,-3.651384,44,0,23,"ES","Madrid (BiciMAD)","PBSC (publicbikesystem.net)","2026-08-28 00:23:09"
"1627","221 - Metro Pavones",40.4004920266606,-3.63474447873225,43,0,20,"ES","Madrid (BiciMAD)","PBSC (publicbikesystem.net)","2026-08-28 00:23:09"
"1628","222 - Eugenio Caxes - Antonio López",40.3917871,-3.7026789,43,0,21,"ES","Madrid (BiciMAD)","PBSC (publicbikesystem.net)","2026-08-28 00:23:09"
"1629","223 - Ermita del Santo",40.406448,-3.724576,47,19,2,"ES","Madrid (BiciMAD)","PBSC (publicbikesystem.net)","2026-08-28 00:23:09"
"1630","224 - Parque de Caramuel",40.409,-3.7287,47,15,9,"ES","Madrid (BiciMAD)","PBSC (publicbikesystem.net)","2026-08-28 00:23:09"
"1631","225 - Sierra Toledana - Doctor Lozano",40.402506,-3.660345,44,24,0,"ES","Madrid (BiciMAD)","PBSC (publicbikesystem.net)","2026-08-28 00:23:09"
"1632","226 - Sierra Toledana - Camino de Valderribas",40.3990153150707,-3.66077686780377,43,21,0,"ES","Madrid (BiciMAD)","PBSC (publicbikesystem.net)","2026-08-28 00:23:09"
"1633","227 - Arroyo del Olivar",40.3938297792034,-3.66593624293564,124,22,0,"ES","Madrid (BiciMAD)","PBSC (publicbikesystem.net)","2026-08-28 00:23:09"
"1634","228 - San Delfín - Antonio López",40.3944060795956,-3.70804297284456,38,13,2,"ES","Madrid (BiciMAD)","PBSC (publicbikesystem.net)","2026-08-28 00:23:09"
"1635","229 - Centro Deportivo Municipal Concepción",40.4369378,-3.6486508,43,21,2,"ES","Madrid (BiciMAD)","PBSC (publicbikesystem.net)","2026-08-28 00:23:09"
"1636","230 - Carlota O´Neill - Agastia",40.4436792,-3.6488254,44,12,11,"ES","Madrid (BiciMAD)","PBSC (publicbikesystem.net)","2026-08-28 00:23:09"
"1637","231 - Derechos Humanos - Verdaguer y García",40.4398283,-3.6557193,24,0,24,"ES","Madrid (BiciMAD)","PBSC (publicbikesystem.net)","2026-08-28 00:23:09"
"1638","232 - José María de Pereda - Alcalá",40.4327663,-3.6486169,47,14,12,"ES","Madrid (BiciMAD)","PBSC (publicbikesystem.net)","2026-08-28 00:23:09"
"1639","233 - El dragón de La Elipa",40.4229522,-3.6555789,44,22,0,"ES","Madrid (BiciMAD)","PBSC (publicbikesystem.net)","2026-08-28 00:23:09"
"1640","234 - Metro La Elipa",40.4261278,-3.6510917,44,22,0,"ES","Madrid (BiciMAD)","PBSC (publicbikesystem.net)","2026-08-28 00:23:09"
"1641","235 - Sodio - Embajadores",40.389041,-3.691076,63,1,21,"ES","Madrid (BiciMAD)","PBSC (publicbikesystem.net)","2026-08-28 00:23:09"
"1642","236 - Paseo Imperial",40.4075794,-3.7170785,47,24,1,"ES","Madrid (BiciMAD)","PBSC (publicbikesystem.net)","2026-08-28 00:23:09"
"1644","238 - San Germán, 5",40.4561825,-3.6932611,44,0,22,"ES","Madrid (BiciMAD)","PBSC (publicbikesystem.net)","2026-08-28 00:23:09"
"1645","239 - Francos Rodríguez - José Calvo",40.4567132,-3.7078331,43,8,14,"ES","Madrid (BiciMAD)","PBSC (publicbikesystem.net)","2026-08-28 00:23:09"
"1646","240 - Brasilia - Parque Breogán",40.43666,-3.66096,43,3,20,"ES","Madrid (BiciMAD)","PBSC (publicbikesystem.net)","2026-08-28 00:23:09"
"1647","241 - Camilo José Cela",40.4378,-3.66779,43,3,20,"ES","Madrid (BiciMAD)","PBSC (publicbikesystem.net)","2026-08-28 00:23:09"
"1648","242 - Metro Parque de las Avenidas",40.439513,-3.662928,43,11,11,"ES","Madrid (BiciMAD)","PBSC (publicbikesystem.net)","2026-08-28 00:23:09"
"1649","243 - Cartagena",40.43503,-3.67012,43,4,16,"ES","Madrid (BiciMAD)","PBSC (publicbikesystem.net)","2026-08-28 00:23:09"
"1650","244 - Hospital Clínico San Carlos",40.44003,-3.71757,43,0,21,"ES","Madrid (BiciMAD)","PBSC (publicbikesystem.net)","2026-08-28 00:23:09"
"1651","245 - Galileo - Donoso Cortés",40.4363637,-3.7101381,44,4,19,"ES","Madrid (BiciMAD)","PBSC (publicbikesystem.net)","2026-08-28 00:23:09"
"1652","246 - Metro Iglesia",40.4359578814978,-3.69924847240466,47,7,20,"ES","Madrid (BiciMAD)","PBSC (publicbikesystem.net)","2026-08-28 00:23:09"
"1653","247 - Zurbano - José Abascal",40.43837,-3.69281,43,0,21,"ES","Madrid (BiciMAD)","PBSC (publicbikesystem.net)","2026-08-28 00:23:09"
"1654","248 - Sinesio Delgado - Cuatro Torres ",40.4743209,-3.6879973,47,0,27,"ES","Madrid (BiciMAD)","PBSC (publicbikesystem.net)","2026-08-28 00:23:09"
"1655","249 - Castellana - Cuatro Torres",40.4764587864451,-3.68541918283806,44,1,20,"ES","Madrid (BiciMAD)","PBSC (publicbikesystem.net)","2026-08-28 00:23:09"
"1656","250 - Serrano - CSIC",40.4406491,-3.6858096,47,1,25,"ES","Madrid (BiciMAD)","PBSC (publicbikesystem.net)","2026-08-28 00:23:09"
"1657","251 - Santa Hortensia - Corazón de María",40.44421,-3.66683,43,10,11,"ES","Madrid (BiciMAD)","PBSC (publicbikesystem.net)","2026-08-28 00:23:09"
"1658","252 - Est. tren Chamartín - Clara Campoamor",40.4717403,-3.6839695,43,2,20,"ES","Madrid (BiciMAD)","PBSC (publicbikesystem.net)","2026-08-28 00:23:09"
"1659","253 - Doctor Fleming - Estadio S. Bernabéu",40.45546,-3.68844,39,1,18,"ES","Madrid (BiciMAD)","PBSC (publicbikesystem.net)","2026-08-28 00:23:09"
"1660","254 - Plaza del Perú",40.461,-3.67656,43,2,20,"ES","Madrid (BiciMAD)","PBSC (publicbikesystem.net)","2026-08-28 00:23:09"
"1661","255 - General López Pozas - Apolonio Morales",40.46361,-3.685292,43,1,22,"ES","Madrid (BiciMAD)","PBSC (publicbikesystem.net)","2026-08-28 00:23:09"
"1662","256 - Reina Victoria - Beatriz de Bobadilla",40.44635,-3.71383,43,4,18,"ES","Madrid (BiciMAD)","PBSC (publicbikesystem.net)","2026-08-28 00:23:09"
"1663","257 - Ciudad Universitaria - INEF",40.438873,-3.730527,83,5,15,"ES","Madrid (BiciMAD)","PBSC (publicbikesystem.net)","2026-08-28 00:23:09"
"1664","258 - Metro Ciudad Universitaria A",40.444311,-3.726939,84,0,23,"ES","Madrid (BiciMAD)","PBSC (publicbikesystem.net)","2026-08-28 00:23:09"
"1665","259 - Metro Ciudad Universitaria B",40.4427052844946,-3.72675200416031,79,3,13,"ES","Madrid (BiciMAD)","PBSC (publicbikesystem.net)","2026-08-28 00:23:09"
"1666","260 - Ciudad Universitaria - Fac. de Biología",40.4483322,-3.7272945,84,10,13,"ES","Madrid (BiciMAD)","PBSC (publicbikesystem.net)","2026-08-28 00:23:09"
"1667","261 - Ciudad Universitaria - Facultad Derecho",40.4505516,-3.7296756,83,6,16,"ES","Madrid (BiciMAD)","PBSC (publicbikesystem.net)","2026-08-28 00:23:09"
"1951","384 - Metro Usera",40.38707469,-3.7061449,43,20,1,"ES","Madrid (BiciMAD)","PBSC (publicbikesystem.net)","2026-08-28 00:23:09"
"1952","388 - Estación tren - Hospital 12 de Octubre",40.37837955,-3.70041478,43,9,14,"ES","Madrid (BiciMAD)","PBSC (publicbikesystem.net)","2026-08-28 00:23:09"
"1953","385 - Estación de tren Orcasitas",40.36721104,-3.70388671,43,5,15,"ES","Madrid (BiciMAD)","PBSC (publicbikesystem.net)","2026-08-28 00:23:09"
"1954","387 - Isabelita Usera, 44",40.38272256,-3.70773972,43,11,12,"ES","Madrid (BiciMAD)","PBSC (publicbikesystem.net)","2026-08-28 00:23:09"
"1955","383 - Metro San Fermín-Orcasur",40.3700017,-3.6939702,53,2,21,"ES","Madrid (BiciMAD)","PBSC (publicbikesystem.net)","2026-08-28 00:23:09"
"1956","386 - Avenida de los Poblados, 130",40.37347443,-3.71331521,43,12,9,"ES","Madrid (BiciMAD)","PBSC (publicbikesystem.net)","2026-08-28 00:23:09"
"1957","476 - Metro Avenida de la Paz",40.453493,-3.662016,43,3,19,"ES","Madrid (BiciMAD)","PBSC (publicbikesystem.net)","2026-08-28 00:23:09"
"1958","477 - Metro Ciudad Lineal",40.438278,-3.638904,43,2,19,"ES","Madrid (BiciMAD)","PBSC (publicbikesystem.net)","2026-08-28 00:23:09"
"1959","478 - José del Hierro - Misterios",40.44152084,-3.6410572,43,0,23,"ES","Madrid (BiciMAD)","PBSC (publicbikesystem.net)","2026-08-28 00:23:09"
"1960","479 - Metro Arturo Soria",40.4547836229588,-3.6558371312828,47,0,26,"ES","Madrid (BiciMAD)","PBSC (publicbikesystem.net)","2026-08-28 00:23:09"
"1961","480 - Vicente Muzas - Arturo Soria",40.45903315,-3.66044255,43,5,18,"ES","Madrid (BiciMAD)","PBSC (publicbikesystem.net)","2026-08-28 00:23:09"
"1962","481 - Diego Ayllón - Arturo Soria",40.45117857,-3.65219063,43,1,22,"ES","Madrid (BiciMAD)","PBSC (publicbikesystem.net)","2026-08-28 00:23:09"
"1963","554 - Metro El Capricho",40.453,-3.5941,47,2,24,"ES","Madrid (BiciMAD)","PBSC (publicbikesystem.net)","2026-08-28 00:23:09"
"1964","284 - Avenida de Burgos, 17",40.4735938788893,-3.67579002943039,43,3,17,"ES","Madrid (BiciMAD)","PBSC (publicbikesystem.net)","2026-08-28 00:23:09"
"1965","482 - Metro Pueblo Nuevo",40.4356873,-3.6423386,43,7,16,"ES","Madrid (BiciMAD)","PBSC (publicbikesystem.net)","2026-08-28 00:23:09"
"1966","483 - Marcelino Álvarez - Daroca",40.4297428,-3.6534324,43,19,3,"ES","Madrid (BiciMAD)","PBSC (publicbikesystem.net)","2026-08-28 00:23:09"
"1967","484 - Metro García Noblejas",40.42893071,-3.632389,43,23,0,"ES","Madrid (BiciMAD)","PBSC (publicbikesystem.net)","2026-08-28 00:23:09"
"1968","523 - Carretera de Canillas",40.4628701,-3.65089253,43,2,21,"ES","Madrid (BiciMAD)","PBSC (publicbikesystem.net)","2026-08-28 00:23:09"
"1969","285 - Santa María Magdalena - La Drácena",40.4631,-3.6706,43,0,22,"ES","Madrid (BiciMAD)","PBSC (publicbikesystem.net)","2026-08-28 00:23:09"
"1970","286 - Plaza Duque de Pastrana ",40.4679,-3.6779,43,2,18,"ES","Madrid (BiciMAD)","PBSC (publicbikesystem.net)","2026-08-28 00:23:09"
"1971","287 - Metro Bambú",40.4765,-3.6762,43,1,22,"ES","Madrid (BiciMAD)","PBSC (publicbikesystem.net)","2026-08-28 00:23:09"
"1972","288 - Caídos de la División Azul",40.4664,-3.6723,43,0,23,"ES","Madrid (BiciMAD)","PBSC (publicbikesystem.net)","2026-08-28 00:23:09"
"1973","524 - Glorieta Luis Rosales",40.4673,-3.6543,43,6,17,"ES","Madrid (BiciMAD)","PBSC (publicbikesystem.net)","2026-08-28 00:23:09"
"1974","460 - Fuente Carrantona - Doctor García Tapia",40.4070216,-3.63192261,47,8,16,"ES","Madrid (BiciMAD)","PBSC (publicbikesystem.net)","2026-08-28 00:23:09"
"1975","455 - Luis de Hoyos Sainz,  198",40.400094,-3.62927465,43,1,21,"ES","Madrid (BiciMAD)","PBSC (publicbikesystem.net)","2026-08-28 00:23:09"
"1976","456 - Encomienda de Palacios, 8",40.4005,-3.6464,43,20,0,"ES","Madrid (BiciMAD)","PBSC (publicbikesystem.net)","2026-08-28 00:23:09"
"1977","416 - Ramírez Tomé",40.388756181039,-3.64597393617631,47,3,24,"ES","Madrid (BiciMAD)","PBSC (publicbikesystem.net)","2026-08-28 00:23:09"
"1978","417 - Romeo y Julieta, 13",40.37873799,-3.66217563,47,3,21,"ES","Madrid (BiciMAD)","PBSC (publicbikesystem.net)","2026-08-28 00:23:09"
"1979","418 - Puerto de Arlabán - San Diego",40.3864,-3.6675,47,23,2,"ES","Madrid (BiciMAD)","PBSC (publicbikesystem.net)","2026-08-28 00:23:09"
"1980","496 - Cronos",40.4384695,-3.6194333,47,4,20,"ES","Madrid (BiciMAD)","PBSC (publicbikesystem.net)","2026-08-28 00:23:09"
"1981","501 - Metro Alsacia",40.4191,-3.6242,43,0,21,"ES","Madrid (BiciMAD)","PBSC (publicbikesystem.net)","2026-08-28 00:23:09"
"1982","498 - Metro Torre Arias",40.4431335,-3.6178317,47,8,19,"ES","Madrid (BiciMAD)","PBSC (publicbikesystem.net)","2026-08-28 00:23:09"
"1983","499 - Biblioteca Pública Municipal Canillejas",40.4466561,-3.6121996,43,19,2,"ES","Madrid (BiciMAD)","PBSC (publicbikesystem.net)","2026-08-28 00:23:09"
"1984","500 - Aracne, 17",40.445,-3.5895,47,0,24,"ES","Madrid (BiciMAD)","PBSC (publicbikesystem.net)","2026-08-28 00:23:09"
"1985","497 - Metro Suances",40.4407,-3.6274,43,1,21,"ES","Madrid (BiciMAD)","PBSC (publicbikesystem.net)","2026-08-28 00:23:09"
"1986","265 - Puerto Serrano - Embajadores",40.385412,-3.688461,43,18,5,"ES","Madrid (BiciMAD)","PBSC (publicbikesystem.net)","2026-08-28 00:23:09"
"1987","351 - Comandante Fontanes - General Ricardos",40.3951415,-3.7211209,43,19,0,"ES","Madrid (BiciMAD)","PBSC (publicbikesystem.net)","2026-08-28 00:23:09"
"1988","350 - Ervigio - Amalarico",40.3947,-3.7315,43,21,2,"ES","Madrid (BiciMAD)","PBSC (publicbikesystem.net)","2026-08-28 00:23:09"
"1989","389 - Julio Merino - Pilarica",40.3831,-3.7032,43,8,15,"ES","Madrid (BiciMAD)","PBSC (publicbikesystem.net)","2026-08-28 00:23:09"
"1990","390 - Avena - Mijo",40.3773,-3.7159,43,21,0,"ES","Madrid (BiciMAD)","PBSC (publicbikesystem.net)","2026-08-28 00:23:09"
"1991","556 - Cantabria, 6",40.45462514,-3.58772201,44,6,15,"ES","Madrid (BiciMAD)","PBSC (publicbikesystem.net)","2026-08-28 00:23:09"
"1992","555 - Parque del Capricho",40.45476837,-3.59812171,47,18,7,"ES","Madrid (BiciMAD)","PBSC (publicbikesystem.net)","2026-08-28 00:23:09"
"1993","485 - Francisco Villaespesa - Ledesma",40.4293263,-3.6464629,43,23,0,"ES","Madrid (BiciMAD)","PBSC (publicbikesystem.net)","2026-08-28 00:23:09"
"1994","570 - Uni. Autónoma Madrid - Facul. Medicina",40.4815,-3.6938,47,4,23,"ES","Madrid (BiciMAD)","PBSC (publicbikesystem.net)","2026-08-28 00:23:09"
"1995","295 - Hernani - Edgar Neville",40.4481,-3.6972,43,3,17,"ES","Madrid (BiciMAD)","PBSC (publicbikesystem.net)","2026-08-28 00:23:09"
"1996","296 - Costa Verde",40.469477,-3.696862,43,14,7,"ES","Madrid (BiciMAD)","PBSC (publicbikesystem.net)","2026-08-28 00:23:09"
"1997","297 - Simancas - Pinos Alta",40.4655,-3.69511298,43,4,19,"ES","Madrid (BiciMAD)","PBSC (publicbikesystem.net)","2026-08-28 00:23:09"
"1998","323 - Centro Deportivo Municipal Gallur",40.3984,-3.7359,43,19,2,"ES","Madrid (BiciMAD)","PBSC (publicbikesystem.net)","2026-08-28 00:23:09"
"1999","324 - Metro Lucero",40.4045713247517,-3.74509615211486,43,11,10,"ES","Madrid (BiciMAD)","PBSC (publicbikesystem.net)","2026-08-28 00:23:09"
"2000","457 - Hacienda de Pavones, 148",40.4026,-3.6419,43,4,16,"ES","Madrid (BiciMAD)","PBSC (publicbikesystem.net)","2026-08-28 00:23:09"
"2001","432 - Maquinilla - Tranvía Blanco",40.3807115415751,-3.63660359830116,44,10,14,"ES","Madrid (BiciMAD)","PBSC (publicbikesystem.net)","2026-08-28 00:23:09"
"2002","298 - Marques de Viana - Bellver",40.4638831,-3.705172,39,17,0,"ES","Madrid (BiciMAD)","PBSC (publicbikesystem.net)","2026-08-28 00:23:09"
"2003","437 - Metro Sierra de Guadalupe",40.38135158,-3.62376457,52,1,22,"ES","Madrid (BiciMAD)","PBSC (publicbikesystem.net)","2026-08-28 00:23:09"
"2004","358 - Verdad",40.391787,-3.71716,43,16,6,"ES","Madrid (BiciMAD)","PBSC (publicbikesystem.net)","2026-08-28 00:23:09"
"2005","352 - Algorta  - General Ricardos",40.3916226145471,-3.72745169,103,3,20,"ES","Madrid (BiciMAD)","PBSC (publicbikesystem.net)","2026-08-28 00:23:09"
"2006","492 - Metro La Almudena",40.42466356,-3.63949891,44,20,3,"ES","Madrid (BiciMAD)","PBSC (publicbikesystem.net)","2026-08-28 00:23:09"
"2007","322 - Ps. Jesuitas - Mercado Alto Extremadura",40.408,-3.7351,47,27,0,"ES","Madrid (BiciMAD)","PBSC (publicbikesystem.net)","2026-08-28 00:23:09"
"2008","392 - Metro Almendrales",40.38268,-3.697856,43,6,17,"ES","Madrid (BiciMAD)","PBSC (publicbikesystem.net)","2026-08-28 00:23:09"
"2009","420 - Candilejas, 5",40.38263599,-3.66300383,43,8,10,"ES","Madrid (BiciMAD)","PBSC (publicbikesystem.net)","2026-08-28 00:23:09"
"2010","419 - Estación de tren de El Pozo",40.3762374,-3.655868,47,1,19,"ES","Madrid (BiciMAD)","PBSC (publicbikesystem.net)","2026-08-28 00:23:09"
"2011","439 - Cabeza Mesada - Parque de Valdeperdices",40.37647902,-3.629413,47,24,1,"ES","Madrid (BiciMAD)","PBSC (publicbikesystem.net)","2026-08-28 00:23:09"
"2012","398 - Orovilla - Felicidad",40.3587,-3.6895,47,23,1,"ES","Madrid (BiciMAD)","PBSC (publicbikesystem.net)","2026-08-28 00:23:09"
"2013","569 - C. Deportivo Mpal. Vicente del Bosque",40.4795,-3.6965,43,0,23,"ES","Madrid (BiciMAD)","PBSC (publicbikesystem.net)","2026-08-28 00:23:09"
"2014","571 - Melchor Fernández Almagro - Plaza Tuy",40.4756475,-3.7103262,43,16,3,"ES","Madrid (BiciMAD)","PBSC (publicbikesystem.net)","2026-08-28 00:23:09"
"2015","304 - Valle de Mena, 5",40.46962735,-3.71527245,43,23,0,"ES","Madrid (BiciMAD)","PBSC (publicbikesystem.net)","2026-08-28 00:23:09"
"2017","268 - Metro Arganzuela-Planetario",40.393383279806,-3.68903146357517,43,22,0,"ES","Madrid (BiciMAD)","PBSC (publicbikesystem.net)","2026-08-28 00:23:09"
"2019","305 - Intercambiador de Príncipe Pío B",40.42276114,-3.72317757,43,4,17,"ES","Madrid (BiciMAD)","PBSC (publicbikesystem.net)","2026-08-28 00:23:09"
"2020","306 - Centro Deportivo Mpal Fernando Martín",40.4617959,-3.7121965,43,9,13,"ES","Madrid (BiciMAD)","PBSC (publicbikesystem.net)","2026-08-28 00:23:09"
"2021","486 - Serrano Galvache - Arturo Soria",40.471382,-3.6679379,43,2,19,"ES","Madrid (BiciMAD)","PBSC (publicbikesystem.net)","2026-08-28 00:23:09"
"2022","502 - Puertollano - Veinticinco de Septiembre",40.4425157,-3.6237372,43,1,22,"ES","Madrid (BiciMAD)","PBSC (publicbikesystem.net)","2026-08-28 00:23:09"
"2023","462 - Gallegos - Lavadero Viejo",40.40240379,-3.6102747,47,3,21,"ES","Madrid (BiciMAD)","PBSC (publicbikesystem.net)","2026-08-28 00:23:09"
"2024","421 - Arroyo del Olivar - Buenos Aires",40.388435,-3.653269,44,11,12,"ES","Madrid (BiciMAD)","PBSC (publicbikesystem.net)","2026-08-28 00:23:09"
"2025","487 - Manuel Uribe - Arturo Soria",40.46434131,-3.66503419,43,1,20,"ES","Madrid (BiciMAD)","PBSC (publicbikesystem.net)","2026-08-28 00:23:09"
"2026","422 - Travesia de Palomeras, 7",40.39017003,-3.6705179,44,23,0,"ES","Madrid (BiciMAD)","PBSC (publicbikesystem.net)","2026-08-28 00:23:09"
"2027","423 - Estación de tren Asamblea de Madrid",40.38138801,-3.66855013,44,19,3,"ES","Madrid (BiciMAD)","PBSC (publicbikesystem.net)","2026-08-28 00:23:09"
"2028","424 - Camino de Valderribas, 47",40.4002231,-3.663958,44,20,2,"ES","Madrid (BiciMAD)","PBSC (publicbikesystem.net)","2026-08-28 00:23:09"
"2029","425 - Ramón Perez Ayala - Pque. Cerro Tío Pío",40.40003472,-3.65381017,44,9,13,"ES","Madrid (BiciMAD)","PBSC (publicbikesystem.net)","2026-08-28 00:23:09"
"2030","426 - Humanes - Benjamín Palencia",40.3952121,-3.64932678,44,7,16,"ES","Madrid (BiciMAD)","PBSC (publicbikesystem.net)","2026-08-28 00:23:09"
"2031","427 - Andaluces, 2",40.3914244,-3.64148304,44,2,19,"ES","Madrid (BiciMAD)","PBSC (publicbikesystem.net)","2026-08-28 00:23:09"
"2032","428 - Estadio de Vallecas",40.3919,-3.6571,44,4,20,"ES","Madrid (BiciMAD)","PBSC (publicbikesystem.net)","2026-08-28 00:23:09"
"2033","393 - Manuel Noya , 29",40.3853787,-3.7117979,44,19,4,"ES","Madrid (BiciMAD)","PBSC (publicbikesystem.net)","2026-08-28 00:23:09"
"2034","489 - Serrano Galvache - Yerma",40.47675257,-3.67144504,44,1,23,"ES","Madrid (BiciMAD)","PBSC (publicbikesystem.net)","2026-08-28 00:23:09"
"2035","490 - Hnos.García Noblejas-FcoLargo Caballero",40.42427523,-3.62888094,44,12,10,"ES","Madrid (BiciMAD)","PBSC (publicbikesystem.net)","2026-08-28 00:23:09"
"2036","488 - Ricardo Ortiz, 33",40.42657032,-3.65796439,44,17,7,"ES","Madrid (BiciMAD)","PBSC (publicbikesystem.net)","2026-08-28 00:23:09"
"2037","525 - Metro Manoteras",40.47675499,-3.66269029,44,4,20,"ES","Madrid (BiciMAD)","PBSC (publicbikesystem.net)","2026-08-28 00:23:09"
"2038","504 - Biblioteca Pública Municipal San Blas",40.4230992857364,-3.62346693554526,44,9,15,"ES","Madrid (BiciMAD)","PBSC (publicbikesystem.net)","2026-08-28 00:23:09"
"2039","503 - Zaldívar - Valdecanillas",40.43209033,-3.62650373,44,12,12,"ES","Madrid (BiciMAD)","PBSC (publicbikesystem.net)","2026-08-28 00:23:09"
"2040","404 - Junta Municipal Distrito de Villaverde",40.349111,-3.710985,47,8,18,"ES","Madrid (BiciMAD)","PBSC (publicbikesystem.net)","2026-08-28 00:23:09"
"2041","353 - Mercedes Arteaga, 21",40.3925160800294,-3.72221757047546,44,23,1,"ES","Madrid (BiciMAD)","PBSC (publicbikesystem.net)","2026-08-28 00:23:09"
"2042","355 - Intercambiador de Plaza Elíptica",40.3854641,-3.7182338,49,6,15,"ES","Madrid (BiciMAD)","PBSC (publicbikesystem.net)","2026-08-28 00:23:09"
"2043","326 - Metro Alto de Extremadura",40.4093795032098,-3.73961578102035,44,22,1,"ES","Madrid (BiciMAD)","PBSC (publicbikesystem.net)","2026-08-28 00:23:09"
"2044","327 - El Greco, 27 - C. Cultural El Greco",40.40741199,-3.74726153,44,5,17,"ES","Madrid (BiciMAD)","PBSC (publicbikesystem.net)","2026-08-28 00:23:09"
"2045","458 - Metro Vinateros",40.40991083,-3.65256604,44,6,15,"ES","Madrid (BiciMAD)","PBSC (publicbikesystem.net)","2026-08-28 00:23:09"
"2046","459 - Moratalaz",40.40750626,-3.66000272,44,14,9,"ES","Madrid (BiciMAD)","PBSC (publicbikesystem.net)","2026-08-28 00:23:09"
"2047","461 - Plaza Corregidor Ldo. Antonio de Mena",40.4099,-3.6408,42,5,19,"ES","Madrid (BiciMAD)","PBSC (publicbikesystem.net)","2026-08-28 00:23:09"
"2048","356 - Portalegre - Tinamús",40.38937686,-3.72364769,44,23,0,"ES","Madrid (BiciMAD)","PBSC (publicbikesystem.net)","2026-08-28 00:23:09"
"2049","572 - Junta Mpal. Dtto. Fuencarral - El Pardo",40.47810429,-3.70997335,44,2,20,"ES","Madrid (BiciMAD)","PBSC (publicbikesystem.net)","2026-08-28 00:23:09"
"2050","573 - Melchor Fernández Almagro - Villa Marín",40.47772776,-3.69962571,44,9,14,"ES","Madrid (BiciMAD)","PBSC (publicbikesystem.net)","2026-08-28 00:23:09"
"2051","575 - Metro Barrio del Pilar",40.47817,-3.703526,44,7,16,"ES","Madrid (BiciMAD)","PBSC (publicbikesystem.net)","2026-08-28 00:23:09"
"2052","574 - Chantada",40.472695,-3.710678,44,18,4,"ES","Madrid (BiciMAD)","PBSC (publicbikesystem.net)","2026-08-28 00:23:09"
"2053","440 - Metro Villa de Vallecas",40.3795035,-3.62144691,38,3,13,"ES","Madrid (BiciMAD)","PBSC (publicbikesystem.net)","2026-08-28 00:23:09"
"2054","507 - Seis - Sexta",40.44845033,-3.59650295,44,5,12,"ES","Madrid (BiciMAD)","PBSC (publicbikesystem.net)","2026-08-28 00:23:09"
"2055","299 - Rosario Pino - Joan Maragall",40.46204955,-3.69193246,44,10,14,"ES","Madrid (BiciMAD)","PBSC (publicbikesystem.net)","2026-08-28 00:23:09"
"2056","300 - Capitan Blanco Argibay - Alfalfa",40.4667435,-3.7031882,44,9,15,"ES","Madrid (BiciMAD)","PBSC (publicbikesystem.net)","2026-08-28 00:23:09"
"2057","301 - Muller - Capitan Blanco Argibay",40.46518187,-3.69837565,44,4,20,"ES","Madrid (BiciMAD)","PBSC (publicbikesystem.net)","2026-08-28 00:23:09"
"2059","396 - Gran Avenida, 27",40.36997711,-3.70760649,64,17,0,"ES","Madrid (BiciMAD)","PBSC (publicbikesystem.net)","2026-08-28 00:23:09"
"2060","394 - Periana, 24",40.36672327,-3.68765805,64,22,0,"ES","Madrid (BiciMAD)","PBSC (publicbikesystem.net)","2026-08-28 00:23:09"
"2061","397 - Centro Deportivo Municipal Orcasur",40.36809336,-3.69838038,44,13,10,"ES","Madrid (BiciMAD)","PBSC (publicbikesystem.net)","2026-08-28 00:23:09"
"2062","399 - Bohemios - Gigantes y Cabezudos",40.356536,-3.693901,44,18,1,"ES","Madrid (BiciMAD)","PBSC (publicbikesystem.net)","2026-08-28 00:23:09"
"2063","430 - Torremolinos - Rafael Alberti",40.38500948,-3.64178999,44,15,7,"ES","Madrid (BiciMAD)","PBSC (publicbikesystem.net)","2026-08-28 00:23:09"
"2064","269 - Ariel - Parque Enrique Tierno Galván",40.3930238023698,-3.67970176633988,44,20,1,"ES","Madrid (BiciMAD)","PBSC (publicbikesystem.net)","2026-08-28 00:23:09"
"2065","491 - Esteban Collantes - José Arcones Gil",40.432883,-3.637663,44,12,12,"ES","Madrid (BiciMAD)","PBSC (publicbikesystem.net)","2026-08-28 00:23:09"
"2066","527 - Velacho Alto - Trinquete",40.47250314,-3.65926884,44,9,15,"ES","Madrid (BiciMAD)","PBSC (publicbikesystem.net)","2026-08-28 00:23:09"
"2067","526 - Plaza del Liceo",40.45754368,-3.64441924,44,1,21,"ES","Madrid (BiciMAD)","PBSC (publicbikesystem.net)","2026-08-28 00:23:09"
"2068","431 - Puerto Canfranc, 18",40.3969,-3.6634,44,19,4,"ES","Madrid (BiciMAD)","PBSC (publicbikesystem.net)","2026-08-28 00:23:09"
"2069","429 - Carlos M. Alvarez - Javier de Miguel",40.3895,-3.6635,43,18,4,"ES","Madrid (BiciMAD)","PBSC (publicbikesystem.net)","2026-08-28 00:23:09"
"2070","357 - Sorbe - Baleares",40.3898701,-3.71320917,64,21,0,"ES","Madrid (BiciMAD)","PBSC (publicbikesystem.net)","2026-08-28 00:23:09"
"2071","270 - Teresa L. Valcárcel - Tte. Cnel. Noreña",40.38862908,-3.69328771,44,22,0,"ES","Madrid (BiciMAD)","PBSC (publicbikesystem.net)","2026-08-28 00:23:09"
"2072","493 - Arturo Soria - San Luis",40.47636724,-3.6684167,43,3,18,"ES","Madrid (BiciMAD)","PBSC (publicbikesystem.net)","2026-08-28 00:23:09"
"2073","433 - Villalobos, 28",40.38161669,-3.65076037,64,16,8,"ES","Madrid (BiciMAD)","PBSC (publicbikesystem.net)","2026-08-28 00:23:09"
"2074","436 - Campus Sur UPM",40.3901675,-3.62713659,44,4,19,"ES","Madrid (BiciMAD)","PBSC (publicbikesystem.net)","2026-08-28 00:23:09"
"2075","434 - Charleroi - Cocherón de la Villa",40.38191654,-3.63219372,44,2,20,"ES","Madrid (BiciMAD)","PBSC (publicbikesystem.net)","2026-08-28 00:23:09"
"2076","506 - Albarracín - Julián Camarillo",40.43397327,-3.63251641,44,5,18,"ES","Madrid (BiciMAD)","PBSC (publicbikesystem.net)","2026-08-28 00:23:09"
"2077","505 - Castillo de Uclés, 37",40.4315255,-3.62306578,44,23,0,"ES","Madrid (BiciMAD)","PBSC (publicbikesystem.net)","2026-08-28 00:23:09"
"2078","435 - San Claudio",40.38902883,-3.63953994,44,5,17,"ES","Madrid (BiciMAD)","PBSC (publicbikesystem.net)","2026-08-28 00:23:09"
"2080","302 - Ps. Dirección B - Pque A. Rguez Sahagún",40.4700119631765,-3.70430636938095,44,9,14,"ES","Madrid (BiciMAD)","PBSC (publicbikesystem.net)","2026-08-28 00:23:09"
"2081","463 - Casalarreina, 18",40.409390898604,-3.61231879805246,44,9,12,"ES","Madrid (BiciMAD)","PBSC (publicbikesystem.net)","2026-08-28 00:23:09"
"2082","464 - Univ. Rey Juan Carlos - Campus Madrid",40.40634029,-3.61283416,44,6,17,"ES","Madrid (BiciMAD)","PBSC (publicbikesystem.net)","2026-08-28 00:23:09"
"2083","400 - Metro Ciudad de los Ángeles",40.36064659,-3.69399661,44,11,12,"ES","Madrid (BiciMAD)","PBSC (publicbikesystem.net)","2026-08-28 00:23:09"
"2084","307 - Metro Valdezarza",40.46588016,-3.71693008,44,8,15,"ES","Madrid (BiciMAD)","PBSC (publicbikesystem.net)","2026-08-28 00:23:09"
"2085","303 - Ps. Dirección A - Pque A. Rguez Sahagún",40.467339,-3.708215,44,4,20,"ES","Madrid (BiciMAD)","PBSC (publicbikesystem.net)","2026-08-28 00:23:09"
"2086","576 - El Ferrol, 18",40.47431313,-3.70510525,44,5,19,"ES","Madrid (BiciMAD)","PBSC (publicbikesystem.net)","2026-08-28 00:23:09"
"2087","577 - Monforte de Lemos - Plaza de Mondariz",40.47899993,-3.70566914,44,0,22,"ES","Madrid (BiciMAD)","PBSC (publicbikesystem.net)","2026-08-28 00:23:09"
"2088","309 - Ofelia Nieto - Villaamil",40.462051,-3.708734,44,17,7,"ES","Madrid (BiciMAD)","PBSC (publicbikesystem.net)","2026-08-28 00:23:09"
"2089","308 - María Auxiliadora - Francos Rodríguez",40.45772941,-3.71346147,44,4,20,"ES","Madrid (BiciMAD)","PBSC (publicbikesystem.net)","2026-08-28 00:23:09"
"2090","510 - Metro Avenida de Guadalajara",40.42218968,-3.61346199,44,9,14,"ES","Madrid (BiciMAD)","PBSC (publicbikesystem.net)","2026-08-28 00:23:09"
"2091","511 - Aquitania 31",40.41912347,-3.61726728,47,5,21,"ES","Madrid (BiciMAD)","PBSC (publicbikesystem.net)","2026-08-28 00:23:09"
"2092","512 - Semilla - Aparejadores",40.42667885,-3.61537023,44,10,13,"ES","Madrid (BiciMAD)","PBSC (publicbikesystem.net)","2026-08-28 00:23:09"
"2093","513 - Centro Deportivo Mpal. Pepu Hernández",40.4271211,-3.60645414,47,2,24,"ES","Madrid (BiciMAD)","PBSC (publicbikesystem.net)","2026-08-28 00:23:09"
"2094","514 - María Sevilla Diago",40.43283006,-3.61095077,44,7,17,"ES","Madrid (BiciMAD)","PBSC (publicbikesystem.net)","2026-08-28 00:23:09"
"2095","515 - Avenida de Hellin, 13",40.43091667,-3.61579967,44,21,3,"ES","Madrid (BiciMAD)","PBSC (publicbikesystem.net)","2026-08-28 00:23:09"
"2096","359 - El Toboso - Zaida",40.3929901,-3.7363397,43,10,12,"ES","Madrid (BiciMAD)","PBSC (publicbikesystem.net)","2026-08-28 00:23:09"
"2097","360 - Ntra. Sra. Fátima - Ntra. Sra. de Luz",40.3840155,-3.7470882,43,2,20,"ES","Madrid (BiciMAD)","PBSC (publicbikesystem.net)","2026-08-28 00:23:09"
"2098","361 - Metro Pan Bendito",40.37734672,-3.73266666,63,19,0,"ES","Madrid (BiciMAD)","PBSC (publicbikesystem.net)","2026-08-28 00:23:09"
"2099","441 - Estación de tren de Santa Eugenia",40.38600753,-3.60948153,44,12,10,"ES","Madrid (BiciMAD)","PBSC (publicbikesystem.net)","2026-08-28 00:23:09"
"2100","442 - Santa Eugenia - Zazuar",40.38305936,-3.60463,47,22,4,"ES","Madrid (BiciMAD)","PBSC (publicbikesystem.net)","2026-08-28 00:23:09"
"2101","443 - Fuentespina, 33",40.37941487,-3.60724755,44,14,9,"ES","Madrid (BiciMAD)","PBSC (publicbikesystem.net)","2026-08-28 00:23:09"
"2102","362 - Hilario Herranz Establos, 36",40.372839,-3.726638,57,4,20,"ES","Madrid (BiciMAD)","PBSC (publicbikesystem.net)","2026-08-28 00:23:09"
"2103","557 - Metro Alameda de Osuna",40.45746674,-3.58815143,44,12,9,"ES","Madrid (BiciMAD)","PBSC (publicbikesystem.net)","2026-08-28 00:23:09"
"2104","290 - Francisco Suárez - Paseo de La Habana",40.46437817,-3.67994416,43,2,20,"ES","Madrid (BiciMAD)","PBSC (publicbikesystem.net)","2026-08-28 00:23:09"
"2105","529 - Lopez de Hoyos , 478",40.47175,-3.649843,43,2,21,"ES","Madrid (BiciMAD)","PBSC (publicbikesystem.net)","2026-08-28 00:23:09"
"2106","530 - Metro Mar de Cristal",40.4685745,-3.63788349,47,0,25,"ES","Madrid (BiciMAD)","PBSC (publicbikesystem.net)","2026-08-28 00:23:09"
"2107","531 - Metro Parque de Santa María",40.4768782,-3.6450741,38,6,12,"ES","Madrid (BiciMAD)","PBSC (publicbikesystem.net)","2026-08-28 00:23:09"
"2108","532 - Metro San Lorenzo",40.47490194,-3.6395164,44,12,10,"ES","Madrid (BiciMAD)","PBSC (publicbikesystem.net)","2026-08-28 00:23:09"
"2109","533 - San Luis, 23",40.47148748,-3.65511455,43,2,21,"ES","Madrid (BiciMAD)","PBSC (publicbikesystem.net)","2026-08-28 00:23:09"
"2110","106A - Plaza de Colón A",40.424924,-3.687807,39,0,18,"ES","Madrid (BiciMAD)","PBSC (publicbikesystem.net)","2026-08-28 00:23:09"
"2111","582 - Isla Graciosa - Isla de Java",40.49262243,-3.6862657,44,22,1,"ES","Madrid (BiciMAD)","PBSC (publicbikesystem.net)","2026-08-28 00:23:09"
"2112","583 - Ángel Múgica - Marcos de Orueta",40.48468297,-3.68529048,44,19,5,"ES","Madrid (BiciMAD)","PBSC (publicbikesystem.net)","2026-08-28 00:23:09"
"2113","584 - Metro Montecarmelo",40.50501029,-3.69603345,44,2,22,"ES","Madrid (BiciMAD)","PBSC (publicbikesystem.net)","2026-08-28 00:23:09"
"2114","585 - Metro Fuencarral",40.4954662,-3.69374813,44,18,5,"ES","Madrid (BiciMAD)","PBSC (publicbikesystem.net)","2026-08-28 00:23:09"
"2115","586 - Caldas Estrach - San Cugat del Vallés",40.4963916,-3.6974725,37,8,9,"ES","Madrid (BiciMAD)","PBSC (publicbikesystem.net)","2026-08-28 00:23:09"
"2116","534 - Mesena, 102",40.46772408,-3.66340634,44,0,24,"ES","Madrid (BiciMAD)","PBSC (publicbikesystem.net)","2026-08-28 00:23:09"
"2117","273 - Delicias - General Lacy",40.40381914,-3.69091831,39,5,14,"ES","Madrid (BiciMAD)","PBSC (publicbikesystem.net)","2026-08-28 00:23:09"
"2118","587 - Metro Paco de Lucía",40.49892399,-3.70865744,47,8,18,"ES","Madrid (BiciMAD)","PBSC (publicbikesystem.net)","2026-08-28 00:23:09"
"2119","588 - Campo Calatrava - Rda Ingenioso Hidalgo",40.50052161,-3.69112254,47,9,18,"ES","Madrid (BiciMAD)","PBSC (publicbikesystem.net)","2026-08-28 00:23:09"
"2120","589 - Monast. Silos - Monast. Montesclaros",40.50340494,-3.70290315,44,3,18,"ES","Madrid (BiciMAD)","PBSC (publicbikesystem.net)","2026-08-28 00:23:09"
"2121","535 - Metro Canillas",40.463575,-3.634999,47,0,25,"ES","Madrid (BiciMAD)","PBSC (publicbikesystem.net)","2026-08-28 00:23:09"
"2122","328 - Cebreros, 97",40.4032379,-3.7521917,43,20,1,"ES","Madrid (BiciMAD)","PBSC (publicbikesystem.net)","2026-08-28 00:23:09"
"2123","329 - Metro Laguna",40.3988162,-3.74445208,43,0,21,"ES","Madrid (BiciMAD)","PBSC (publicbikesystem.net)","2026-08-28 00:23:09"
"2124","330 - Duquesa de Parcent - Marcelino Castillo",40.39500224,-3.7447281,43,11,9,"ES","Madrid (BiciMAD)","PBSC (publicbikesystem.net)","2026-08-28 00:23:09"
"2125","331 - Valmojado",40.3961456236824,-3.75753788533884,44,7,13,"ES","Madrid (BiciMAD)","PBSC (publicbikesystem.net)","2026-08-28 00:23:09"
"2126","332 - Los Yébenes, 159",40.39302789,-3.75181704,43,12,10,"ES","Madrid (BiciMAD)","PBSC (publicbikesystem.net)","2026-08-28 00:23:09"
"2127","363 - Metro Oporto",40.38745087,-3.72987333,43,0,19,"ES","Madrid (BiciMAD)","PBSC (publicbikesystem.net)","2026-08-28 00:23:09"
"2128","364 - Metro Opañel",40.38550735,-3.72378064,43,15,6,"ES","Madrid (BiciMAD)","PBSC (publicbikesystem.net)","2026-08-28 00:23:09"
"2129","536 - Boj",40.4560204,-3.6180818,43,0,19,"ES","Madrid (BiciMAD)","PBSC (publicbikesystem.net)","2026-08-28 00:23:09"
"2130","537 - Plaza López de la Plata",40.45841466,-3.62579439,47,0,24,"ES","Madrid (BiciMAD)","PBSC (publicbikesystem.net)","2026-08-28 00:23:09"
"2131","538 - Haendel, 8",40.46275082,-3.62532131,47,0,25,"ES","Madrid (BiciMAD)","PBSC (publicbikesystem.net)","2026-08-28 00:23:09"
"2132","333 - Illescas - Camarena",40.392175,-3.7562323,43,21,1,"ES","Madrid (BiciMAD)","PBSC (publicbikesystem.net)","2026-08-28 00:23:09"
"2133","365 - Palacio Vistalegre Arena",40.38537202,-3.73725908,43,10,12,"ES","Madrid (BiciMAD)","PBSC (publicbikesystem.net)","2026-08-28 00:23:09"
"2134","366 - Metro Carabanchel",40.387737,-3.744521,43,1,21,"ES","Madrid (BiciMAD)","PBSC (publicbikesystem.net)","2026-08-28 00:23:09"
"2135","291 - Plaza José María Soler",40.45866532,-3.66790332,43,5,18,"ES","Madrid (BiciMAD)","PBSC (publicbikesystem.net)","2026-08-28 00:23:09"
"2136","292 - Centro Deportivo Municipal Pradillo",40.44904126,-3.6717937,43,2,19,"ES","Madrid (BiciMAD)","PBSC (publicbikesystem.net)","2026-08-28 00:23:09"
"2137","494 - Metro Pinar de Chamartín",40.480694,-3.666529,43,1,20,"ES","Madrid (BiciMAD)","PBSC (publicbikesystem.net)","2026-08-28 00:23:09"
"2138","516 - Juan Ignacio Luca Tena - Quinta Molinos",40.44796778,-3.63110255,46,7,17,"ES","Madrid (BiciMAD)","PBSC (publicbikesystem.net)","2026-08-28 00:23:09"
"2139","368 - Eugenia de Montijo",40.3791024,-3.74706068,35,7,7,"ES","Madrid (BiciMAD)","PBSC (publicbikesystem.net)","2026-08-28 00:23:09"
"2140","369 - Junta Municipal Distrito de Carabanchel",40.3798257418401,-3.74182459881134,42,10,11,"ES","Madrid (BiciMAD)","PBSC (publicbikesystem.net)","2026-08-28 00:23:09"
"2141","370 - Avefría - Plaza de Tarifa",40.38386939,-3.7308025,43,21,0,"ES","Madrid (BiciMAD)","PBSC (publicbikesystem.net)","2026-08-28 00:23:09"
"2142","590 - Metro Arroyofresno",40.49093014,-3.72757227,47,12,13,"ES","Madrid (BiciMAD)","PBSC (publicbikesystem.net)","2026-08-28 00:23:09"
"2143","517 - San Mariano - Circe",40.44175279,-3.61190481,47,16,9,"ES","Madrid (BiciMAD)","PBSC (publicbikesystem.net)","2026-08-28 00:23:09"
"2144","518 - Tampico - Plaza Barbados",40.444569,-3.635345,43,2,20,"ES","Madrid (BiciMAD)","PBSC (publicbikesystem.net)","2026-08-28 00:23:09"
"2145","371 - Joaquin Turina, 49",40.372458,-3.76182,47,16,9,"ES","Madrid (BiciMAD)","PBSC (publicbikesystem.net)","2026-08-28 00:23:09"
"2146","372 - Lonja de la Seda, 33",40.36612215,-3.76158263,63,1,20,"ES","Madrid (BiciMAD)","PBSC (publicbikesystem.net)","2026-08-28 00:23:09"
"2147","373 - Metro La Peseta",40.36277848,-3.75787005,43,0,21,"ES","Madrid (BiciMAD)","PBSC (publicbikesystem.net)","2026-08-28 00:23:09"
"2148","374 - Dinero - La Peseta",40.3625707,-3.7501466,47,6,17,"ES","Madrid (BiciMAD)","PBSC (publicbikesystem.net)","2026-08-28 00:23:09"
"2149","375 - Calderilla, 4",40.36521132,-3.73851114,47,0,25,"ES","Madrid (BiciMAD)","PBSC (publicbikesystem.net)","2026-08-28 00:23:09"
"2150","591 - Metro Mirasierra",40.49108225,-3.71622921,39,7,11,"ES","Madrid (BiciMAD)","PBSC (publicbikesystem.net)","2026-08-28 00:23:09"
"2151","592 - Estación de tren de Pitis",40.4956969,-3.7249527,47,7,18,"ES","Madrid (BiciMAD)","PBSC (publicbikesystem.net)","2026-08-28 00:23:09"
"2152","376 - Metro Carpetana",40.39229225,-3.7405438,44,2,22,"ES","Madrid (BiciMAD)","PBSC (publicbikesystem.net)","2026-08-28 00:23:09"
"2153","377 - Metro Abrantes",40.38091762,-3.72783615,63,18,1,"ES","Madrid (BiciMAD)","PBSC (publicbikesystem.net)","2026-08-28 00:23:09"
"2154","539 - Mota del Cuervo",40.4648762,-3.63135715,44,5,18,"ES","Madrid (BiciMAD)","PBSC (publicbikesystem.net)","2026-08-28 00:23:09"
"2155","334 - Metro Campamento",40.39497294,-3.76815631,44,0,23,"ES","Madrid (BiciMAD)","PBSC (publicbikesystem.net)","2026-08-28 00:23:09"
"2156","335 - Cardaño, 10",40.39659757,-3.77057541,44,0,23,"ES","Madrid (BiciMAD)","PBSC (publicbikesystem.net)","2026-08-28 00:23:09"
"2157","519 - Troya, 11",40.43699597,-3.61191521,44,18,4,"ES","Madrid (BiciMAD)","PBSC (publicbikesystem.net)","2026-08-28 00:23:09"
"2158","378 - Eugenia de Montijo, 83",40.37562288,-3.7509733,44,4,19,"ES","Madrid (BiciMAD)","PBSC (publicbikesystem.net)","2026-08-28 00:23:09"
"2159","379 - Antonia Rodríguez Sacristán - Valeriana",40.37313777,-3.74765739,44,9,13,"ES","Madrid (BiciMAD)","PBSC (publicbikesystem.net)","2026-08-28 00:23:09"
"2160","495 - Caleruega",40.478611,-3.670476,44,1,23,"ES","Madrid (BiciMAD)","PBSC (publicbikesystem.net)","2026-08-28 00:23:09"
"2161","593 - Metro Avenida de la Ilustración",40.48027409,-3.71869067,44,22,1,"ES","Madrid (BiciMAD)","PBSC (publicbikesystem.net)","2026-08-28 00:23:09"
"2162","594 - Pedro Rico, 49",40.48194,-3.703918,44,0,22,"ES","Madrid (BiciMAD)","PBSC (publicbikesystem.net)","2026-08-28 00:23:09"
"2163","595 - Betanzos - Fermín Caballero",40.48178815,-3.7132206,44,21,1,"ES","Madrid (BiciMAD)","PBSC (publicbikesystem.net)","2026-08-28 00:23:09"
"2164","596 - Metro Lacoma",40.4855158,-3.7228461,44,12,12,"ES","Madrid (BiciMAD)","PBSC (publicbikesystem.net)","2026-08-28 00:23:09"
"2165","540 - Estación de tren Fuente de la Mora",40.4845596,-3.6636484,44,1,23,"ES","Madrid (BiciMAD)","PBSC (publicbikesystem.net)","2026-08-28 00:23:09"
"2166","336 - Calle Oliva de Plasencia, 1",40.37850071,-3.77915183,44,8,16,"ES","Madrid (BiciMAD)","PBSC (publicbikesystem.net)","2026-08-28 00:23:09"
"2167","337 - Metro Aluche",40.38614104,-3.76048923,48,0,18,"ES","Madrid (BiciMAD)","PBSC (publicbikesystem.net)","2026-08-28 00:23:09"
"2168","338 - Guareña - Luis Chamizo",40.3863623370605,-3.7653391035306,38,0,18,"ES","Madrid (BiciMAD)","PBSC (publicbikesystem.net)","2026-08-28 00:23:09"
"2169","339 - Estación de tren Las Águilas",40.38132642,-3.78061952,44,3,21,"ES","Madrid (BiciMAD)","PBSC (publicbikesystem.net)","2026-08-28 00:23:09"
"2170","597 - Foresta, 8",40.49853277,-3.66777681,43,0,22,"ES","Madrid (BiciMAD)","PBSC (publicbikesystem.net)","2026-08-28 00:23:09"
"2171","445 - C. Deportivo Mpal. Juan de Dios Román",40.36334587,-3.60503564,47,6,20,"ES","Madrid (BiciMAD)","PBSC (publicbikesystem.net)","2026-08-28 00:23:09"
"2172","599 - Instalación Deportiva La Cabrera",40.47223267,-3.71920443,47,27,0,"ES","Madrid (BiciMAD)","PBSC (publicbikesystem.net)","2026-08-28 00:23:09"
"2173","343 - Metro Aviación Española",40.38358975,-3.78339301,43,0,20,"ES","Madrid (BiciMAD)","PBSC (publicbikesystem.net)","2026-08-28 00:23:09"
"2174","344 - Ocaña, 103",40.38586273,-3.75292035,43,1,22,"ES","Madrid (BiciMAD)","PBSC (publicbikesystem.net)","2026-08-28 00:23:09"
"2175","313 - Juan XXIII, 24",40.448084,-3.7169359,47,5,21,"ES","Madrid (BiciMAD)","PBSC (publicbikesystem.net)","2026-08-28 00:23:09"
"2176","314 - Av. Valladolid - Parque de la Bombilla",40.42966,-3.73068,47,24,3,"ES","Madrid (BiciMAD)","PBSC (publicbikesystem.net)","2026-08-28 00:23:09"
"2177","315 - Caroli",40.45862,-3.784627,43,18,5,"ES","Madrid (BiciMAD)","PBSC (publicbikesystem.net)","2026-08-28 00:23:09"
"2178","316 - C. Deportivo Mpal. Ciudad De Los Poetas",40.46439687,-3.71995383,39,12,3,"ES","Madrid (BiciMAD)","PBSC (publicbikesystem.net)","2026-08-28 00:23:09"
"2179","317 - Antonio Machado, 30",40.46826955,-3.71921712,47,16,11,"ES","Madrid (BiciMAD)","PBSC (publicbikesystem.net)","2026-08-28 00:23:09"
"2180","345 - Fuente del Tiro - Avd. de las Águilas",40.38308791,-3.7798001,44,0,23,"ES","Madrid (BiciMAD)","PBSC (publicbikesystem.net)","2026-08-28 00:23:09"
"2182","449 - Metro Congosto",40.37286701,-3.61869106,44,0,24,"ES","Madrid (BiciMAD)","PBSC (publicbikesystem.net)","2026-08-28 00:23:09"
"2183","450 - Camino de las Hormigueras, 161",40.3762555,-3.6370762,44,9,15,"ES","Madrid (BiciMAD)","PBSC (publicbikesystem.net)","2026-08-28 00:23:09"
"2184","294 - Edificio Torres Blancas",40.440944,-3.672339,44,15,7,"ES","Madrid (BiciMAD)","PBSC (publicbikesystem.net)","2026-08-28 00:23:09"
"2185","604 - Metro Las Tablas",40.50910428,-3.66955215,43,3,20,"ES","Madrid (BiciMAD)","PBSC (publicbikesystem.net)","2026-08-28 00:23:09"
"2186","348 - José de Cadalso - Rafael Finat",40.37959145,-3.77024778,47,11,15,"ES","Madrid (BiciMAD)","PBSC (publicbikesystem.net)","2026-08-28 00:23:09"
"2187","438 - Biblioteca Pública Luis Martín Santos",40.3804482,-3.6140607,47,13,12,"ES","Madrid (BiciMAD)","PBSC (publicbikesystem.net)","2026-08-28 00:23:09"
"2188","451 -  La Granja de San Ildefonso, 14",40.36813427,-3.62283116,47,27,0,"ES","Madrid (BiciMAD)","PBSC (publicbikesystem.net)","2026-08-28 00:23:09"
"2189","452 - Las Suertes, 15",40.3713613,-3.6078539,43,9,14,"ES","Madrid (BiciMAD)","PBSC (publicbikesystem.net)","2026-08-28 00:23:09"
"2190","453 - Metro La Gavia",40.37043968,-3.61253028,47,13,14,"ES","Madrid (BiciMAD)","PBSC (publicbikesystem.net)","2026-08-28 00:23:09"
"2191","454 - Gran Vía del Sureste - Las Suertes",40.3631604,-3.5897045,47,7,19,"ES","Madrid (BiciMAD)","PBSC (publicbikesystem.net)","2026-08-28 00:23:09"
"2205","267 - Paseo de la Chopera - Fernando Poo",40.395,-3.70039966472387,43,1,20,"ES","Madrid (BiciMAD)","PBSC (publicbikesystem.net)","2026-08-28 00:23:09"
"2207","391 - Junta Municipal Distrito de Usera",40.3817026328731,-3.7112962209015,43,21,0,"ES","Madrid (BiciMAD)","PBSC (publicbikesystem.net)","2026-08-28 00:23:09"
"2214","580 - Metro Herrera Oria",40.483289,-3.706089,43,1,22,"ES","Madrid (BiciMAD)","PBSC (publicbikesystem.net)","2026-08-28 00:23:09"
"2224","150 - Castellana - Hermanos Pinzón",40.4491,-3.6908,43,0,23,"ES","Madrid (BiciMAD)","PBSC (publicbikesystem.net)","2026-08-28 00:23:09"
"2225","157 - Plaza de Cuzco",40.4591366,-3.6894151,43,0,23,"ES","Madrid (BiciMAD)","PBSC (publicbikesystem.net)","2026-08-28 00:23:09"
"2226","395 - Guetaria, 84B",40.36916772,-3.71569102,44,16,4,"ES","Madrid (BiciMAD)","PBSC (publicbikesystem.net)","2026-08-28 00:23:09"
"2233","548 - Eduardo Mazón - Guadalajara",40.4521484,-3.6154157,43,8,12,"ES","Madrid (BiciMAD)","PBSC (publicbikesystem.net)","2026-08-28 00:23:09"
"2234","293 - Santa Rita - Clara del Rey",40.4457928,-3.6682882,43,7,15,"ES","Madrid (BiciMAD)","PBSC (publicbikesystem.net)","2026-08-28 00:23:09"
"2235","520 - Niza - Plaza de Grecia",40.4342806,-3.60811578,43,0,22,"ES","Madrid (BiciMAD)","PBSC (publicbikesystem.net)","2026-08-28 00:23:09"
"2236","509 - Amposta - Arcos de Jalón",40.42218951,-3.61865045,43,7,15,"ES","Madrid (BiciMAD)","PBSC (publicbikesystem.net)","2026-08-28 00:23:09"
"2237","558 - Biblioteca Pública Mpal. Gloria Fuertes",40.461137,-3.593712,43,14,7,"ES","Madrid (BiciMAD)","PBSC (publicbikesystem.net)","2026-08-28 00:23:09"
"2238","561 - Plaza Nuestra Señora de Loreto",40.472048,-3.585751,43,3,17,"ES","Madrid (BiciMAD)","PBSC (publicbikesystem.net)","2026-08-28 00:23:09"
"2239","562 - Tomillar - Tintín y Milú",40.46267435,-3.58405573,47,14,12,"ES","Madrid (BiciMAD)","PBSC (publicbikesystem.net)","2026-08-28 00:23:09"
"2240","560 - Playa de Zarauz - Playa de la Caleta",40.4731404,-3.5906847,43,7,14,"ES","Madrid (BiciMAD)","PBSC (publicbikesystem.net)","2026-08-28 00:23:09"
"2241","568 - IFEMA A",40.4632802,-3.6178336,47,13,13,"ES","Madrid (BiciMAD)","PBSC (publicbikesystem.net)","2026-08-28 00:23:09"
"2243","405 - Paseo Alberto Palacios, 42",40.3449259916087,-3.71290396441804,43,22,0,"ES","Madrid (BiciMAD)","PBSC (publicbikesystem.net)","2026-08-28 00:23:09"
"2244","401 - Estación de tren de Villaverde Bajo",40.353285,-3.683127,47,9,17,"ES","Madrid (BiciMAD)","PBSC (publicbikesystem.net)","2026-08-28 00:23:09"
"2245","406 - La Nave de Madrid",40.3486,-3.6960817,43,20,2,"ES","Madrid (BiciMAD)","PBSC (publicbikesystem.net)","2026-08-28 00:23:09"
"2246","403 - Auñón, 16",40.3504944,-3.6775242,43,7,14,"ES","Madrid (BiciMAD)","PBSC (publicbikesystem.net)","2026-08-28 00:23:09"
"2247","280 - Ps de los Melancólicos - San Epifanio",40.401782,-3.718569,43,19,3,"ES","Madrid (BiciMAD)","PBSC (publicbikesystem.net)","2026-08-28 00:23:09"
"2248","367 - Metro San Francisco",40.373972,-3.73984,43,7,16,"ES","Madrid (BiciMAD)","PBSC (publicbikesystem.net)","2026-08-28 00:23:09"
"2249","325 - Ps. Jesuitas - Pza. Cerro Bermejo",40.4106918,-3.7305543,43,20,0,"ES","Madrid (BiciMAD)","PBSC (publicbikesystem.net)","2026-08-28 00:23:09"
"2250","578 - Sierra de Atapuerca - Viloria de Rioja",40.50292982,-3.67042488,43,4,19,"ES","Madrid (BiciMAD)","PBSC (publicbikesystem.net)","2026-08-28 00:23:09"
"2251","446 - C. Deportivo Mpal. Miguel Guillén Prim",40.373826,-3.6236297,43,17,2,"ES","Madrid (BiciMAD)","PBSC (publicbikesystem.net)","2026-08-28 00:23:09"
"2252","382 -Parque Eugenia de Montijo, 2",40.3783501,-3.7545822,44,0,21,"ES","Madrid (BiciMAD)","PBSC (publicbikesystem.net)","2026-08-28 00:23:09"
"2254","410 - Est. de tren de S. Cristóbal Industrial",40.3325463,-3.6992665,44,24,0,"ES","Madrid (BiciMAD)","PBSC (publicbikesystem.net)","2026-08-28 00:23:09"
"2255","319 - Valdesangil",40.4684218,-3.7166729,44,12,10,"ES","Madrid (BiciMAD)","PBSC (publicbikesystem.net)","2026-08-28 00:23:09"
"2256","579 - Maria Tubau - Isabel Colbrand",40.5139923068048,-3.67170358703356,44,3,20,"ES","Madrid (BiciMAD)","PBSC (publicbikesystem.net)","2026-08-28 00:23:09"
"2257","602 - Monasterio Sobrado - Monasterio Silos",40.5093225,-3.692837,44,0,24,"ES","Madrid (BiciMAD)","PBSC (publicbikesystem.net)","2026-08-28 00:23:09"
"2258","600 - Centro Deportivo Municipal La Masó",40.4825507,-3.7149566,44,3,20,"ES","Madrid (BiciMAD)","PBSC (publicbikesystem.net)","2026-08-28 00:23:09"
"2259","566 - Avenida de Logroño",40.4703472,-3.5815033,44,24,0,"ES","Madrid (BiciMAD)","PBSC (publicbikesystem.net)","2026-08-28 00:23:09"
"2260","565 - Metro Barajas",40.47563573,-3.5838869,44,14,10,"ES","Madrid (BiciMAD)","PBSC (publicbikesystem.net)","2026-08-28 00:23:09"
"2261","467 - Univ. Rey Juan Carlos - Facultad  CJS",40.4062361,-3.6084888,44,4,19,"ES","Madrid (BiciMAD)","PBSC (publicbikesystem.net)","2026-08-28 00:23:09"
"2262","469 - C. Deportivo Mpal Faustina Valladolid",40.40343,-3.62299,44,3,18,"ES","Madrid (BiciMAD)","PBSC (publicbikesystem.net)","2026-08-28 00:23:09"
"2263","470 - Avenida Real - Galeote",40.4021519,-3.6063672,38,0,18,"ES","Madrid (BiciMAD)","PBSC (publicbikesystem.net)","2026-08-28 00:23:09"
"2264","471 - Molino Viejo - Minerva",40.396301,-3.60666,38,16,0,"ES","Madrid (BiciMAD)","PBSC (publicbikesystem.net)","2026-08-28 00:23:09"
"2265","271 - Amaltea-Meneses",40.394706,-3.68317,44,9,14,"ES","Madrid (BiciMAD)","PBSC (publicbikesystem.net)","2026-08-28 00:23:09"
"2266","466 - Villablanca - Vereda del Pinar",40.40894698,-3.60783265,43,10,13,"ES","Madrid (BiciMAD)","PBSC (publicbikesystem.net)","2026-08-28 00:23:09"
"2267","275 - Juan Antonio Vallejo-Nájera Botas, 25",40.4020545,-3.7082123,43,9,12,"ES","Madrid (BiciMAD)","PBSC (publicbikesystem.net)","2026-08-28 00:23:09"
"2268","475 - Aurora Boreal - Minerva",40.399236,-3.603668,43,15,7,"ES","Madrid (BiciMAD)","PBSC (publicbikesystem.net)","2026-08-28 00:23:09"
"2269","274 - Estación Sur Méndez Álvaro A",40.3963687171145,-3.68085297689243,43,9,12,"ES","Madrid (BiciMAD)","PBSC (publicbikesystem.net)","2026-08-28 00:23:09"
"2270","605 - Nuria - Peña Sirio",40.491644,-3.704883,44,15,8,"ES","Madrid (BiciMAD)","PBSC (publicbikesystem.net)","2026-08-28 00:23:09"
"2271","522 - Metro Estadio Metropolitano",40.43333298,-3.60097542,44,15,7,"ES","Madrid (BiciMAD)","PBSC (publicbikesystem.net)","2026-08-28 00:23:09"
"2272","521 - Metro Las Rosas",40.423893,-3.6048181,44,3,19,"ES","Madrid (BiciMAD)","PBSC (publicbikesystem.net)","2026-08-28 00:23:09"
"2273","508 - Metro Canillejas",40.449095,-3.609553,44,20,1,"ES","Madrid (BiciMAD)","PBSC (publicbikesystem.net)","2026-08-28 00:23:09"
"2274","80A - Estación de Atocha A",40.407573,-3.690538,63,5,16,"ES","Madrid (BiciMAD)","PBSC (publicbikesystem.net)","2026-08-28 00:23:09"
"2275","80B - Estación de Atocha B",40.4075211,-3.6904748,27,2,21,"ES","Madrid (BiciMAD)","PBSC (publicbikesystem.net)","2026-08-28 00:23:09"
"2276","447 - Adolfo Bioy Casares - Las Suertes",40.3668504,-3.5981935,47,1,26,"ES","Madrid (BiciMAD)","PBSC (publicbikesystem.net)","2026-08-28 00:23:09"
"2278","412 - Estación de tren de Puente de Alcocer",40.3500291,-3.7043083,44,13,11,"ES","Madrid (BiciMAD)","PBSC (publicbikesystem.net)","2026-08-28 00:23:09"
"2279","415 - Diamante - Delmira Agustini",40.3532609,-3.6877534,44,13,9,"ES","Madrid (BiciMAD)","PBSC (publicbikesystem.net)","2026-08-28 00:23:09"
"2280","413 - Doctor Martín Arévalo",40.345928,-3.707413,44,21,1,"ES","Madrid (BiciMAD)","PBSC (publicbikesystem.net)","2026-08-28 00:23:09"
"2281","545 - Zapatoca, 8",40.47285235,-3.63335803,42,9,10,"ES","Madrid (BiciMAD)","PBSC (publicbikesystem.net)","2026-08-28 00:23:09"
"2282","567 - Plaza Mayor de Barajas",40.4733252,-3.5776537,44,11,12,"ES","Madrid (BiciMAD)","PBSC (publicbikesystem.net)","2026-08-28 00:23:09"
"2283","563 - Soto Hidalgo",40.4606465,-3.5820745,47,16,11,"ES","Madrid (BiciMAD)","PBSC (publicbikesystem.net)","2026-08-28 00:23:09"
"2285","281 - Reina Cristina - Julián Gayarre",40.4067247,-3.6831862,43,5,18,"ES","Madrid (BiciMAD)","PBSC (publicbikesystem.net)","2026-08-28 00:23:09"
"2286","609 - Metro Ronda de la Comunicación",40.5157202,-3.6626887,43,0,22,"ES","Madrid (BiciMAD)","PBSC (publicbikesystem.net)","2026-08-28 00:23:09"
"2287","408 - Metro San Cristóbal",40.341725,-3.692444,43,8,14,"ES","Madrid (BiciMAD)","PBSC (publicbikesystem.net)","2026-08-28 00:23:09"
"2288","409 - Eduardo Barreiros, 114",40.3553495,-3.7046436,43,1,19,"ES","Madrid (BiciMAD)","PBSC (publicbikesystem.net)","2026-08-28 00:23:09"
"2289","606 - Fermín Caballero - Sangenjo",40.487363,-3.698485,44,3,20,"ES","Madrid (BiciMAD)","PBSC (publicbikesystem.net)","2026-08-28 00:23:09"
"2290","349 - Huerta de Castañeda 26",40.4062209569823,-3.74201882097404,64,20,0,"ES","Madrid (BiciMAD)","PBSC (publicbikesystem.net)","2026-08-28 00:23:09"
"2291","544 - Gregorio Sánchez Herráez 14",40.477248,-3.63657,43,1,22,"ES","Madrid (BiciMAD)","PBSC (publicbikesystem.net)","2026-08-28 00:23:09"
"2292","551 - Oña",40.4891872,-3.6658565,43,3,20,"ES","Madrid (BiciMAD)","PBSC (publicbikesystem.net)","2026-08-28 00:23:09"
"2293","552 - Ana de Austria - Ignacio Aldecoa",40.4994394,-3.6531502,47,0,25,"ES","Madrid (BiciMAD)","PBSC (publicbikesystem.net)","2026-08-28 00:23:09"
"2294","542 - Intercambiador de Valdebebas",40.483962,-3.615709,43,18,4,"ES","Madrid (BiciMAD)","PBSC (publicbikesystem.net)","2026-08-28 00:23:09"
"2297","320 - Metro Lago",40.4167792,-3.7345247,49,2,7,"ES","Madrid (BiciMAD)","PBSC (publicbikesystem.net)","2026-08-28 00:23:09"
"2298","608 - Estella - Camino de Santiago",40.4968198,-3.6743568,43,17,4,"ES","Madrid (BiciMAD)","PBSC (publicbikesystem.net)","2026-08-28 00:23:09"
"2299","278 - Paseo los Pontones - Ps. Melancólicos",40.4040433,-3.7196,43,19,0,"ES","Madrid (BiciMAD)","PBSC (publicbikesystem.net)","2026-08-28 00:23:09"
"2300","289 - Luis de Salazar - Padre Claret",40.4474166,-3.6649258,43,3,20,"ES","Madrid (BiciMAD)","PBSC (publicbikesystem.net)","2026-08-28 00:23:09"
"2301","547 - Rafaela Aparicio - Maruja Mallo",40.4792396,-3.6312179,47,19,7,"ES","Madrid (BiciMAD)","PBSC (publicbikesystem.net)","2026-08-28 00:23:09"
"2302","402 - Berrocal, 9",40.344115,-3.67615,67,24,1,"ES","Madrid (BiciMAD)","PBSC (publicbikesystem.net)","2026-08-28 00:23:09"
"2303","543 - Tomas Redondo",40.4719768465257,-3.62942114202631,43,0,23,"ES","Madrid (BiciMAD)","PBSC (publicbikesystem.net)","2026-08-28 00:23:09"
"2304","277 - Virgen del Puerto",40.411622,-3.721178,165,14,1,"ES","Madrid (BiciMAD)","PBSC (publicbikesystem.net)","2026-08-28 00:23:09"
"2305","272 - Tejo - Parque La Ronda",40.39663,-3.679186,41,17,6,"ES","Madrid (BiciMAD)","PBSC (publicbikesystem.net)","2026-08-28 00:23:09"
"2306","282 - Parque Retiro - Puerta Reina Mercedes",40.4181327,-3.6787796,43,1,19,"ES","Madrid (BiciMAD)","PBSC (publicbikesystem.net)","2026-08-28 00:23:09"
"2307","1 - Metro Sol",40.416465,-3.7054098,43,0,23,"ES","Madrid (BiciMAD)","PBSC (publicbikesystem.net)","2026-08-28 00:23:09"
"2308","263 - Gran Vía de San Francisco",40.4083388081514,-3.71279328238458,43,9,14,"ES","Madrid (BiciMAD)","PBSC (publicbikesystem.net)","2026-08-28 00:23:09"
"2309","559 - Calle Babilonia, 19",40.4675299,-3.5882347,43,15,4,"ES","Madrid (BiciMAD)","PBSC (publicbikesystem.net)","2026-08-28 00:23:09"
"2311","581 - Metro Peñagrande",40.4764797,-3.7163093,44,18,6,"ES","Madrid (BiciMAD)","PBSC (publicbikesystem.net)","2026-08-28 00:23:09"
"2312","598 - Hospital Ramón y Cajal",40.4858012,-3.6923396,44,3,21,"ES","Madrid (BiciMAD)","PBSC (publicbikesystem.net)","2026-08-28 00:23:09"
"2313","341 - Escalona - Seseña",40.39834576,-3.76182259,47,4,22,"ES","Madrid (BiciMAD)","PBSC (publicbikesystem.net)","2026-08-28 00:23:09"
"2314","346 - Metro Empalme",40.3907438,-3.7664844,44,3,21,"ES","Madrid (BiciMAD)","PBSC (publicbikesystem.net)","2026-08-28 00:23:09"
"2315","347 - Est. tren Mtra Justa Freire-Poli Aluche",40.383554,-3.768603,44,0,23,"ES","Madrid (BiciMAD)","PBSC (publicbikesystem.net)","2026-08-28 00:23:09"
"2316","528 - Albelda - Torrelaguna",40.4494225,-3.6573666,44,7,15,"ES","Madrid (BiciMAD)","PBSC (publicbikesystem.net)","2026-08-28 00:23:09"
"2317","312 - Metro Batán",40.4077495,-3.7528559,47,0,22,"ES","Madrid (BiciMAD)","PBSC (publicbikesystem.net)","2026-08-28 00:23:09"
"2318","321 - Metro Casa de Campo",40.40316,-3.761051,47,1,23,"ES","Madrid (BiciMAD)","PBSC (publicbikesystem.net)","2026-08-28 00:23:09"
"2319","310 - Estación de tren de Aravaca",40.4490509,-3.7845536,43,21,0,"ES","Madrid (BiciMAD)","PBSC (publicbikesystem.net)","2026-08-28 00:23:09"
"2320","311 - C. Universitaria - F. Geografía e Histo",40.448553,-3.733574,87,12,15,"ES","Madrid (BiciMAD)","PBSC (publicbikesystem.net)","2026-08-28 00:23:09"
"2321","283 - Museo Nacional del Prado",40.4152082,-3.6919057,43,0,20,"ES","Madrid (BiciMAD)","PBSC (publicbikesystem.net)","2026-08-28 00:23:09"
"2322","564 - IFEMA B",40.463861,-3.613867,43,2,19,"ES","Madrid (BiciMAD)","PBSC (publicbikesystem.net)","2026-08-28 00:23:09"
"2323","468 - Caños de San Pedro - San Cipriano",40.403472,-3.601922,43,6,17,"ES","Madrid (BiciMAD)","PBSC (publicbikesystem.net)","2026-08-28 00:23:09"
"2324","465 - Cordel de Pavones - Bulevar José Prat",40.397375,-3.619645,44,0,21,"ES","Madrid (BiciMAD)","PBSC (publicbikesystem.net)","2026-08-28 00:23:09"
"2325","414 - Metro Villaverde Bajo-Cruce",40.350985,-3.692163,44,2,21,"ES","Madrid (BiciMAD)","PBSC (publicbikesystem.net)","2026-08-28 00:23:09"
"2326","380 - Oca",40.3894333,-3.7335492,44,11,13,"ES","Madrid (BiciMAD)","PBSC (publicbikesystem.net)","2026-08-28 00:23:09"
"2327","411 - Estación de tren de Villaverde Alto",40.3417533,-3.7118183,38,1,16,"ES","Madrid (BiciMAD)","PBSC (publicbikesystem.net)","2026-08-28 00:23:09"
"2328","354 - Jacinto Verdaguer - Lola de Membrives",40.3959385470434,-3.71605261162628,64,23,1,"ES","Madrid (BiciMAD)","PBSC (publicbikesystem.net)","2026-08-28 00:23:09"
"2329","318 - C. Deportivo Mpal. José María Cagigal",40.4320513100727,-3.73702764736022,44,6,18,"ES","Madrid (BiciMAD)","PBSC (publicbikesystem.net)","2026-08-28 00:23:09"
"2330","549 - Francisco Pi y Maragall",40.4866354,-3.6503544,39,13,5,"ES","Madrid (BiciMAD)","PBSC (publicbikesystem.net)","2026-08-28 00:23:09"
"2331","279 - Paseo de los Melancólicos, 1",40.4104448,-3.7184816,43,11,12,"ES","Madrid (BiciMAD)","PBSC (publicbikesystem.net)","2026-08-28 00:23:09"
"2332","407 - Carmen de Burgos, 4",40.3575459,-3.6847883,43,19,1,"ES","Madrid (BiciMAD)","PBSC (publicbikesystem.net)","2026-08-28 00:23:09"
"2333","276 - Paseo de las Yeserías, 15",40.39900539,-3.7099166,43,13,7,"ES","Madrid (BiciMAD)","PBSC (publicbikesystem.net)","2026-08-28 00:23:09"
"2334","340 - Illescas - Seseña",40.3970983,-3.7656976,47,4,22,"ES","Madrid (BiciMAD)","PBSC (publicbikesystem.net)","2026-08-28 00:23:09"
"2335","342 - Osa de la Vega - Rafael Finat",40.374979,-3.773381,43,6,16,"ES","Madrid (BiciMAD)","PBSC (publicbikesystem.net)","2026-08-28 00:23:09"
"2337","381 - Alfredo Aleix - Mercedes Rodríguez",40.3684767,-3.7553916,44,6,17,"ES","Madrid (BiciMAD)","PBSC (publicbikesystem.net)","2026-08-28 00:23:09"
"2339","444 - Valderrebollo, 18",40.3743481,-3.6276352,43,18,0,"ES","Madrid (BiciMAD)","PBSC (publicbikesystem.net)","2026-08-28 00:23:09"
"2340","448 - Metro Las Suertes",40.363376,-3.599352,47,4,23,"ES","Madrid (BiciMAD)","PBSC (publicbikesystem.net)","2026-08-28 00:23:09"
"2341","472 - Metro Valdebernardo",40.3987974,-3.6211485,47,0,25,"ES","Madrid (BiciMAD)","PBSC (publicbikesystem.net)","2026-08-28 00:23:09"
"2342","473 - Villablanca - Parque Forestal Vicálvaro",40.40500033,-3.59888007,47,10,15,"ES","Madrid (BiciMAD)","PBSC (publicbikesystem.net)","2026-08-28 00:23:09"
"2343","474 - Estación de tren de Vicálvaro",40.402255,-3.596875,47,2,21,"ES","Madrid (BiciMAD)","PBSC (publicbikesystem.net)","2026-08-28 00:23:09"
"2347","541 - Metro Pinar del Rey",40.4682706,-3.6468591,43,0,21,"ES","Madrid (BiciMAD)","PBSC (publicbikesystem.net)","2026-08-28 00:23:09"
"2348","546 - Andorra - Canillas",40.4628976,-3.6467519,43,1,22,"ES","Madrid (BiciMAD)","PBSC (publicbikesystem.net)","2026-08-28 00:23:09"
"2349","550 - Príncipe Carlos, 54",40.4941108,-3.656674,43,2,21,"ES","Madrid (BiciMAD)","PBSC (publicbikesystem.net)","2026-08-28 00:23:09"
"2350","553 - María Portugal - Niceto Alcalá Zamora",40.499909,-3.658921,43,2,21,"ES","Madrid (BiciMAD)","PBSC (publicbikesystem.net)","2026-08-28 00:23:09"
"2351","601 - Estación de tren de Fuencarral",40.5015588,-3.6824687,44,16,5,"ES","Madrid (BiciMAD)","PBSC (publicbikesystem.net)","2026-08-28 00:23:09"
"2352","603 - Castiello de Jaca, 14",40.5091982,-3.6782027,43,0,20,"ES","Madrid (BiciMAD)","PBSC (publicbikesystem.net)","2026-08-28 00:23:09"
"2359","607 - Metro Ligero - Palas de Rey",40.5051915,-3.6641571,47,6,20,"ES","Madrid (BiciMAD)","PBSC (publicbikesystem.net)","2026-08-28 00:23:09"
"2360","610 - Bardegueral",40.4501721,-3.7719097,44,10,14,"ES","Madrid (BiciMAD)","PBSC (publicbikesystem.net)","2026-08-28 00:23:09"
"2362","237 - Acueducto de Amaniel",40.4516819,-3.7102736,44,7,17,"ES","Madrid (BiciMAD)","PBSC (publicbikesystem.net)","2026-08-28 00:23:09"
"2365","262 - María de las Mercedes de Borbón B",40.4928683,-3.620114,43,19,2,"ES","Madrid (BiciMAD)","PBSC (publicbikesystem.net)","2026-08-28 00:23:09"
"2366","611 - María de las Mercedes de Borbón A",40.4909082979967,-3.61210685312155,43,11,11,"ES","Madrid (BiciMAD)","PBSC (publicbikesystem.net)","2026-08-28 00:23:09"
"2368","176 - Plaza de la Beata María Ana de Jesús",40.3941856,-3.6939412,53,21,0,"ES","Madrid (BiciMAD)","PBSC (publicbikesystem.net)","2026-08-28 00:23:09"
"2378","630 - Calle de Febrero 4",40.446868,-3.573031,43,22,1,"ES","Madrid (BiciMAD)","PBSC (publicbikesystem.net)","2026-08-28 00:23:09"
"2379","629 - Avda de Fermina Sevillano 23",40.44477,-3.568829,43,17,4,"ES","Madrid (BiciMAD)","PBSC (publicbikesystem.net)","2026-08-28 00:23:09"
"2380","620 - Calle Cazorla 79",40.376297,-3.665886,43,21,0,"ES","Madrid (BiciMAD)","PBSC (publicbikesystem.net)","2026-08-28 00:23:09"
"2381","621 - Calle Montiel 27",40.381382,-3.672609,63,22,0,"ES","Madrid (BiciMAD)","PBSC (publicbikesystem.net)","2026-08-28 00:23:09"
"2382","622 - Calle Sierra de Albarracin 2",40.386022,-3.671961,43,17,1,"ES","Madrid (BiciMAD)","PBSC (publicbikesystem.net)","2026-08-28 00:23:09"
"2383","617 - Calle Eduardo Barreiros",40.358866,-3.70238,43,14,8,"ES","Madrid (BiciMAD)","PBSC (publicbikesystem.net)","2026-08-28 00:23:09"
"2384","626 - Avenida Victoria Kent 9",40.401326,-3.564012,43,13,10,"ES","Madrid (BiciMAD)","PBSC (publicbikesystem.net)","2026-08-28 00:23:09"
"2385","627 - Alcalde Andrés Madrid Dávila 92",40.398303,-3.548534,43,19,4,"ES","Madrid (BiciMAD)","PBSC (publicbikesystem.net)","2026-08-28 00:23:09"
"2386","624  - Avenida Blas de Lezo 33",40.407067,-3.553002,43,8,12,"ES","Madrid (BiciMAD)","PBSC (publicbikesystem.net)","2026-08-28 00:23:09"
"2387","625 - Avenida de Miguel Delibes 49",40.405505,-3.560344,43,12,6,"ES","Madrid (BiciMAD)","PBSC (publicbikesystem.net)","2026-08-28 00:23:09"
"2388","612 - Calle Rosalia de Castro 1",40.480258,-3.734639,43,23,0,"ES","Madrid (BiciMAD)","PBSC (publicbikesystem.net)","2026-08-28 00:23:09"
"2389","613 - Facultad de informática",40.453109,-3.734813,44,1,20,"ES","Madrid (BiciMAD)","PBSC (publicbikesystem.net)","2026-08-28 00:23:09"
"2390","615 - Avenida Juan de Andrés 21",40.468732,-3.722789,43,19,3,"ES","Madrid (BiciMAD)","PBSC (publicbikesystem.net)","2026-08-28 00:23:09"
"2391","616 - Alcalde Martín de Alzaga",40.462899,-3.717195,43,22,0,"ES","Madrid (BiciMAD)","PBSC (publicbikesystem.net)","2026-08-28 00:23:09"
"2392","628  - Calle Arcaute 13",40.44358,-3.576652,43,12,9,"ES","Madrid (BiciMAD)","PBSC (publicbikesystem.net)","2026-08-28 00:23:09"
"2394","619 - Cooperativa Electrica 13",40.374387,-3.659633,43,17,3,"ES","Madrid (BiciMAD)","PBSC (publicbikesystem.net)","2026-08-28 00:23:09"
"2395","623  -  Ronda del Sur, esq Santa Rafaela",40.37773,-3.673105,53,15,4,"ES","Madrid (BiciMAD)","PBSC (publicbikesystem.net)","2026-08-28 00:23:09"
"2396","614 - Biblioteca central de la UNED",40.436106,-3.734767,83,13,10,"ES","Madrid (BiciMAD)","PBSC (publicbikesystem.net)","2026-08-28 00:23:09"
"2397","618 - Calle Paterna 55",40.340613,-3.68482,39,10,8,"ES","Madrid (BiciMAD)","PBSC (publicbikesystem.net)","2026-08-28 00:23:09"
"2399","632 - Avda. Campus Sur, 11",40.3866809097235,-3.63042982548422,43,6,17,"ES","Madrid (BiciMAD)","PBSC (publicbikesystem.net)","2026-08-28 00:23:09"
"2400","631 -  CAMPUS SUR 2",40.3834079244238,-3.6248116208401,39,1,18,"ES","Madrid (BiciMAD)","PBSC (publicbikesystem.net)","2026-08-28 00:23:09"
"2403","22 - Jacometrezo 3",40.420172,-3.706494,32,0,11,"ES","Madrid (BiciMAD)","PBSC (publicbikesystem.net)","2026-08-28 00:23:09"
"2406","633 - HUB Plaza de España 360 (Planta -1)",40.4236942174411,-3.71171692634212,32,0,12,"ES","Madrid (BiciMAD)","PBSC (publicbikesystem.net)","2026-08-28 00:23:09"
"2410","634 - Centro Operaciones EMT Entrevías",40.3730450282904,-3.67697630047139,73,4,17,"ES","Madrid (BiciMAD)","PBSC (publicbikesystem.net)","2026-08-28 00:23:09"
"2412","676 - Arroyo del Cañaveral 60",40.399057,-3.558615,43,10,13,"ES","Madrid (BiciMAD)","PBSC (publicbikesystem.net)","2026-08-28 00:23:09"
"2413","635 -  SAN JUAN DE LA CRUZ",40.4302831260666,-3.81349655948934,47,14,13,"ES","Madrid (BiciMAD)","PBSC (publicbikesystem.net)","2026-08-28 00:23:09"
"2414","636 -  POZUELO ESTACIÓN",40.4469360421979,-3.79956285088614,44,4,17,"ES","Madrid (BiciMAD)","PBSC (publicbikesystem.net)","2026-08-28 00:23:09"
"2415","637 - SATURNO",40.4413193007625,-3.79480680550714,44,7,16,"ES","Madrid (BiciMAD)","PBSC (publicbikesystem.net)","2026-08-28 00:23:09"
"2416","638 -  POLIDEPORTIVO CARLOS RUIZ",40.4505086158489,-3.79427342619634,43,13,9,"ES","Madrid (BiciMAD)","PBSC (publicbikesystem.net)","2026-08-28 00:23:09"
"2417","639 - MADROÑO DEL PAULAR",40.454842720036,-3.80652206493524,47,23,4,"ES","Madrid (BiciMAD)","PBSC (publicbikesystem.net)","2026-08-28 00:23:09"
"2418","641 -  POLIDEPORTIVO EL TORREÓN",40.445077,-3.811594,44,15,8,"ES","Madrid (BiciMAD)","PBSC (publicbikesystem.net)","2026-08-28 00:23:09"
"2419","642 -  POLIDEPORTIVO EL PRADILLO",40.4399652684429,-3.81534229418766,39,7,7,"ES","Madrid (BiciMAD)","PBSC (publicbikesystem.net)","2026-08-28 00:23:09"
"2420","643 -  PLAZA MERCEDES LLORENTE",40.4348533545932,-3.81353890524788,35,13,1,"ES","Madrid (BiciMAD)","PBSC (publicbikesystem.net)","2026-08-28 00:23:09"
"2421","644 - BIBLIOTECA ESIC",40.4360901534939,-3.79951803329287,43,10,12,"ES","Madrid (BiciMAD)","PBSC (publicbikesystem.net)","2026-08-28 00:23:09"
"2422","645 -  C.C. VOLTURNO",40.4077218036475,-3.79691466339393,44,20,2,"ES","Madrid (BiciMAD)","PBSC (publicbikesystem.net)","2026-08-28 00:23:09"
"2423","646 -  C.C. ZIELO",40.4423072926203,-3.78450794264679,43,18,4,"ES","Madrid (BiciMAD)","PBSC (publicbikesystem.net)","2026-08-28 00:23:09"
"2424","647 -POLIDEPORTIVO VALLE DE LAS CAÑAS",40.4223272973641,-3.81639612684403,44,9,14,"ES","Madrid (BiciMAD)","PBSC (publicbikesystem.net)","2026-08-28 00:23:09"
"2425","648 - CIUDAD DEL CINE",40.3972045239273,-3.78430788087256,43,10,12,"ES","Madrid (BiciMAD)","PBSC (publicbikesystem.net)","2026-08-28 00:23:09"
"2426","649 - JOSÉ ISBERT",40.3947641621364,-3.79650764953701,50,8,19,"ES","Madrid (BiciMAD)","PBSC (publicbikesystem.net)","2026-08-28 00:23:09"
"2427","652 -  PLAZA DE LA CONSTITUCIÓN",40.4490013333576,-3.80685130060474,43,18,3,"ES","Madrid (BiciMAD)","PBSC (publicbikesystem.net)","2026-08-28 00:23:09"
"2428","653 -  MINGO Y VELASCO",40.4436925333683,-3.80150509957377,38,18,0,"ES","Madrid (BiciMAD)","PBSC (publicbikesystem.net)","2026-08-28 00:23:09"
"2429","654 - BERNA",40.4446219354433,-3.79078427304981,43,2,17,"ES","Madrid (BiciMAD)","PBSC (publicbikesystem.net)","2026-08-28 00:23:09"
"2430","655 -  LUIS GARCÍA CERECEDA",40.4058285251282,-3.79846763320072,43,3,20,"ES","Madrid (BiciMAD)","PBSC (publicbikesystem.net)","2026-08-28 00:23:09"
"2431","657 -  PEÑALARA",40.4583947529732,-3.80152124218262,44,19,5,"ES","Madrid (BiciMAD)","PBSC (publicbikesystem.net)","2026-08-28 00:23:09"
"2432","658 - ISAAC ALBÉNIZ",40.455288354773,-3.811672030196,47,27,0,"ES","Madrid (BiciMAD)","PBSC (publicbikesystem.net)","2026-08-28 00:23:09"
"2433","659 -  HÚMERA",40.4290061267663,-3.78665081697337,35,8,7,"ES","Madrid (BiciMAD)","PBSC (publicbikesystem.net)","2026-08-28 00:23:09"
"2434","661 -  COMUNIDAD DE MADRID",40.4384076130412,-3.79354817840553,39,3,16,"ES","Madrid (BiciMAD)","PBSC (publicbikesystem.net)","2026-08-28 00:23:09"
"2435","663 - EMISORA",40.4394776284491,-3.80188771871155,32,3,7,"ES","Madrid (BiciMAD)","PBSC (publicbikesystem.net)","2026-08-28 00:23:09"
"2436","664 - VÍA DOS CASTILLAS",40.4324246080143,-3.80222282822254,47,9,12,"ES","Madrid (BiciMAD)","PBSC (publicbikesystem.net)","2026-08-28 00:23:09"
"2437","640 -  REYES CATÓLICOS",40.4498085211967,-3.79952790753898,44,10,14,"ES","Madrid (BiciMAD)","PBSC (publicbikesystem.net)","2026-08-28 00:23:09"
"2438","650 -  UNIVERSIDAD COMPLUTENSE",40.4319278658704,-3.79491704809424,39,5,14,"ES","Madrid (BiciMAD)","PBSC (publicbikesystem.net)","2026-08-28 00:23:09"
"2439","651 -  HOSPITAL QUIRÓN",40.4033109512451,-3.78512954772127,44,6,18,"ES","Madrid (BiciMAD)","PBSC (publicbikesystem.net)","2026-08-28 00:23:09"
"2440","656 -  POZUELO OESTE",40.422117515164,-3.80509859414654,38,16,2,"ES","Madrid (BiciMAD)","PBSC (publicbikesystem.net)","2026-08-28 00:23:09"
"2441","660 -  LA FINCA",40.4076866008339,-3.81063129328755,47,15,11,"ES","Madrid (BiciMAD)","PBSC (publicbikesystem.net)","2026-08-28 00:23:09"
"2442","662 -  CASA DE CAMPO",40.4112653813703,-3.78382876941872,39,12,1,"ES","Madrid (BiciMAD)","PBSC (publicbikesystem.net)","2026-08-28 00:23:09"
"2444","66 - Ronda de las flores",40.449332,-3.76433,43,15,8,"ES","Madrid (BiciMAD)","PBSC (publicbikesystem.net)","2026-08-28 00:23:09"
"2445","669 - Osa Mayor - Regulo",40.459477,-3.779448,43,16,5,"ES","Madrid (BiciMAD)","PBSC (publicbikesystem.net)","2026-08-28 00:23:09"
"2446","668 - Luz Casanova",40.460069,-3.791901,31,8,2,"ES","Madrid (BiciMAD)","PBSC (publicbikesystem.net)","2026-08-28 00:23:09"
"2447","665 - Osa Mayor – Concepción Llorente",40.455111,-3.793599,43,10,13,"ES","Madrid (BiciMAD)","PBSC (publicbikesystem.net)","2026-08-28 00:23:09"
"2448","667 - Hospital Universitario  Madrid Aravaca",40.465854,-3.783251,39,15,4,"ES","Madrid (BiciMAD)","PBSC (publicbikesystem.net)","2026-08-28 00:23:09"
"2449","677 - Provisional Gran Vía de Vicálvaro",40.397393,-3.555573,43,1,22,"ES","Madrid (BiciMAD)","PBSC (publicbikesystem.net)","2026-08-28 00:23:09"
"2450","681 - Luis Martínez Feduchi",40.500008,-3.642216,43,4,17,"ES","Madrid (BiciMAD)","PBSC (publicbikesystem.net)","2026-08-28 00:23:09"
"2451","683 - Los Arces",40.453402,-3.622636,43,8,14,"ES","Madrid (BiciMAD)","PBSC (publicbikesystem.net)","2026-08-28 00:23:09"
"2452","671 - Centro Deportivo  Alfredo Goyeneche",40.451829,-3.782398,23,0,23,"ES","Madrid (BiciMAD)","PBSC (publicbikesystem.net)","2026-08-28 00:23:09"
"2453","670 - Glorieta Pepe Domingo Castaño",40.467685,-3.794898,44,9,15,"ES","Madrid (BiciMAD)","PBSC (publicbikesystem.net)","2026-08-28 00:23:09"
"2460","682 - Centro operaciones EMT SANCHINARRO",40.48423,-3.64958,43,3,19,"ES","Madrid (BiciMAD)","PBSC (publicbikesystem.net)","2026-08-28 00:23:09"
"2461","672 - Estación de tren El Barrial-Pozuelo",40.464908,-3.807764,39,4,15,"ES","Madrid (BiciMAD)","PBSC (publicbikesystem.net)","2026-08-28 00:23:09"
"2462","674 -Instalación deportiva Victoria Hernández",40.360951,-3.686373,43,10,13,"ES","Madrid (BiciMAD)","PBSC (publicbikesystem.net)","2026-08-28 00:23:09"
"2463","675 - SANTA ESCOLÁSTICA",40.361799,-3.697931,43,6,15,"ES","Madrid (BiciMAD)","PBSC (publicbikesystem.net)","2026-08-28 00:23:09"
"2464","679 - Metro Hortaleza",40.474821,-3.652566,43,7,16,"ES","Madrid (BiciMAD)","PBSC (publicbikesystem.net)","2026-08-28 00:23:09"
"2465","673 - Estación de tren Villaverde Bajo",40.35283,-3.68485,40,8,11,"ES","Madrid (BiciMAD)","PBSC (publicbikesystem.net)","2026-08-28 00:23:09"
"2466","678 - Centro Deportivo Municipal El Barco",40.462631,-3.587829,43,6,17,"ES","Madrid (BiciMAD)","PBSC (publicbikesystem.net)","2026-08-28 00:23:09"
"2467","680 - Princesa de Éboli",40.490507,-3.654918,43,5,16,"ES","Madrid (BiciMAD)","PBSC (publicbikesystem.net)","2026-08-28 00:23:09"
"2474","Estación Virtual Centro Municipal Mistral",40.472924,-3.597272,30,0,0,"ES","Madrid (BiciMAD)","PBSC (publicbikesystem.net)","2026-08-28 00:23:09"
